2021-06-22T16:12:42.030+09:00,User,IdeState,Inactive,,,,,-1,-1,
2021-06-22T16:12:43.941+09:00,User,IdeState,NoProject,,,,,-1,-1,
2021-06-22T16:12:44.957+09:00,User,IdeState,NoProject,,,,,-1,-1,
2021-06-22T16:12:46.932+09:00,User,IdeState,Active,helloworld,Popup,,,-1,-1,Default task
2021-06-22T16:12:48.367+09:00,User,IdeState,Active,helloworld,Popup,C:/Users/User/CLionProjects/helloworld/CMakeLists.txt,,0,0,Default task
2021-06-22T16:12:50.662+09:00,User,IdeState,Active,helloworld,Editor,C:/Users/User/CLionProjects/helloworld/main.cpp,,11,0,Default task
2021-06-22T16:12:52.075+09:00,User,IdeState,Active,helloworld,Editor,C:/Users/User/CLionProjects/helloworld/main.cpp,,11,0,Default task
2021-06-22T16:12:53.296+09:00,User,IdeState,Active,helloworld,Editor,C:/Users/User/CLionProjects/helloworld/main.cpp,,11,0,Default task
2021-06-22T16:12:54.313+09:00,User,IdeState,Active,helloworld,Editor,C:/Users/User/CLionProjects/helloworld/main.cpp,,11,0,Default task
2021-06-22T16:12:55.318+09:00,User,IdeState,Active,helloworld,Editor,C:/Users/User/CLionProjects/helloworld/main.cpp,,11,0,Default task
2021-06-22T16:12:56.324+09:00,User,IdeState,Active,helloworld,Editor,C:/Users/User/CLionProjects/helloworld/main.cpp,,11,0,Default task
2021-06-22T16:12:57.726+09:00,User,IdeState,Active,helloworld,Dialog,C:/Users/User/CLionProjects/helloworld/main.cpp,,11,0,Default task
2021-06-22T16:12:58.734+09:00,User,IdeState,Active,helloworld,Dialog,C:/Users/User/CLionProjects/helloworld/main.cpp,,11,0,Default task
2021-06-22T16:12:59.772+09:00,User,IdeState,Active,helloworld,Dialog,C:/Users/User/CLionProjects/helloworld/main.cpp,,11,0,Default task
2021-06-22T16:13:00.863+09:00,User,IdeState,Inactive,,,,,-1,-1,
2021-06-22T16:13:01.874+09:00,User,IdeState,Inactive,,,,,-1,-1,
2021-06-22T16:13:02.890+09:00,User,IdeState,Inactive,,,,,-1,-1,
2021-06-22T16:13:03.929+09:00,User,IdeState,Inactive,,,,,-1,-1,
2021-06-22T16:13:05.019+09:00,User,IdeState,Inactive,,,,,-1,-1,
2021-06-22T16:13:06.024+09:00,User,IdeState,Active,helloworld,Editor,C:/Users/User/CLionProjects/helloworld/main.cpp,,11,0,Default task
2021-06-22T16:13:07.084+09:00,User,IdeState,Active,helloworld,Editor,C:/Users/User/CLionProjects/helloworld/main.cpp,,11,0,Default task
2021-06-22T16:13:08.117+09:00,User,IdeState,Active,helloworld,Editor,C:/Users/User/CLionProjects/helloworld/main.cpp,,11,0,Default task
2021-06-22T16:13:09.120+09:00,User,IdeState,Inactive,,,,,-1,-1,
2021-06-22T16:13:10.127+09:00,User,IdeState,Inactive,,,,,-1,-1,
2021-06-22T16:13:11.142+09:00,User,IdeState,Inactive,,,,,-1,-1,
2021-06-22T16:13:12.154+09:00,User,IdeState,Active,helloworld,Editor,C:/Users/User/CLionProjects/helloworld/main.cpp,,11,0,Default task
2021-06-22T16:13:13.159+09:00,User,IdeState,Active,helloworld,Editor,C:/Users/User/CLionProjects/helloworld/main.cpp,,11,0,Default task
2021-06-22T16:13:14.163+09:00,User,IdeState,Inactive,,,,,-1,-1,
2021-06-22T16:13:15.168+09:00,User,IdeState,Inactive,,,,,-1,-1,
2021-06-22T16:13:16.172+09:00,User,IdeState,Inactive,,,,,-1,-1,
2021-06-22T16:13:17.184+09:00,User,IdeState,Inactive,,,,,-1,-1,
2021-06-22T16:13:18.197+09:00,User,IdeState,Inactive,,,,,-1,-1,
2021-06-22T16:13:19.223+09:00,User,IdeState,Active,helloworld,Editor,C:/Users/User/CLionProjects/helloworld/main.cpp,,11,0,Default task
2021-06-22T16:13:20.230+09:00,User,IdeState,Active,helloworld,Editor,C:/Users/User/CLionProjects/helloworld/main.cpp,,11,0,Default task
2021-06-22T16:13:21.234+09:00,User,IdeState,Active,helloworld,Editor,C:/Users/User/CLionProjects/helloworld/main.cpp,,11,0,Default task
2021-06-22T16:13:22.248+09:00,User,IdeState,Active,helloworld,Editor,C:/Users/User/CLionProjects/helloworld/main.cpp,,11,0,Default task
2021-06-22T16:13:23.249+09:00,User,IdeState,Active,helloworld,Popup,C:/Users/User/CLionProjects/helloworld/main.cpp,,11,0,Default task
2021-06-22T16:13:24.263+09:00,User,IdeState,Active,helloworld,Editor,C:/Users/User/CLionProjects/helloworld/main.cpp,,11,0,Default task
2021-06-22T16:13:25.264+09:00,User,IdeState,Active,helloworld,Editor,C:/Users/User/CLionProjects/helloworld/main.cpp,,11,0,Default task
2021-06-22T16:13:26.271+09:00,User,IdeState,Active,helloworld,Popup,C:/Users/User/CLionProjects/helloworld/main.cpp,,11,0,Default task
2021-06-22T16:13:27.277+09:00,User,IdeState,Active,helloworld,Editor,C:/Users/User/CLionProjects/helloworld/main.cpp,,14,0,Default task
2021-06-22T16:13:28.281+09:00,User,IdeState,Active,helloworld,Editor,C:/Users/User/CLionProjects/helloworld/main.cpp,,14,0,Default task
2021-06-22T16:13:29.287+09:00,User,IdeState,Active,helloworld,Popup,C:/Users/User/CLionProjects/helloworld/main.cpp,,14,0,Default task
2021-06-22T16:13:30.288+09:00,User,IdeState,Active,helloworld,Editor,C:/Users/User/CLionProjects/helloworld/main.cpp,,14,0,Default task
2021-06-22T16:13:31.304+09:00,User,IdeState,Active,helloworld,Editor,C:/Users/User/CLionProjects/helloworld/main.cpp,,14,0,Default task
2021-06-22T16:13:32.305+09:00,User,IdeState,Inactive,,,,,-1,-1,
2021-06-22T16:13:33.307+09:00,User,IdeState,Inactive,,,,,-1,-1,
2021-06-22T16:13:34.310+09:00,User,IdeState,Inactive,,,,,-1,-1,
2021-06-22T16:13:35.319+09:00,User,IdeState,Inactive,,,,,-1,-1,
2021-06-22T16:13:36.327+09:00,User,IdeState,Inactive,,,,,-1,-1,
2021-06-22T16:13:37.342+09:00,User,IdeState,Inactive,,,,,-1,-1,
2021-06-22T16:13:38.355+09:00,User,IdeState,Active,helloworld,Popup,C:/Users/User/CLionProjects/helloworld/main.cpp,,14,0,Default task
2021-06-22T16:13:39.362+09:00,User,IdeState,Active,helloworld,Popup,C:/Users/User/CLionProjects/helloworld/main.cpp,,14,0,Default task
2021-06-22T16:13:40.370+09:00,User,IdeState,Active,helloworld,Popup,C:/Users/User/CLionProjects/helloworld/main.cpp,,14,0,Default task
2021-06-22T16:13:41.374+09:00,User,IdeState,Active,helloworld,Popup,C:/Users/User/CLionProjects/helloworld/main.cpp,,14,0,Default task
2021-06-22T16:13:42.387+09:00,User,IdeState,Inactive,,,,,-1,-1,
2021-06-22T16:13:43.401+09:00,User,IdeState,Inactive,,,,,-1,-1,
2021-06-22T16:13:44.406+09:00,User,IdeState,Inactive,,,,,-1,-1,
2021-06-22T16:13:45.414+09:00,User,IdeState,Inactive,,,,,-1,-1,
2021-06-22T16:13:46.421+09:00,User,IdeState,Inactive,,,,,-1,-1,
2021-06-22T16:13:47.432+09:00,User,IdeState,Inactive,,,,,-1,-1,
2021-06-22T16:13:48.439+09:00,User,IdeState,Inactive,,,,,-1,-1,
2021-06-22T16:13:49.444+09:00,User,IdeState,Inactive,,,,,-1,-1,
2021-06-22T16:13:50.445+09:00,User,IdeState,Inactive,,,,,-1,-1,
2021-06-22T16:13:51.454+09:00,User,IdeState,Inactive,,,,,-1,-1,
2021-06-22T16:13:52.461+09:00,User,IdeState,Inactive,,,,,-1,-1,
2021-06-22T16:13:53.471+09:00,User,IdeState,Inactive,,,,,-1,-1,
2021-06-22T16:13:54.478+09:00,User,IdeState,Inactive,,,,,-1,-1,
2021-06-22T16:13:55.483+09:00,User,IdeState,Inactive,,,,,-1,-1,
2021-06-22T16:13:56.487+09:00,User,IdeState,Inactive,,,,,-1,-1,
2021-06-22T16:13:57.495+09:00,User,IdeState,Inactive,,,,,-1,-1,
2021-06-22T16:13:58.499+09:00,User,IdeState,Inactive,,,,,-1,-1,
2021-06-22T16:13:59.512+09:00,User,IdeState,Inactive,,,,,-1,-1,
2021-06-22T16:14:00.514+09:00,User,IdeState,Inactive,,,,,-1,-1,
2021-06-22T16:14:01.517+09:00,User,IdeState,Inactive,,,,,-1,-1,
2021-06-22T16:14:02.526+09:00,User,IdeState,Inactive,,,,,-1,-1,
2021-06-22T16:14:03.526+09:00,User,IdeState,Inactive,,,,,-1,-1,
2021-06-22T16:14:04.536+09:00,User,IdeState,Inactive,,,,,-1,-1,
2021-06-22T16:14:05.539+09:00,User,IdeState,Inactive,,,,,-1,-1,
2021-06-22T16:14:06.546+09:00,User,IdeState,Inactive,,,,,-1,-1,
2021-06-22T16:14:07.551+09:00,User,IdeState,Inactive,,,,,-1,-1,
2021-06-22T16:14:08.557+09:00,User,IdeState,Inactive,,,,,-1,-1,
2021-06-22T16:14:09.558+09:00,User,IdeState,Inactive,,,,,-1,-1,
2021-06-22T16:14:10.559+09:00,User,IdeState,Inactive,,,,,-1,-1,
2021-06-22T16:14:11.567+09:00,User,IdeState,Inactive,,,,,-1,-1,
2021-06-22T16:14:12.581+09:00,User,IdeState,Inactive,,,,,-1,-1,
2021-06-22T16:14:13.585+09:00,User,IdeState,Inactive,,,,,-1,-1,
2021-06-22T16:14:14.591+09:00,User,IdeState,Inactive,,,,,-1,-1,
2021-06-22T16:14:15.595+09:00,User,IdeState,Inactive,,,,,-1,-1,
2021-06-22T16:14:16.597+09:00,User,IdeState,Inactive,,,,,-1,-1,
2021-06-22T16:14:17.606+09:00,User,IdeState,Inactive,,,,,-1,-1,
2021-06-22T16:14:18.613+09:00,User,IdeState,Inactive,,,,,-1,-1,
2021-06-22T16:14:19.616+09:00,User,IdeState,Inactive,,,,,-1,-1,
2021-06-22T16:14:20.619+09:00,User,IdeState,Inactive,,,,,-1,-1,
2021-06-22T16:14:21.633+09:00,User,IdeState,Active,helloworld,Editor,C:/Users/User/CLionProjects/helloworld/main.cpp,,14,0,Default task
2021-06-22T16:14:22.637+09:00,User,IdeState,Inactive,,,,,-1,-1,
2021-06-22T16:14:23.663+09:00,User,IdeState,Inactive,,,,,-1,-1,
2021-06-22T16:14:24.676+09:00,User,IdeState,Inactive,,,,,-1,-1,
2021-06-22T16:14:25.681+09:00,User,IdeState,Inactive,,,,,-1,-1,
2021-06-22T16:14:26.682+09:00,User,IdeState,Inactive,,,,,-1,-1,
2021-06-22T16:14:27.687+09:00,User,IdeState,Inactive,,,,,-1,-1,
2021-06-22T16:14:28.695+09:00,User,IdeState,Inactive,,,,,-1,-1,
2021-06-22T16:14:29.697+09:00,User,IdeState,Inactive,,,,,-1,-1,
2021-06-22T16:14:30.701+09:00,User,IdeState,Inactive,,,,,-1,-1,
2021-06-22T16:14:31.705+09:00,User,IdeState,Inactive,,,,,-1,-1,
2021-06-22T16:14:32.709+09:00,User,IdeState,Inactive,,,,,-1,-1,
2021-06-22T16:14:33.713+09:00,User,IdeState,Inactive,,,,,-1,-1,
2021-06-22T16:14:34.722+09:00,User,IdeState,Inactive,,,,,-1,-1,
2021-06-22T16:14:35.737+09:00,User,IdeState,Inactive,,,,,-1,-1,
2021-06-22T16:14:36.743+09:00,User,IdeState,Inactive,,,,,-1,-1,
2021-06-22T16:14:37.749+09:00,User,IdeState,Inactive,,,,,-1,-1,
2021-06-22T16:14:38.761+09:00,User,IdeState,Inactive,,,,,-1,-1,
2021-06-22T16:14:39.767+09:00,User,IdeState,Inactive,,,,,-1,-1,
2021-06-22T16:14:40.778+09:00,User,IdeState,Inactive,,,,,-1,-1,
2021-06-22T16:14:41.785+09:00,User,IdeState,Inactive,,,,,-1,-1,
2021-06-22T16:14:42.789+09:00,User,IdeState,Inactive,,,,,-1,-1,
2021-06-22T16:14:43.795+09:00,User,IdeState,Inactive,,,,,-1,-1,
2021-06-22T16:14:44.801+09:00,User,IdeState,Inactive,,,,,-1,-1,
2021-06-22T16:14:45.804+09:00,User,IdeState,Inactive,,,,,-1,-1,
2021-06-22T16:14:46.807+09:00,User,IdeState,Inactive,,,,,-1,-1,
2021-06-22T16:14:47.812+09:00,User,IdeState,Inactive,,,,,-1,-1,
2021-06-22T16:14:48.822+09:00,User,IdeState,Inactive,,,,,-1,-1,
2021-06-22T16:14:49.824+09:00,User,IdeState,Inactive,,,,,-1,-1,
2021-06-22T16:14:50.836+09:00,User,IdeState,Inactive,,,,,-1,-1,
2021-06-22T16:14:51.845+09:00,User,IdeState,Inactive,,,,,-1,-1,
2021-06-22T16:14:52.851+09:00,User,IdeState,Inactive,,,,,-1,-1,
2021-06-22T16:14:53.858+09:00,User,IdeState,Inactive,,,,,-1,-1,
2021-06-22T16:14:54.870+09:00,User,IdeState,Inactive,,,,,-1,-1,
2021-06-22T16:14:55.874+09:00,User,IdeState,Inactive,,,,,-1,-1,
2021-06-22T16:14:56.881+09:00,User,IdeState,Inactive,,,,,-1,-1,
2021-06-22T16:14:57.886+09:00,User,IdeState,Inactive,,,,,-1,-1,
2021-06-22T16:14:58.891+09:00,User,IdeState,Inactive,,,,,-1,-1,
2021-06-22T16:14:59.903+09:00,User,IdeState,Inactive,,,,,-1,-1,
2021-06-22T16:15:00.918+09:00,User,IdeState,Inactive,,,,,-1,-1,
2021-06-22T16:15:01.927+09:00,User,IdeState,Inactive,,,,,-1,-1,
2021-06-22T16:15:02.934+09:00,User,IdeState,Inactive,,,,,-1,-1,
2021-06-22T16:15:03.939+09:00,User,IdeState,Inactive,,,,,-1,-1,
2021-06-22T16:15:04.947+09:00,User,IdeState,Inactive,,,,,-1,-1,
2021-06-22T16:15:05.950+09:00,User,IdeState,Inactive,,,,,-1,-1,
2021-06-22T16:15:06.960+09:00,User,IdeState,Inactive,,,,,-1,-1,
2021-06-22T16:15:07.970+09:00,User,IdeState,Inactive,,,,,-1,-1,
2021-06-22T16:15:08.971+09:00,User,IdeState,Inactive,,,,,-1,-1,
2021-06-22T16:15:09.984+09:00,User,IdeState,Inactive,,,,,-1,-1,
2021-06-22T16:15:10.999+09:00,User,IdeState,Inactive,,,,,-1,-1,
2021-06-22T16:15:12.014+09:00,User,IdeState,Inactive,,,,,-1,-1,
2021-06-22T16:15:13.028+09:00,User,IdeState,Inactive,,,,,-1,-1,
2021-06-22T16:15:14.036+09:00,User,IdeState,Inactive,,,,,-1,-1,
2021-06-22T16:15:15.044+09:00,User,IdeState,Inactive,,,,,-1,-1,
2021-06-22T16:15:16.050+09:00,User,IdeState,Inactive,,,,,-1,-1,
2021-06-22T16:15:17.056+09:00,User,IdeState,Inactive,,,,,-1,-1,
2021-06-22T16:15:18.059+09:00,User,IdeState,Inactive,,,,,-1,-1,
2021-06-22T16:15:19.070+09:00,User,IdeState,Inactive,,,,,-1,-1,
2021-06-22T16:15:20.077+09:00,User,IdeState,Inactive,,,,,-1,-1,
2021-06-22T16:15:21.088+09:00,User,IdeState,Inactive,,,,,-1,-1,
2021-06-22T16:15:22.089+09:00,User,IdeState,Inactive,,,,,-1,-1,
2021-06-22T16:15:23.105+09:00,User,IdeState,Inactive,,,,,-1,-1,
2021-06-22T16:15:24.107+09:00,User,IdeState,Inactive,,,,,-1,-1,
2021-06-22T16:15:25.110+09:00,User,IdeState,Inactive,,,,,-1,-1,
2021-06-22T16:15:26.115+09:00,User,IdeState,Inactive,,,,,-1,-1,
2021-06-22T16:15:27.120+09:00,User,IdeState,Inactive,,,,,-1,-1,
2021-06-22T16:15:28.127+09:00,User,IdeState,Inactive,,,,,-1,-1,
2021-06-22T16:15:29.134+09:00,User,IdeState,Inactive,,,,,-1,-1,
2021-06-22T16:15:30.147+09:00,User,IdeState,Inactive,,,,,-1,-1,
2021-06-22T16:15:31.151+09:00,User,IdeState,Inactive,,,,,-1,-1,
2021-06-22T16:15:32.160+09:00,User,IdeState,Inactive,,,,,-1,-1,
2021-06-22T16:15:33.163+09:00,User,IdeState,Inactive,,,,,-1,-1,
2021-06-22T16:15:34.169+09:00,User,IdeState,Inactive,,,,,-1,-1,
2021-06-22T16:15:35.173+09:00,User,IdeState,Inactive,,,,,-1,-1,
2021-06-22T16:15:36.178+09:00,User,IdeState,Inactive,,,,,-1,-1,
2021-06-22T16:15:37.183+09:00,User,IdeState,Inactive,,,,,-1,-1,
2021-06-22T16:15:38.189+09:00,User,IdeState,Inactive,,,,,-1,-1,
2021-06-22T16:15:39.195+09:00,User,IdeState,Inactive,,,,,-1,-1,
2021-06-22T16:15:40.203+09:00,User,IdeState,Inactive,,,,,-1,-1,
2021-06-22T16:15:41.208+09:00,User,IdeState,Inactive,,,,,-1,-1,
2021-06-22T16:15:42.217+09:00,User,IdeState,Inactive,,,,,-1,-1,
2021-06-22T16:15:43.233+09:00,User,IdeState,Inactive,,,,,-1,-1,
2021-06-22T16:15:44.239+09:00,User,IdeState,Inactive,,,,,-1,-1,
2021-06-22T16:15:45.244+09:00,User,IdeState,Inactive,,,,,-1,-1,
2021-06-22T16:15:46.249+09:00,User,IdeState,Inactive,,,,,-1,-1,
2021-06-22T16:15:47.257+09:00,User,IdeState,Inactive,,,,,-1,-1,
2021-06-22T16:15:48.264+09:00,User,IdeState,Inactive,,,,,-1,-1,
2021-06-22T16:15:49.267+09:00,User,IdeState,Inactive,,,,,-1,-1,
2021-06-22T16:15:50.271+09:00,User,IdeState,Inactive,,,,,-1,-1,
2021-06-22T16:15:51.279+09:00,User,IdeState,Inactive,,,,,-1,-1,
2021-06-22T16:15:52.290+09:00,User,IdeState,Inactive,,,,,-1,-1,
2021-06-22T16:15:53.295+09:00,User,IdeState,Inactive,,,,,-1,-1,
2021-06-22T16:15:54.306+09:00,User,IdeState,Inactive,,,,,-1,-1,
2021-06-22T16:15:55.315+09:00,User,IdeState,Inactive,,,,,-1,-1,
2021-06-22T16:15:56.322+09:00,User,IdeState,Inactive,,,,,-1,-1,
2021-06-22T16:15:57.332+09:00,User,IdeState,Inactive,,,,,-1,-1,
2021-06-22T16:15:58.340+09:00,User,IdeState,Inactive,,,,,-1,-1,
2021-06-22T16:15:59.348+09:00,User,IdeState,Inactive,,,,,-1,-1,
2021-06-22T16:16:00.363+09:00,User,IdeState,Inactive,,,,,-1,-1,
2021-06-22T16:16:01.369+09:00,User,IdeState,Inactive,,,,,-1,-1,
2021-06-22T16:16:02.372+09:00,User,IdeState,Inactive,,,,,-1,-1,
2021-06-22T16:16:03.374+09:00,User,IdeState,Inactive,,,,,-1,-1,
2021-06-22T16:16:04.380+09:00,User,IdeState,Inactive,,,,,-1,-1,
2021-06-22T16:16:05.383+09:00,User,IdeState,Inactive,,,,,-1,-1,
2021-06-22T16:16:06.393+09:00,User,IdeState,Inactive,,,,,-1,-1,
2021-06-22T16:16:07.398+09:00,User,IdeState,Inactive,,,,,-1,-1,
2021-06-22T16:16:08.402+09:00,User,IdeState,Inactive,,,,,-1,-1,
2021-06-22T16:16:09.407+09:00,User,IdeState,Inactive,,,,,-1,-1,
2021-06-22T16:16:10.415+09:00,User,IdeState,Inactive,,,,,-1,-1,
2021-06-22T16:16:11.421+09:00,User,IdeState,Inactive,,,,,-1,-1,
2021-06-22T16:16:12.425+09:00,User,IdeState,Inactive,,,,,-1,-1,
2021-06-22T16:16:13.439+09:00,User,IdeState,Inactive,,,,,-1,-1,
2021-06-22T16:16:14.452+09:00,User,IdeState,Inactive,,,,,-1,-1,
2021-06-22T16:16:15.465+09:00,User,IdeState,Inactive,,,,,-1,-1,
2021-06-22T16:16:16.477+09:00,User,IdeState,Inactive,,,,,-1,-1,
2021-06-22T16:16:17.490+09:00,User,IdeState,Inactive,,,,,-1,-1,
2021-06-22T16:16:18.502+09:00,User,IdeState,Inactive,,,,,-1,-1,
2021-06-22T16:16:19.507+09:00,User,IdeState,Inactive,,,,,-1,-1,
2021-06-22T16:16:20.513+09:00,User,IdeState,Inactive,,,,,-1,-1,
2021-06-22T16:16:21.516+09:00,User,IdeState,Inactive,,,,,-1,-1,
2021-06-22T16:16:22.523+09:00,User,IdeState,Inactive,,,,,-1,-1,
2021-06-22T16:16:23.524+09:00,User,IdeState,Inactive,,,,,-1,-1,
2021-06-22T16:16:24.529+09:00,User,IdeState,Inactive,,,,,-1,-1,
2021-06-22T16:16:25.532+09:00,User,IdeState,Inactive,,,,,-1,-1,
2021-06-22T16:16:26.538+09:00,User,IdeState,Inactive,,,,,-1,-1,
2021-06-22T16:16:27.551+09:00,User,IdeState,Inactive,,,,,-1,-1,
2021-06-22T16:16:28.558+09:00,User,IdeState,Inactive,,,,,-1,-1,
2021-06-22T16:16:29.566+09:00,User,IdeState,Inactive,,,,,-1,-1,
2021-06-22T16:16:30.570+09:00,User,IdeState,Inactive,,,,,-1,-1,
2021-06-22T16:16:31.578+09:00,User,IdeState,Inactive,,,,,-1,-1,
2021-06-22T16:16:32.581+09:00,User,IdeState,Inactive,,,,,-1,-1,
2021-06-22T16:16:33.585+09:00,User,IdeState,Inactive,,,,,-1,-1,
2021-06-22T16:16:34.586+09:00,User,IdeState,Inactive,,,,,-1,-1,
2021-06-22T16:16:35.592+09:00,User,IdeState,Inactive,,,,,-1,-1,
2021-06-22T16:16:36.596+09:00,User,IdeState,Inactive,,,,,-1,-1,
2021-06-22T16:16:37.603+09:00,User,IdeState,Inactive,,,,,-1,-1,
2021-06-22T16:16:38.610+09:00,User,IdeState,Inactive,,,,,-1,-1,
2021-06-22T16:16:39.625+09:00,User,IdeState,Inactive,,,,,-1,-1,
2021-06-22T16:16:40.629+09:00,User,IdeState,Inactive,,,,,-1,-1,
2021-06-22T16:16:41.633+09:00,User,IdeState,Inactive,,,,,-1,-1,
2021-06-22T16:16:42.636+09:00,User,IdeState,Inactive,,,,,-1,-1,
2021-06-22T16:16:43.642+09:00,User,IdeState,Inactive,,,,,-1,-1,
2021-06-22T16:16:44.647+09:00,User,IdeState,Inactive,,,,,-1,-1,
2021-06-22T16:16:45.650+09:00,User,IdeState,Inactive,,,,,-1,-1,
2021-06-22T16:16:46.655+09:00,User,IdeState,Inactive,,,,,-1,-1,
2021-06-22T16:16:47.663+09:00,User,IdeState,Inactive,,,,,-1,-1,
2021-06-22T16:16:48.669+09:00,User,IdeState,Inactive,,,,,-1,-1,
2021-06-22T16:16:49.674+09:00,User,IdeState,Inactive,,,,,-1,-1,
2021-06-22T16:16:50.683+09:00,User,IdeState,Inactive,,,,,-1,-1,
2021-06-22T16:16:51.686+09:00,User,IdeState,Inactive,,,,,-1,-1,
2021-06-22T16:16:52.699+09:00,User,IdeState,Inactive,,,,,-1,-1,
2021-06-22T16:16:53.713+09:00,User,IdeState,Active,helloworld,Editor,C:/Users/User/CLionProjects/helloworld/main.cpp,,14,0,Default task
2021-06-22T16:16:54.727+09:00,User,IdeState,Active,helloworld,Editor,C:/Users/User/CLionProjects/helloworld/main.cpp,,14,0,Default task
2021-06-22T16:16:55.744+09:00,User,IdeState,Active,helloworld,Popup,C:/Users/User/CLionProjects/helloworld/main.cpp,,14,0,Default task
2021-06-22T16:16:56.750+09:00,User,IdeState,Active,helloworld,Editor,C:/Users/User/CLionProjects/helloworld/main.cpp,,14,0,Default task
2021-06-22T16:16:57.753+09:00,User,IdeState,Active,helloworld,Editor,C:/Users/User/CLionProjects/helloworld/main.cpp,,14,0,Default task
2021-06-22T16:16:58.756+09:00,User,IdeState,Inactive,,,,,-1,-1,
2021-06-22T16:16:59.759+09:00,User,IdeState,Inactive,,,,,-1,-1,
2021-06-22T16:17:00.762+09:00,User,IdeState,Inactive,,,,,-1,-1,
2021-06-22T16:17:01.766+09:00,User,IdeState,Inactive,,,,,-1,-1,
2021-06-22T16:17:02.768+09:00,User,IdeState,Active,helloworld,Editor,C:/Users/User/CLionProjects/helloworld/main.cpp,,14,0,Default task
2021-06-22T16:17:03.773+09:00,User,IdeState,Active,helloworld,Popup,C:/Users/User/CLionProjects/helloworld/main.cpp,,14,0,Default task
2021-06-22T16:17:04.777+09:00,User,IdeState,Active,helloworld,Popup,C:/Users/User/CLionProjects/helloworld/main.cpp,,14,0,Default task
2021-06-22T16:17:05.788+09:00,User,IdeState,Active,helloworld,Editor,C:/Users/User/CLionProjects/helloworld/main.cpp,,14,0,Default task
2021-06-22T16:17:06.791+09:00,User,IdeState,Active,helloworld,Editor,C:/Users/User/CLionProjects/helloworld/main.cpp,,14,0,Default task
2021-06-22T16:17:07.804+09:00,User,IdeState,Inactive,,,,,-1,-1,
2021-06-22T16:17:08.812+09:00,User,IdeState,Inactive,,,,,-1,-1,
2021-06-22T16:17:09.825+09:00,User,IdeState,Inactive,,,,,-1,-1,
2021-06-22T16:17:10.829+09:00,User,IdeState,Inactive,,,,,-1,-1,
2021-06-22T16:17:11.832+09:00,User,IdeState,Inactive,,,,,-1,-1,
2021-06-22T16:17:12.840+09:00,User,IdeState,Inactive,,,,,-1,-1,
2021-06-22T16:17:13.851+09:00,User,IdeState,Inactive,,,,,-1,-1,
2021-06-22T16:17:14.857+09:00,User,IdeState,Inactive,,,,,-1,-1,
2021-06-22T16:17:15.862+09:00,User,IdeState,Inactive,,,,,-1,-1,
2021-06-22T16:17:16.873+09:00,User,IdeState,Inactive,,,,,-1,-1,
2021-06-22T16:17:17.879+09:00,User,IdeState,Inactive,,,,,-1,-1,
2021-06-22T16:17:18.882+09:00,User,IdeState,Inactive,,,,,-1,-1,
2021-06-22T16:17:19.884+09:00,User,IdeState,Inactive,,,,,-1,-1,
2021-06-22T16:17:20.893+09:00,User,IdeState,Inactive,,,,,-1,-1,
2021-06-22T16:17:21.897+09:00,User,IdeState,Inactive,,,,,-1,-1,
2021-06-22T16:17:22.905+09:00,User,IdeState,Inactive,,,,,-1,-1,
2021-06-22T16:17:23.911+09:00,User,IdeState,Inactive,,,,,-1,-1,
2021-06-22T16:17:24.918+09:00,User,IdeState,Inactive,,,,,-1,-1,
2021-06-22T16:17:25.926+09:00,User,IdeState,Inactive,,,,,-1,-1,
2021-06-22T16:17:26.935+09:00,User,IdeState,Inactive,,,,,-1,-1,
2021-06-22T16:17:27.939+09:00,User,IdeState,Inactive,,,,,-1,-1,
2021-06-22T16:17:28.940+09:00,User,IdeState,Inactive,,,,,-1,-1,
2021-06-22T16:17:29.955+09:00,User,IdeState,Inactive,,,,,-1,-1,
2021-06-22T16:17:30.962+09:00,User,IdeState,Inactive,,,,,-1,-1,
2021-06-22T16:17:31.972+09:00,User,IdeState,Inactive,,,,,-1,-1,
2021-06-22T16:17:32.975+09:00,User,IdeState,Inactive,,,,,-1,-1,
2021-06-22T16:17:33.982+09:00,User,IdeState,Inactive,,,,,-1,-1,
2021-06-22T16:17:34.988+09:00,User,IdeState,Inactive,,,,,-1,-1,
2021-06-22T16:17:35.999+09:00,User,IdeState,Inactive,,,,,-1,-1,
2021-06-22T16:17:37.003+09:00,User,IdeState,Inactive,,,,,-1,-1,
2021-06-22T16:17:38.004+09:00,User,IdeState,Inactive,,,,,-1,-1,
2021-06-22T16:17:39.012+09:00,User,IdeState,Active,helloworld,Editor,C:/Users/User/CLionProjects/helloworld/main.cpp,,14,0,Default task
2021-06-22T16:17:40.015+09:00,User,IdeState,Active,helloworld,Editor,C:/Users/User/CLionProjects/helloworld/main.cpp,,14,0,Default task
2021-06-22T16:17:41.030+09:00,User,IdeState,Active,helloworld,Editor,C:/Users/User/CLionProjects/helloworld/main.cpp,,14,0,Default task
2021-06-22T16:17:42.043+09:00,User,IdeState,Inactive,,,,,-1,-1,
2021-06-22T16:17:43.055+09:00,User,IdeState,Inactive,,,,,-1,-1,
2021-06-22T16:17:44.066+09:00,User,IdeState,Inactive,,,,,-1,-1,
2021-06-22T16:17:45.070+09:00,User,IdeState,Active,helloworld,Editor,C:/Users/User/CLionProjects/helloworld/main.cpp,,5,0,Default task
2021-06-22T16:17:46.085+09:00,User,IdeState,Active,helloworld,Editor,C:/Users/User/CLionProjects/helloworld/main.cpp,,4,3,Default task
2021-06-22T16:17:46.538+09:00,User,Action,EditorBackSpace,helloworld,Editor,C:/Users/User/CLionProjects/helloworld/main.cpp,,4,3,Default task
2021-06-22T16:17:47.102+09:00,User,IdeState,Active,helloworld,Editor,C:/Users/User/CLionProjects/helloworld/main.cpp,,4,3,Default task
2021-06-22T16:17:48.118+09:00,User,IdeState,Active,helloworld,Editor,C:/Users/User/CLionProjects/helloworld/main.cpp,,4,6,Default task
2021-06-22T16:17:49.127+09:00,User,IdeState,Active,helloworld,Editor,C:/Users/User/CLionProjects/helloworld/main.cpp,,4,10,Default task
2021-06-22T16:17:50.145+09:00,User,IdeState,Active,helloworld,Editor,C:/Users/User/CLionProjects/helloworld/main.cpp,,4,11,Default task
2021-06-22T16:17:51.146+09:00,User,IdeState,Active,helloworld,Editor,C:/Users/User/CLionProjects/helloworld/main.cpp,,4,12,Default task
2021-06-22T16:17:52.160+09:00,User,IdeState,Active,helloworld,Editor,C:/Users/User/CLionProjects/helloworld/main.cpp,,4,14,Default task
2021-06-22T16:17:53.189+09:00,User,IdeState,Active,helloworld,Editor,C:/Users/User/CLionProjects/helloworld/main.cpp,,4,19,Default task
2021-06-22T16:17:54.190+09:00,User,IdeState,Active,helloworld,Editor,C:/Users/User/CLionProjects/helloworld/main.cpp,,4,21,Default task
2021-06-22T16:17:55.192+09:00,User,IdeState,Active,helloworld,Editor,C:/Users/User/CLionProjects/helloworld/main.cpp,,4,21,Default task
2021-06-22T16:17:56.201+09:00,User,IdeState,Active,helloworld,Editor,C:/Users/User/CLionProjects/helloworld/main.cpp,,4,23,Default task
2021-06-22T16:17:57.069+09:00,User,Action,EditorLeft,helloworld,Editor,C:/Users/User/CLionProjects/helloworld/main.cpp,,4,24,Default task
2021-06-22T16:17:57.215+09:00,User,IdeState,Active,helloworld,Editor,C:/Users/User/CLionProjects/helloworld/main.cpp,,4,23,Default task
2021-06-22T16:17:57.567+09:00,User,Action,EditorLeft,helloworld,Editor,C:/Users/User/CLionProjects/helloworld/main.cpp,,4,23,Default task
2021-06-22T16:17:57.597+09:00,User,Action,EditorLeft,helloworld,Editor,C:/Users/User/CLionProjects/helloworld/main.cpp,,4,22,Default task
2021-06-22T16:17:57.627+09:00,User,Action,EditorLeft,helloworld,Editor,C:/Users/User/CLionProjects/helloworld/main.cpp,,4,21,Default task
2021-06-22T16:17:57.674+09:00,User,Action,EditorLeft,helloworld,Editor,C:/Users/User/CLionProjects/helloworld/main.cpp,,4,20,Default task
2021-06-22T16:17:57.703+09:00,User,Action,EditorLeft,helloworld,Editor,C:/Users/User/CLionProjects/helloworld/main.cpp,,4,19,Default task
2021-06-22T16:17:57.732+09:00,User,Action,EditorLeft,helloworld,Editor,C:/Users/User/CLionProjects/helloworld/main.cpp,,4,18,Default task
2021-06-22T16:17:57.766+09:00,User,Action,EditorLeft,helloworld,Editor,C:/Users/User/CLionProjects/helloworld/main.cpp,,4,17,Default task
2021-06-22T16:17:57.794+09:00,User,Action,EditorLeft,helloworld,Editor,C:/Users/User/CLionProjects/helloworld/main.cpp,,4,16,Default task
2021-06-22T16:17:57.823+09:00,User,Action,EditorLeft,helloworld,Editor,C:/Users/User/CLionProjects/helloworld/main.cpp,,4,15,Default task
2021-06-22T16:17:57.869+09:00,User,Action,EditorLeft,helloworld,Editor,C:/Users/User/CLionProjects/helloworld/main.cpp,,4,14,Default task
2021-06-22T16:17:58.043+09:00,User,Action,EditorLeft,helloworld,Editor,C:/Users/User/CLionProjects/helloworld/main.cpp,,4,13,Default task
2021-06-22T16:17:58.217+09:00,User,IdeState,Active,helloworld,Editor,C:/Users/User/CLionProjects/helloworld/main.cpp,,4,12,Default task
2021-06-22T16:17:58.229+09:00,User,Action,EditorLeft,helloworld,Editor,C:/Users/User/CLionProjects/helloworld/main.cpp,,4,12,Default task
2021-06-22T16:17:59.156+09:00,User,Action,EditorRight,helloworld,Editor,C:/Users/User/CLionProjects/helloworld/main.cpp,,4,12,Default task
2021-06-22T16:17:59.231+09:00,User,IdeState,Active,helloworld,Editor,C:/Users/User/CLionProjects/helloworld/main.cpp,,4,13,Default task
2021-06-22T16:17:59.659+09:00,User,Action,EditorRight,helloworld,Editor,C:/Users/User/CLionProjects/helloworld/main.cpp,,4,13,Default task
2021-06-22T16:17:59.704+09:00,User,Action,EditorRight,helloworld,Editor,C:/Users/User/CLionProjects/helloworld/main.cpp,,4,14,Default task
2021-06-22T16:17:59.730+09:00,User,Action,EditorRight,helloworld,Editor,C:/Users/User/CLionProjects/helloworld/main.cpp,,4,15,Default task
2021-06-22T16:17:59.760+09:00,User,Action,EditorRight,helloworld,Editor,C:/Users/User/CLionProjects/helloworld/main.cpp,,4,16,Default task
2021-06-22T16:17:59.791+09:00,User,Action,EditorRight,helloworld,Editor,C:/Users/User/CLionProjects/helloworld/main.cpp,,4,17,Default task
2021-06-22T16:17:59.823+09:00,User,Action,EditorRight,helloworld,Editor,C:/Users/User/CLionProjects/helloworld/main.cpp,,4,18,Default task
2021-06-22T16:17:59.867+09:00,User,Action,EditorRight,helloworld,Editor,C:/Users/User/CLionProjects/helloworld/main.cpp,,4,19,Default task
2021-06-22T16:17:59.898+09:00,User,Action,EditorRight,helloworld,Editor,C:/Users/User/CLionProjects/helloworld/main.cpp,,4,20,Default task
2021-06-22T16:17:59.929+09:00,User,Action,EditorRight,helloworld,Editor,C:/Users/User/CLionProjects/helloworld/main.cpp,,4,21,Default task
2021-06-22T16:17:59.960+09:00,User,Action,EditorRight,helloworld,Editor,C:/Users/User/CLionProjects/helloworld/main.cpp,,4,22,Default task
2021-06-22T16:18:00.246+09:00,User,IdeState,Active,helloworld,Editor,C:/Users/User/CLionProjects/helloworld/main.cpp,,4,23,Default task
2021-06-22T16:18:00.275+09:00,User,Action,EditorRight,helloworld,Editor,C:/Users/User/CLionProjects/helloworld/main.cpp,,4,23,Default task
2021-06-22T16:18:00.452+09:00,User,Action,EditorRight,helloworld,Editor,C:/Users/User/CLionProjects/helloworld/main.cpp,,4,24,Default task
2021-06-22T16:18:01.247+09:00,User,IdeState,Active,helloworld,Editor,C:/Users/User/CLionProjects/helloworld/main.cpp,,4,26,Default task
2021-06-22T16:18:02.249+09:00,User,IdeState,Active,helloworld,Editor,C:/Users/User/CLionProjects/helloworld/main.cpp,,4,26,Default task
2021-06-22T16:18:03.254+09:00,User,IdeState,Active,helloworld,Editor,C:/Users/User/CLionProjects/helloworld/main.cpp,,4,27,Default task
2021-06-22T16:18:04.256+09:00,User,IdeState,Active,helloworld,Editor,C:/Users/User/CLionProjects/helloworld/main.cpp,,4,29,Default task
2021-06-22T16:18:05.261+09:00,User,IdeState,Active,helloworld,Editor,C:/Users/User/CLionProjects/helloworld/main.cpp,,4,30,Default task
2021-06-22T16:18:06.139+09:00,User,Action,EditorBackSpace,helloworld,Editor,C:/Users/User/CLionProjects/helloworld/main.cpp,,4,34,Default task
2021-06-22T16:18:06.269+09:00,User,IdeState,Active,helloworld,Editor,C:/Users/User/CLionProjects/helloworld/main.cpp,,4,33,Default task
2021-06-22T16:18:07.277+09:00,User,IdeState,Active,helloworld,Editor,C:/Users/User/CLionProjects/helloworld/main.cpp,,4,35,Default task
2021-06-22T16:18:07.781+09:00,User,Action,EditorEnter,helloworld,Editor,C:/Users/User/CLionProjects/helloworld/main.cpp,,4,35,Default task
2021-06-22T16:18:08.278+09:00,User,IdeState,Active,helloworld,Editor,C:/Users/User/CLionProjects/helloworld/main.cpp,,5,6,Default task
2021-06-22T16:18:09.290+09:00,User,IdeState,Active,helloworld,Editor,C:/Users/User/CLionProjects/helloworld/main.cpp,,5,9,Default task
2021-06-22T16:18:10.305+09:00,User,IdeState,Active,helloworld,Editor,C:/Users/User/CLionProjects/helloworld/main.cpp,,5,12,Default task
2021-06-22T16:18:10.876+09:00,User,Action,SaveAll,helloworld,Editor,C:/Users/User/CLionProjects/helloworld/main.cpp,,5,12,Default task
2021-06-22T16:18:11.314+09:00,User,IdeState,Active,helloworld,Editor,C:/Users/User/CLionProjects/helloworld/main.cpp,,5,12,Default task
2021-06-22T16:18:11.891+09:00,User,Action,SaveAll,helloworld,Editor,C:/Users/User/CLionProjects/helloworld/main.cpp,,5,12,Default task
2021-06-22T16:18:12.324+09:00,User,IdeState,Active,helloworld,Editor,C:/Users/User/CLionProjects/helloworld/main.cpp,,5,12,Default task
2021-06-22T16:18:13.336+09:00,User,IdeState,Inactive,,,,,-1,-1,
2021-06-22T16:18:14.345+09:00,User,IdeState,Inactive,,,,,-1,-1,
2021-06-22T16:18:15.356+09:00,User,IdeState,Active,helloworld,Editor,C:/Users/User/CLionProjects/helloworld/main.cpp,,4,35,Default task
2021-06-22T16:18:16.365+09:00,User,IdeState,Active,helloworld,Editor,C:/Users/User/CLionProjects/helloworld/main.cpp,,4,35,Default task
2021-06-22T16:18:17.370+09:00,User,IdeState,Inactive,,,,,-1,-1,
2021-06-22T16:18:18.375+09:00,User,IdeState,Inactive,,,,,-1,-1,
2021-06-22T16:18:19.377+09:00,User,IdeState,Inactive,,,,,-1,-1,
2021-06-22T16:18:20.383+09:00,User,IdeState,Inactive,,,,,-1,-1,
2021-06-22T16:18:21.395+09:00,User,IdeState,Active,helloworld,Editor,C:/Users/User/CLionProjects/helloworld/main.cpp,,4,35,Default task
2021-06-22T16:18:22.411+09:00,User,IdeState,Active,helloworld,Dialog,C:/Users/User/CLionProjects/helloworld/main.cpp,,4,35,Default task
2021-06-22T16:18:23.425+09:00,User,IdeState,Active,helloworld,Dialog,C:/Users/User/CLionProjects/helloworld/main.cpp,,4,35,Default task
2021-06-22T16:18:24.430+09:00,User,IdeState,Active,helloworld,Editor,C:/Users/User/CLionProjects/helloworld/main.cpp,,4,35,Default task
2021-06-22T16:18:25.059+09:00,User,Action,SaveAll,helloworld,Editor,C:/Users/User/CLionProjects/helloworld/main.cpp,,7,0,Default task
2021-06-22T16:18:25.444+09:00,User,IdeState,Active,helloworld,Editor,C:/Users/User/CLionProjects/helloworld/main.cpp,,7,0,Default task
2021-06-22T16:18:26.447+09:00,User,IdeState,Inactive,,,,,-1,-1,
2021-06-22T16:18:27.450+09:00,User,IdeState,Inactive,,,,,-1,-1,
2021-06-22T16:18:28.467+09:00,User,IdeState,Inactive,,,,,-1,-1,
2021-06-22T16:18:29.477+09:00,User,IdeState,Inactive,,,,,-1,-1,
2021-06-22T16:18:30.492+09:00,User,IdeState,Inactive,,,,,-1,-1,
2021-06-22T16:18:31.493+09:00,User,IdeState,Inactive,,,,,-1,-1,
2021-06-22T16:18:32.497+09:00,User,IdeState,Inactive,,,,,-1,-1,
2021-06-22T16:18:33.510+09:00,User,IdeState,Inactive,,,,,-1,-1,
2021-06-22T16:18:34.518+09:00,User,IdeState,Inactive,,,,,-1,-1,
2021-06-22T16:18:35.523+09:00,User,IdeState,Inactive,,,,,-1,-1,
2021-06-22T16:18:36.528+09:00,User,IdeState,Inactive,,,,,-1,-1,
2021-06-22T16:18:37.537+09:00,User,IdeState,Inactive,,,,,-1,-1,
2021-06-22T16:18:38.547+09:00,User,IdeState,Inactive,,,,,-1,-1,
2021-06-22T16:18:39.561+09:00,User,IdeState,Inactive,,,,,-1,-1,
2021-06-22T16:18:40.565+09:00,User,IdeState,Inactive,,,,,-1,-1,
2021-06-22T16:18:41.569+09:00,User,IdeState,Inactive,,,,,-1,-1,
2021-06-22T16:18:42.581+09:00,User,IdeState,Inactive,,,,,-1,-1,
2021-06-22T16:18:43.589+09:00,User,IdeState,Inactive,,,,,-1,-1,
2021-06-22T16:18:44.593+09:00,User,IdeState,Inactive,,,,,-1,-1,
2021-06-22T16:18:45.601+09:00,User,IdeState,Inactive,,,,,-1,-1,
2021-06-22T16:18:46.607+09:00,User,IdeState,Inactive,,,,,-1,-1,
2021-06-22T16:18:47.616+09:00,User,IdeState,Inactive,,,,,-1,-1,
2021-06-22T16:18:48.622+09:00,User,IdeState,Inactive,,,,,-1,-1,
2021-06-22T16:18:49.632+09:00,User,IdeState,Inactive,,,,,-1,-1,
2021-06-22T16:18:50.639+09:00,User,IdeState,Inactive,,,,,-1,-1,
2021-06-22T16:18:51.639+09:00,User,IdeState,Inactive,,,,,-1,-1,
2021-06-22T16:18:52.641+09:00,User,IdeState,Inactive,,,,,-1,-1,
2021-06-22T16:18:53.642+09:00,User,IdeState,Inactive,,,,,-1,-1,
2021-06-22T16:18:54.650+09:00,User,IdeState,Inactive,,,,,-1,-1,
2021-06-22T16:18:55.665+09:00,User,IdeState,Inactive,,,,,-1,-1,
2021-06-22T16:18:56.671+09:00,User,IdeState,Inactive,,,,,-1,-1,
2021-06-22T16:18:57.687+09:00,User,IdeState,Inactive,,,,,-1,-1,
2021-06-22T16:18:58.691+09:00,User,IdeState,Inactive,,,,,-1,-1,
2021-06-22T16:18:59.706+09:00,User,IdeState,Inactive,,,,,-1,-1,
2021-06-22T16:19:00.706+09:00,User,IdeState,Inactive,,,,,-1,-1,
2021-06-22T16:19:01.707+09:00,User,IdeState,Inactive,,,,,-1,-1,
2021-06-22T16:19:02.709+09:00,User,IdeState,Inactive,,,,,-1,-1,
2021-06-22T16:19:03.716+09:00,User,IdeState,Inactive,,,,,-1,-1,
2021-06-22T16:19:04.717+09:00,User,IdeState,Inactive,,,,,-1,-1,
2021-06-22T16:19:05.723+09:00,User,IdeState,Inactive,,,,,-1,-1,
2021-06-22T16:19:06.726+09:00,User,IdeState,Inactive,,,,,-1,-1,
2021-06-22T16:19:07.731+09:00,User,IdeState,Inactive,,,,,-1,-1,
2021-06-22T16:19:08.739+09:00,User,IdeState,Inactive,,,,,-1,-1,
2021-06-22T16:19:09.747+09:00,User,IdeState,Inactive,,,,,-1,-1,
2021-06-22T16:19:10.754+09:00,User,IdeState,Inactive,,,,,-1,-1,
2021-06-22T16:19:11.761+09:00,User,IdeState,Inactive,,,,,-1,-1,
2021-06-22T16:19:12.767+09:00,User,IdeState,Inactive,,,,,-1,-1,
2021-06-22T16:19:13.773+09:00,User,IdeState,Inactive,,,,,-1,-1,
2021-06-22T16:19:14.777+09:00,User,IdeState,Inactive,,,,,-1,-1,
2021-06-22T16:19:15.788+09:00,User,IdeState,Inactive,,,,,-1,-1,
2021-06-22T16:19:16.799+09:00,User,IdeState,Inactive,,,,,-1,-1,
2021-06-22T16:19:17.800+09:00,User,IdeState,Inactive,,,,,-1,-1,
2021-06-22T16:19:18.809+09:00,User,IdeState,Inactive,,,,,-1,-1,
2021-06-22T16:19:19.812+09:00,User,IdeState,Inactive,,,,,-1,-1,
2021-06-22T16:19:20.821+09:00,User,IdeState,Inactive,,,,,-1,-1,
2021-06-22T16:19:21.828+09:00,User,IdeState,Inactive,,,,,-1,-1,
2021-06-22T16:19:22.836+09:00,User,IdeState,Inactive,,,,,-1,-1,
2021-06-22T16:19:23.843+09:00,User,IdeState,Inactive,,,,,-1,-1,
2021-06-22T16:19:24.852+09:00,User,IdeState,Inactive,,,,,-1,-1,
2021-06-22T16:19:25.861+09:00,User,IdeState,Inactive,,,,,-1,-1,
2021-06-22T16:19:26.869+09:00,User,IdeState,Inactive,,,,,-1,-1,
2021-06-22T16:19:27.871+09:00,User,IdeState,Inactive,,,,,-1,-1,
2021-06-22T16:19:28.874+09:00,User,IdeState,Inactive,,,,,-1,-1,
2021-06-22T16:19:29.881+09:00,User,IdeState,Inactive,,,,,-1,-1,
2021-06-22T16:19:30.887+09:00,User,IdeState,Inactive,,,,,-1,-1,
2021-06-22T16:19:31.893+09:00,User,IdeState,Inactive,,,,,-1,-1,
2021-06-22T16:19:32.903+09:00,User,IdeState,Inactive,,,,,-1,-1,
2021-06-22T16:19:33.906+09:00,User,IdeState,Inactive,,,,,-1,-1,
2021-06-22T16:19:34.912+09:00,User,IdeState,Inactive,,,,,-1,-1,
2021-06-22T16:19:35.919+09:00,User,IdeState,Inactive,,,,,-1,-1,
2021-06-22T16:19:36.926+09:00,User,IdeState,Inactive,,,,,-1,-1,
2021-06-22T16:19:37.931+09:00,User,IdeState,Inactive,,,,,-1,-1,
2021-06-22T16:19:38.940+09:00,User,IdeState,Inactive,,,,,-1,-1,
2021-06-22T16:19:39.951+09:00,User,IdeState,Inactive,,,,,-1,-1,
2021-06-22T16:19:40.955+09:00,User,IdeState,Inactive,,,,,-1,-1,
2021-06-22T16:19:41.961+09:00,User,IdeState,Inactive,,,,,-1,-1,
2021-06-22T16:19:42.965+09:00,User,IdeState,Inactive,,,,,-1,-1,
2021-06-22T16:19:43.973+09:00,User,IdeState,Inactive,,,,,-1,-1,
2021-06-22T16:19:44.979+09:00,User,IdeState,Inactive,,,,,-1,-1,
2021-06-22T16:19:45.985+09:00,User,IdeState,Inactive,,,,,-1,-1,
2021-06-22T16:19:46.989+09:00,User,IdeState,Inactive,,,,,-1,-1,
2021-06-22T16:19:47.996+09:00,User,IdeState,Inactive,,,,,-1,-1,
2021-06-22T16:19:48.998+09:00,User,IdeState,Inactive,,,,,-1,-1,
2021-06-22T16:19:50.001+09:00,User,IdeState,Inactive,,,,,-1,-1,
2021-06-22T16:19:51.011+09:00,User,IdeState,Inactive,,,,,-1,-1,
2021-06-22T16:19:52.018+09:00,User,IdeState,Inactive,,,,,-1,-1,
2021-06-22T16:19:53.029+09:00,User,IdeState,Inactive,,,,,-1,-1,
2021-06-22T16:19:54.038+09:00,User,IdeState,Inactive,,,,,-1,-1,
2021-06-22T16:19:55.043+09:00,User,IdeState,Inactive,,,,,-1,-1,
2021-06-22T16:19:56.049+09:00,User,IdeState,Inactive,,,,,-1,-1,
2021-06-22T16:19:57.059+09:00,User,IdeState,Inactive,,,,,-1,-1,
2021-06-22T16:19:58.065+09:00,User,IdeState,Inactive,,,,,-1,-1,
2021-06-22T16:19:59.069+09:00,User,IdeState,Inactive,,,,,-1,-1,
2021-06-22T16:20:00.074+09:00,User,IdeState,Inactive,,,,,-1,-1,
2021-06-22T16:20:01.080+09:00,User,IdeState,Inactive,,,,,-1,-1,
2021-06-22T16:20:02.086+09:00,User,IdeState,Inactive,,,,,-1,-1,
2021-06-22T16:20:03.093+09:00,User,IdeState,Inactive,,,,,-1,-1,
2021-06-22T16:20:04.095+09:00,User,IdeState,Inactive,,,,,-1,-1,
2021-06-22T16:20:05.102+09:00,User,IdeState,Inactive,,,,,-1,-1,
2021-06-22T16:20:06.104+09:00,User,IdeState,Inactive,,,,,-1,-1,
2021-06-22T16:20:07.112+09:00,User,IdeState,Inactive,,,,,-1,-1,
2021-06-22T16:20:08.116+09:00,User,IdeState,Inactive,,,,,-1,-1,
2021-06-22T16:20:09.125+09:00,User,IdeState,Inactive,,,,,-1,-1,
2021-06-22T16:20:10.136+09:00,User,IdeState,Inactive,,,,,-1,-1,
2021-06-22T16:20:11.139+09:00,User,IdeState,Inactive,,,,,-1,-1,
2021-06-22T16:20:12.145+09:00,User,IdeState,Inactive,,,,,-1,-1,
2021-06-22T16:20:13.146+09:00,User,IdeState,Inactive,,,,,-1,-1,
2021-06-22T16:20:14.150+09:00,User,IdeState,Inactive,,,,,-1,-1,
2021-06-22T16:20:15.164+09:00,User,IdeState,Inactive,,,,,-1,-1,
2021-06-22T16:20:16.172+09:00,User,IdeState,Inactive,,,,,-1,-1,
2021-06-22T16:20:17.177+09:00,User,IdeState,Inactive,,,,,-1,-1,
2021-06-22T16:20:18.193+09:00,User,IdeState,Inactive,,,,,-1,-1,
2021-06-22T16:20:19.206+09:00,User,IdeState,Inactive,,,,,-1,-1,
2021-06-22T16:20:20.206+09:00,User,IdeState,Inactive,,,,,-1,-1,
2021-06-22T16:20:21.210+09:00,User,IdeState,Inactive,,,,,-1,-1,
2021-06-22T16:20:22.215+09:00,User,IdeState,Inactive,,,,,-1,-1,
2021-06-22T16:20:23.226+09:00,User,IdeState,Inactive,,,,,-1,-1,
2021-06-22T16:20:24.229+09:00,User,IdeState,Inactive,,,,,-1,-1,
2021-06-22T16:20:25.244+09:00,User,IdeState,Inactive,,,,,-1,-1,
2021-06-22T16:20:26.256+09:00,User,IdeState,Inactive,,,,,-1,-1,
2021-06-22T16:20:27.264+09:00,User,IdeState,Inactive,,,,,-1,-1,
2021-06-22T16:20:28.267+09:00,User,IdeState,Inactive,,,,,-1,-1,
2021-06-22T16:20:29.274+09:00,User,IdeState,Inactive,,,,,-1,-1,
2021-06-22T16:20:30.282+09:00,User,IdeState,Inactive,,,,,-1,-1,
2021-06-22T16:20:31.289+09:00,User,IdeState,Inactive,,,,,-1,-1,
2021-06-22T16:20:32.292+09:00,User,IdeState,Inactive,,,,,-1,-1,
2021-06-22T16:20:33.301+09:00,User,IdeState,Inactive,,,,,-1,-1,
2021-06-22T16:20:34.317+09:00,User,IdeState,Inactive,,,,,-1,-1,
2021-06-22T16:20:35.328+09:00,User,IdeState,Inactive,,,,,-1,-1,
2021-06-22T16:20:36.331+09:00,User,IdeState,Inactive,,,,,-1,-1,
2021-06-22T16:20:37.335+09:00,User,IdeState,Inactive,,,,,-1,-1,
2021-06-22T16:20:38.342+09:00,User,IdeState,Inactive,,,,,-1,-1,
2021-06-22T16:20:39.357+09:00,User,IdeState,Inactive,,,,,-1,-1,
2021-06-22T16:20:40.366+09:00,User,IdeState,Inactive,,,,,-1,-1,
2021-06-22T16:20:41.372+09:00,User,IdeState,Active,helloworld,Editor,C:/Users/User/CLionProjects/helloworld/main.cpp,,7,0,Default task
2021-06-22T16:20:42.377+09:00,User,IdeState,Active,helloworld,Editor,C:/Users/User/CLionProjects/helloworld/main.cpp,,7,0,Default task
2021-06-22T16:20:43.380+09:00,User,IdeState,Active,helloworld,Editor,C:/Users/User/CLionProjects/helloworld/main.cpp,,7,0,Default task
2021-06-22T16:20:44.384+09:00,User,IdeState,Active,helloworld,Editor,C:/Users/User/CLionProjects/helloworld/main.cpp,,7,0,Default task
2021-06-22T16:20:45.397+09:00,User,IdeState,Active,helloworld,Popup,C:/Users/User/CLionProjects/helloworld/main.cpp,,7,0,Default task
2021-06-22T16:20:46.406+09:00,User,IdeState,Active,helloworld,Popup,C:/Users/User/CLionProjects/helloworld/main.cpp,,7,0,Default task
2021-06-22T16:20:46.586+09:00,User,Action,ShowSettings,helloworld,Editor,C:/Users/User/CLionProjects/helloworld/main.cpp,,7,0,Default task
2021-06-22T16:20:47.901+09:00,User,IdeState,Active,helloworld,Editor,C:/Users/User/CLionProjects/helloworld/main.cpp,,7,0,Default task
2021-06-22T16:20:48.915+09:00,User,IdeState,Active,helloworld,Editor,C:/Users/User/CLionProjects/helloworld/main.cpp,,7,0,Default task
2021-06-22T16:20:49.925+09:00,User,IdeState,Active,helloworld,Editor,C:/Users/User/CLionProjects/helloworld/main.cpp,,7,0,Default task
2021-06-22T16:20:50.929+09:00,User,IdeState,Active,helloworld,Editor,C:/Users/User/CLionProjects/helloworld/main.cpp,,7,0,Default task
2021-06-22T16:20:51.930+09:00,User,IdeState,Active,helloworld,Editor,C:/Users/User/CLionProjects/helloworld/main.cpp,,7,0,Default task
2021-06-22T16:20:52.944+09:00,User,IdeState,Active,helloworld,Editor,C:/Users/User/CLionProjects/helloworld/main.cpp,,7,0,Default task
2021-06-22T16:20:53.946+09:00,User,IdeState,Active,helloworld,Editor,C:/Users/User/CLionProjects/helloworld/main.cpp,,7,0,Default task
2021-06-22T16:20:54.948+09:00,User,IdeState,Active,helloworld,Editor,C:/Users/User/CLionProjects/helloworld/main.cpp,,7,0,Default task
2021-06-22T16:20:55.961+09:00,User,IdeState,Active,helloworld,Editor,C:/Users/User/CLionProjects/helloworld/main.cpp,,7,0,Default task
2021-06-22T16:20:56.962+09:00,User,IdeState,Active,helloworld,Editor,C:/Users/User/CLionProjects/helloworld/main.cpp,,7,0,Default task
2021-06-22T16:20:57.967+09:00,User,IdeState,Active,helloworld,Editor,C:/Users/User/CLionProjects/helloworld/main.cpp,,7,0,Default task
2021-06-22T16:20:58.976+09:00,User,IdeState,Active,helloworld,Editor,C:/Users/User/CLionProjects/helloworld/main.cpp,,7,0,Default task
2021-06-22T16:20:59.981+09:00,User,IdeState,Active,helloworld,Editor,C:/Users/User/CLionProjects/helloworld/main.cpp,,7,0,Default task
2021-06-22T16:21:00.986+09:00,User,IdeState,Active,helloworld,Editor,C:/Users/User/CLionProjects/helloworld/main.cpp,,7,0,Default task
2021-06-22T16:21:01.999+09:00,User,IdeState,Active,helloworld,Editor,C:/Users/User/CLionProjects/helloworld/main.cpp,,7,0,Default task
2021-06-22T16:21:03.004+09:00,User,IdeState,Active,helloworld,Editor,C:/Users/User/CLionProjects/helloworld/main.cpp,,7,0,Default task
2021-06-22T16:21:04.005+09:00,User,IdeState,Active,helloworld,Editor,C:/Users/User/CLionProjects/helloworld/main.cpp,,7,0,Default task
2021-06-22T16:21:05.018+09:00,User,IdeState,Active,helloworld,Editor,C:/Users/User/CLionProjects/helloworld/main.cpp,,7,0,Default task
2021-06-22T16:21:06.023+09:00,User,IdeState,Active,helloworld,Editor,C:/Users/User/CLionProjects/helloworld/main.cpp,,7,0,Default task
2021-06-22T16:21:07.035+09:00,User,IdeState,Active,helloworld,Editor,C:/Users/User/CLionProjects/helloworld/main.cpp,,7,0,Default task
2021-06-22T16:21:08.038+09:00,User,IdeState,Active,helloworld,Editor,C:/Users/User/CLionProjects/helloworld/main.cpp,,7,0,Default task
2021-06-22T16:21:09.044+09:00,User,IdeState,Active,helloworld,Editor,C:/Users/User/CLionProjects/helloworld/main.cpp,,7,0,Default task
2021-06-22T16:21:10.046+09:00,User,IdeState,Active,helloworld,Editor,C:/Users/User/CLionProjects/helloworld/main.cpp,,7,0,Default task
2021-06-22T16:21:11.052+09:00,User,IdeState,Active,helloworld,Editor,C:/Users/User/CLionProjects/helloworld/main.cpp,,7,0,Default task
2021-06-22T16:21:12.056+09:00,User,IdeState,Active,helloworld,Editor,C:/Users/User/CLionProjects/helloworld/main.cpp,,7,0,Default task
2021-06-22T16:21:13.064+09:00,User,IdeState,Active,helloworld,Editor,C:/Users/User/CLionProjects/helloworld/main.cpp,,7,0,Default task
2021-06-22T16:21:14.074+09:00,User,IdeState,Active,helloworld,Editor,C:/Users/User/CLionProjects/helloworld/main.cpp,,7,0,Default task
2021-06-22T16:21:15.083+09:00,User,IdeState,Active,helloworld,Editor,C:/Users/User/CLionProjects/helloworld/main.cpp,,7,0,Default task
2021-06-22T16:21:16.087+09:00,User,IdeState,Active,helloworld,Editor,C:/Users/User/CLionProjects/helloworld/main.cpp,,7,0,Default task
2021-06-22T16:21:17.089+09:00,User,IdeState,Active,helloworld,Editor,C:/Users/User/CLionProjects/helloworld/main.cpp,,7,0,Default task
2021-06-22T16:21:18.094+09:00,User,IdeState,Active,helloworld,Editor,C:/Users/User/CLionProjects/helloworld/main.cpp,,7,0,Default task
2021-06-22T16:21:19.101+09:00,User,IdeState,Active,helloworld,Editor,C:/Users/User/CLionProjects/helloworld/main.cpp,,7,0,Default task
2021-06-22T16:21:20.104+09:00,User,IdeState,Active,helloworld,Editor,C:/Users/User/CLionProjects/helloworld/main.cpp,,7,0,Default task
2021-06-22T16:21:21.116+09:00,User,IdeState,Active,helloworld,Popup,C:/Users/User/CLionProjects/helloworld/main.cpp,,7,0,Default task
2021-06-22T16:21:22.121+09:00,User,IdeState,Active,helloworld,Popup,C:/Users/User/CLionProjects/helloworld/main.cpp,,7,0,Default task
2021-06-22T16:21:23.127+09:00,User,IdeState,Active,helloworld,Popup,C:/Users/User/CLionProjects/helloworld/main.cpp,,7,0,Default task
2021-06-22T16:21:24.133+09:00,User,IdeState,Active,helloworld,Popup,C:/Users/User/CLionProjects/helloworld/main.cpp,,7,0,Default task
2021-06-22T16:21:25.142+09:00,User,IdeState,Active,helloworld,Popup,C:/Users/User/CLionProjects/helloworld/main.cpp,,7,0,Default task
2021-06-22T16:21:35.669+09:00,User,Action,EditorBackSpace,helloworld,Editor,C:/Users/User/CLionProjects/helloworld/main.cpp,,3,12,Default task
2021-06-22T16:21:35.674+09:00,User,KeyEvent,8:8:0,helloworld,Editor,C:/Users/User/CLionProjects/helloworld/main.cpp,,3,12,Default task
2021-06-22T16:21:36.222+09:00,User,Action,EditorEnter,helloworld,Editor,C:/Users/User/CLionProjects/helloworld/main.cpp,,3,12,Default task
2021-06-22T16:21:36.239+09:00,User,KeyEvent,10:10:0,helloworld,Editor,C:/Users/User/CLionProjects/helloworld/main.cpp,,4,4,Default task
2021-06-22T16:22:00.636+09:00,User,Action,EditorBackSpace,helloworld,Editor,C:/Users/User/CLionProjects/helloworld/main.cpp,,4,4,Default task
2021-06-22T16:22:00.646+09:00,User,KeyEvent,8:8:0,helloworld,Editor,C:/Users/User/CLionProjects/helloworld/main.cpp,,3,12,Default task
2021-06-22T16:22:01.277+09:00,User,Action,EditorEnter,helloworld,Editor,C:/Users/User/CLionProjects/helloworld/main.cpp,,3,12,Default task
2021-06-22T16:22:01.285+09:00,User,KeyEvent,10:10:0,helloworld,Editor,C:/Users/User/CLionProjects/helloworld/main.cpp,,4,4,Default task
2021-06-22T16:22:02.372+09:00,User,KeyEvent,115:83:0,helloworld,Editor,C:/Users/User/CLionProjects/helloworld/main.cpp,,4,4,Default task
2021-06-22T16:22:02.491+09:00,User,KeyEvent,116:84:0,helloworld,Editor,C:/Users/User/CLionProjects/helloworld/main.cpp,,4,5,Default task
2021-06-22T16:22:02.621+09:00,User,KeyEvent,100:68:0,helloworld,Editor,C:/Users/User/CLionProjects/helloworld/main.cpp,,4,6,Default task
2021-06-22T16:22:02.798+09:00,User,KeyEvent,65535:16:1,helloworld,Editor,C:/Users/User/CLionProjects/helloworld/main.cpp,,4,7,Default task
2021-06-22T16:22:02.835+09:00,User,KeyEvent,58:59:1,helloworld,Editor,C:/Users/User/CLionProjects/helloworld/main.cpp,,4,7,Default task
2021-06-22T16:22:02.979+09:00,User,KeyEvent,58:59:1,helloworld,Editor,C:/Users/User/CLionProjects/helloworld/main.cpp,,4,8,Default task
2021-06-22T16:22:03.323+09:00,User,KeyEvent,99:67:0,helloworld,Editor,C:/Users/User/CLionProjects/helloworld/main.cpp,,4,9,Default task
2021-06-22T16:22:03.395+09:00,User,KeyEvent,111:79:0,helloworld,Editor,C:/Users/User/CLionProjects/helloworld/main.cpp,,4,10,Default task
2021-06-22T16:22:03.547+09:00,User,KeyEvent,117:85:0,helloworld,Editor,C:/Users/User/CLionProjects/helloworld/main.cpp,,4,11,Default task
2021-06-22T16:22:03.669+09:00,User,KeyEvent,116:84:0,helloworld,Editor,C:/Users/User/CLionProjects/helloworld/main.cpp,,4,12,Default task
2021-06-22T16:22:04.003+09:00,User,KeyEvent,32:32:0,helloworld,Editor,C:/Users/User/CLionProjects/helloworld/main.cpp,,4,13,Default task
2021-06-22T16:22:04.386+09:00,User,KeyEvent,65535:16:1,helloworld,Editor,C:/Users/User/CLionProjects/helloworld/main.cpp,,4,14,Default task
2021-06-22T16:22:04.442+09:00,User,KeyEvent,60:44:1,helloworld,Editor,C:/Users/User/CLionProjects/helloworld/main.cpp,,4,14,Default task
2021-06-22T16:22:04.580+09:00,User,KeyEvent,60:44:1,helloworld,Editor,C:/Users/User/CLionProjects/helloworld/main.cpp,,4,15,Default task
2021-06-22T16:22:05.244+09:00,User,KeyEvent,65535:16:1,helloworld,Editor,C:/Users/User/CLionProjects/helloworld/main.cpp,,4,16,Default task
2021-06-22T16:22:05.523+09:00,User,KeyEvent,32:32:0,helloworld,Editor,C:/Users/User/CLionProjects/helloworld/main.cpp,,4,16,Default task
2021-06-22T16:22:05.811+09:00,User,KeyEvent,65535:16:1,helloworld,Editor,C:/Users/User/CLionProjects/helloworld/main.cpp,,4,17,Default task
2021-06-22T16:22:05.867+09:00,User,KeyEvent,34:222:1,helloworld,Editor,C:/Users/User/CLionProjects/helloworld/main.cpp,,4,17,Default task
2021-06-22T16:22:06.299+09:00,User,Action,EditorBackSpace,helloworld,Editor,C:/Users/User/CLionProjects/helloworld/main.cpp,,4,18,Default task
2021-06-22T16:22:06.309+09:00,User,KeyEvent,8:8:0,helloworld,Editor,C:/Users/User/CLionProjects/helloworld/main.cpp,,4,17,Default task
2021-06-22T16:22:06.403+09:00,User,Action,EditorBackSpace,helloworld,Editor,C:/Users/User/CLionProjects/helloworld/main.cpp,,4,17,Default task
2021-06-22T16:22:06.405+09:00,User,KeyEvent,8:8:0,helloworld,Editor,C:/Users/User/CLionProjects/helloworld/main.cpp,,4,16,Default task
2021-06-22T16:22:06.539+09:00,User,Action,EditorBackSpace,helloworld,Editor,C:/Users/User/CLionProjects/helloworld/main.cpp,,4,16,Default task
2021-06-22T16:22:06.542+09:00,User,KeyEvent,8:8:0,helloworld,Editor,C:/Users/User/CLionProjects/helloworld/main.cpp,,4,15,Default task
2021-06-22T16:22:06.675+09:00,User,Action,EditorBackSpace,helloworld,Editor,C:/Users/User/CLionProjects/helloworld/main.cpp,,4,15,Default task
2021-06-22T16:22:06.678+09:00,User,KeyEvent,8:8:0,helloworld,Editor,C:/Users/User/CLionProjects/helloworld/main.cpp,,4,14,Default task
2021-06-22T16:22:06.788+09:00,User,Action,EditorBackSpace,helloworld,Editor,C:/Users/User/CLionProjects/helloworld/main.cpp,,4,14,Default task
2021-06-22T16:22:06.793+09:00,User,KeyEvent,8:8:0,helloworld,Editor,C:/Users/User/CLionProjects/helloworld/main.cpp,,4,13,Default task
2021-06-22T16:22:07.090+09:00,User,KeyEvent,65535:16:1,helloworld,Editor,C:/Users/User/CLionProjects/helloworld/main.cpp,,4,13,Default task
2021-06-22T16:22:07.154+09:00,User,KeyEvent,62:46:1,helloworld,Editor,C:/Users/User/CLionProjects/helloworld/main.cpp,,4,13,Default task
2021-06-22T16:22:07.283+09:00,User,KeyEvent,62:46:1,helloworld,Editor,C:/Users/User/CLionProjects/helloworld/main.cpp,,4,14,Default task
2021-06-22T16:22:07.699+09:00,User,Action,EditorBackSpace,helloworld,Editor,C:/Users/User/CLionProjects/helloworld/main.cpp,,4,15,Default task
2021-06-22T16:22:07.710+09:00,User,KeyEvent,8:8:0,helloworld,Editor,C:/Users/User/CLionProjects/helloworld/main.cpp,,4,14,Default task
2021-06-22T16:22:07.826+09:00,User,Action,EditorBackSpace,helloworld,Editor,C:/Users/User/CLionProjects/helloworld/main.cpp,,4,14,Default task
2021-06-22T16:22:07.829+09:00,User,KeyEvent,8:8:0,helloworld,Editor,C:/Users/User/CLionProjects/helloworld/main.cpp,,4,13,Default task
2021-06-22T16:22:08.075+09:00,User,KeyEvent,65535:16:1,helloworld,Editor,C:/Users/User/CLionProjects/helloworld/main.cpp,,4,13,Default task
2021-06-22T16:22:08.099+09:00,User,KeyEvent,60:44:1,helloworld,Editor,C:/Users/User/CLionProjects/helloworld/main.cpp,,4,13,Default task
2021-06-22T16:22:08.251+09:00,User,KeyEvent,60:44:1,helloworld,Editor,C:/Users/User/CLionProjects/helloworld/main.cpp,,4,14,Default task
2021-06-22T16:22:09.092+09:00,User,KeyEvent,65535:16:1,helloworld,Editor,C:/Users/User/CLionProjects/helloworld/main.cpp,,4,15,Default task
2021-06-22T16:22:09.204+09:00,User,KeyEvent,34:222:1,helloworld,Editor,C:/Users/User/CLionProjects/helloworld/main.cpp,,4,15,Default task
2021-06-22T16:22:09.660+09:00,User,KeyEvent,65535:20:0,helloworld,Editor,C:/Users/User/CLionProjects/helloworld/main.cpp,,4,16,Default task
2021-06-22T16:22:10.052+09:00,User,KeyEvent,72:72:0,helloworld,Editor,C:/Users/User/CLionProjects/helloworld/main.cpp,,4,16,Default task
2021-06-22T16:22:10.107+09:00,User,KeyEvent,65535:20:0,helloworld,Editor,C:/Users/User/CLionProjects/helloworld/main.cpp,,4,17,Default task
2021-06-22T16:22:10.731+09:00,User,KeyEvent,101:69:0,helloworld,Editor,C:/Users/User/CLionProjects/helloworld/main.cpp,,4,17,Default task
2021-06-22T16:22:10.907+09:00,User,KeyEvent,108:76:0,helloworld,Editor,C:/Users/User/CLionProjects/helloworld/main.cpp,,4,18,Default task
2021-06-22T16:22:11.042+09:00,User,KeyEvent,108:76:0,helloworld,Editor,C:/Users/User/CLionProjects/helloworld/main.cpp,,4,19,Default task
2021-06-22T16:22:12.051+09:00,User,KeyEvent,111:79:0,helloworld,Editor,C:/Users/User/CLionProjects/helloworld/main.cpp,,4,20,Default task
2021-06-22T16:22:12.682+09:00,User,KeyEvent,44:44:0,helloworld,Editor,C:/Users/User/CLionProjects/helloworld/main.cpp,,4,21,Default task
2021-06-22T16:22:12.822+09:00,User,KeyEvent,32:32:0,helloworld,Editor,C:/Users/User/CLionProjects/helloworld/main.cpp,,4,22,Default task
2021-06-22T16:22:12.900+09:00,User,KeyEvent,65535:20:0,helloworld,Editor,C:/Users/User/CLionProjects/helloworld/main.cpp,,4,23,Default task
2021-06-22T16:22:13.059+09:00,User,KeyEvent,87:87:0,helloworld,Editor,C:/Users/User/CLionProjects/helloworld/main.cpp,,4,23,Default task
2021-06-22T16:22:13.157+09:00,User,KeyEvent,65535:20:0,helloworld,Editor,C:/Users/User/CLionProjects/helloworld/main.cpp,,4,24,Default task
2021-06-22T16:22:13.562+09:00,User,KeyEvent,111:79:0,helloworld,Editor,C:/Users/User/CLionProjects/helloworld/main.cpp,,4,24,Default task
2021-06-22T16:22:13.707+09:00,User,KeyEvent,114:82:0,helloworld,Editor,C:/Users/User/CLionProjects/helloworld/main.cpp,,4,25,Default task
2021-06-22T16:22:14.659+09:00,User,KeyEvent,108:76:0,helloworld,Editor,C:/Users/User/CLionProjects/helloworld/main.cpp,,4,26,Default task
2021-06-22T16:22:14.835+09:00,User,KeyEvent,100:68:0,helloworld,Editor,C:/Users/User/CLionProjects/helloworld/main.cpp,,4,27,Default task
2021-06-22T16:22:15.267+09:00,User,KeyEvent,65535:16:1,helloworld,Editor,C:/Users/User/CLionProjects/helloworld/main.cpp,,4,28,Default task
2021-06-22T16:22:15.419+09:00,User,KeyEvent,33:49:1,helloworld,Editor,C:/Users/User/CLionProjects/helloworld/main.cpp,,4,28,Default task
2021-06-22T16:22:15.732+09:00,User,KeyEvent,65535:16:1,helloworld,Editor,C:/Users/User/CLionProjects/helloworld/main.cpp,,4,29,Default task
2021-06-22T16:22:15.836+09:00,User,KeyEvent,34:222:1,helloworld,Editor,C:/Users/User/CLionProjects/helloworld/main.cpp,,4,29,Default task
2021-06-22T16:22:15.970+09:00,User,KeyEvent,34:222:1,helloworld,Editor,C:/Users/User/CLionProjects/helloworld/main.cpp,,4,30,Default task
2021-06-22T16:22:16.467+09:00,User,Action,EditorBackSpace,helloworld,Editor,C:/Users/User/CLionProjects/helloworld/main.cpp,,4,31,Default task
2021-06-22T16:22:16.472+09:00,User,KeyEvent,8:8:0,helloworld,Editor,C:/Users/User/CLionProjects/helloworld/main.cpp,,4,30,Default task
2021-06-22T16:22:17.372+09:00,User,Action,EditorRight,helloworld,Editor,C:/Users/User/CLionProjects/helloworld/main.cpp,,4,30,Default task
2021-06-22T16:22:17.376+09:00,User,KeyEvent,65535:39:0,helloworld,Editor,C:/Users/User/CLionProjects/helloworld/main.cpp,,5,0,Default task
2021-06-22T16:22:17.988+09:00,User,Action,EditorLeft,helloworld,Editor,C:/Users/User/CLionProjects/helloworld/main.cpp,,5,0,Default task
2021-06-22T16:22:17.991+09:00,User,KeyEvent,65535:37:0,helloworld,Editor,C:/Users/User/CLionProjects/helloworld/main.cpp,,4,30,Default task
2021-06-22T16:22:19.589+09:00,User,KeyEvent,65535:16:1,helloworld,Editor,C:/Users/User/CLionProjects/helloworld/main.cpp,,4,30,Default task
2021-06-22T16:22:19.866+09:00,User,KeyEvent,60:44:1,helloworld,Editor,C:/Users/User/CLionProjects/helloworld/main.cpp,,4,30,Default task
2021-06-22T16:22:20.019+09:00,User,KeyEvent,60:44:1,helloworld,Editor,C:/Users/User/CLionProjects/helloworld/main.cpp,,4,31,Default task
2021-06-22T16:22:20.851+09:00,User,KeyEvent,115:83:0,helloworld,Editor,C:/Users/User/CLionProjects/helloworld/main.cpp,,4,32,Default task
2021-06-22T16:22:20.947+09:00,User,KeyEvent,116:84:0,helloworld,Editor,C:/Users/User/CLionProjects/helloworld/main.cpp,,4,33,Default task
2021-06-22T16:22:21.201+09:00,User,KeyEvent,100:68:0,helloworld,Editor,C:/Users/User/CLionProjects/helloworld/main.cpp,,4,34,Default task
2021-06-22T16:22:21.690+09:00,User,KeyEvent,65535:16:1,helloworld,Editor,C:/Users/User/CLionProjects/helloworld/main.cpp,,4,35,Default task
2021-06-22T16:22:21.969+09:00,User,KeyEvent,58:59:1,helloworld,Editor,C:/Users/User/CLionProjects/helloworld/main.cpp,,4,35,Default task
2021-06-22T16:22:22.107+09:00,User,KeyEvent,58:59:1,helloworld,Editor,C:/Users/User/CLionProjects/helloworld/main.cpp,,4,36,Default task
2021-06-22T16:22:22.820+09:00,User,KeyEvent,101:69:0,helloworld,Editor,C:/Users/User/CLionProjects/helloworld/main.cpp,,4,37,Default task
2021-06-22T16:22:22.933+09:00,User,KeyEvent,110:78:0,helloworld,Editor,C:/Users/User/CLionProjects/helloworld/main.cpp,,4,38,Default task
2021-06-22T16:22:23.007+09:00,User,KeyEvent,100:68:0,helloworld,Editor,C:/Users/User/CLionProjects/helloworld/main.cpp,,4,39,Default task
2021-06-22T16:22:23.483+09:00,User,KeyEvent,108:76:0,helloworld,Editor,C:/Users/User/CLionProjects/helloworld/main.cpp,,4,40,Default task
2021-06-22T16:22:24.307+09:00,User,KeyEvent,59:59:0,helloworld,Editor,C:/Users/User/CLionProjects/helloworld/main.cpp,,4,41,Default task
2021-06-22T16:22:24.804+09:00,User,Action,EditorEnter,helloworld,Editor,C:/Users/User/CLionProjects/helloworld/main.cpp,,4,42,Default task
2021-06-22T16:22:24.813+09:00,User,KeyEvent,10:10:0,helloworld,Editor,C:/Users/User/CLionProjects/helloworld/main.cpp,,5,4,Default task
2021-06-22T16:22:25.107+09:00,User,KeyEvent,114:82:0,helloworld,Editor,C:/Users/User/CLionProjects/helloworld/main.cpp,,5,4,Default task
2021-06-22T16:22:25.172+09:00,User,KeyEvent,101:69:0,helloworld,Editor,C:/Users/User/CLionProjects/helloworld/main.cpp,,5,5,Default task
2021-06-22T16:22:25.353+09:00,User,KeyEvent,116:84:0,helloworld,Editor,C:/Users/User/CLionProjects/helloworld/main.cpp,,5,6,Default task
2021-06-22T16:22:25.450+09:00,User,KeyEvent,117:85:0,helloworld,Editor,C:/Users/User/CLionProjects/helloworld/main.cpp,,5,7,Default task
2021-06-22T16:22:25.563+09:00,User,KeyEvent,114:82:0,helloworld,Editor,C:/Users/User/CLionProjects/helloworld/main.cpp,,5,8,Default task
2021-06-22T16:22:25.667+09:00,User,KeyEvent,110:78:0,helloworld,Editor,C:/Users/User/CLionProjects/helloworld/main.cpp,,5,9,Default task
2021-06-22T16:22:25.774+09:00,User,KeyEvent,32:32:0,helloworld,Editor,C:/Users/User/CLionProjects/helloworld/main.cpp,,5,10,Default task
2021-06-22T16:22:25.883+09:00,User,KeyEvent,48:48:0,helloworld,Editor,C:/Users/User/CLionProjects/helloworld/main.cpp,,5,11,Default task
2021-06-22T16:22:26.131+09:00,User,KeyEvent,59:59:0,helloworld,Editor,C:/Users/User/CLionProjects/helloworld/main.cpp,,5,12,Default task
2021-06-22T16:22:26.610+09:00,User,KeyEvent,65535:17:2,helloworld,Editor,C:/Users/User/CLionProjects/helloworld/main.cpp,,5,13,Default task
2021-06-22T16:22:27.121+09:00,User,KeyEvent,65535:17:2,helloworld,Editor,C:/Users/User/CLionProjects/helloworld/main.cpp,,5,13,Default task
2021-06-22T16:22:27.151+09:00,User,KeyEvent,65535:17:2,helloworld,Editor,C:/Users/User/CLionProjects/helloworld/main.cpp,,5,13,Default task
2021-06-22T16:22:27.182+09:00,User,KeyEvent,65535:17:2,helloworld,Editor,C:/Users/User/CLionProjects/helloworld/main.cpp,,5,13,Default task
2021-06-22T16:22:27.187+09:00,User,Action,SaveAll,helloworld,Editor,C:/Users/User/CLionProjects/helloworld/main.cpp,,5,13,Default task
2021-06-22T16:22:27.203+09:00,User,KeyEvent,19:83:2,helloworld,Editor,C:/Users/User/CLionProjects/helloworld/main.cpp,,5,13,Default task
2021-06-22T16:22:41.283+09:00,User,Action,EditorLeft,helloworld,Editor,C:/Users/User/CLionProjects/helloworld/main.cpp,,4,30,Default task
2021-06-22T16:22:41.286+09:00,User,KeyEvent,65535:37:0,helloworld,Editor,C:/Users/User/CLionProjects/helloworld/main.cpp,,4,29,Default task
2021-06-22T16:22:41.605+09:00,User,KeyEvent,32:32:0,helloworld,Editor,C:/Users/User/CLionProjects/helloworld/main.cpp,,4,29,Default task
2021-06-22T16:22:41.891+09:00,User,KeyEvent,50:98:0,helloworld,Editor,C:/Users/User/CLionProjects/helloworld/main.cpp,,4,30,Default task
2021-06-22T16:22:42.050+09:00,User,KeyEvent,48:96:0,helloworld,Editor,C:/Users/User/CLionProjects/helloworld/main.cpp,,4,31,Default task
2021-06-22T16:22:42.250+09:00,User,KeyEvent,49:97:0,helloworld,Editor,C:/Users/User/CLionProjects/helloworld/main.cpp,,4,32,Default task
2021-06-22T16:22:42.450+09:00,User,KeyEvent,55:103:0,helloworld,Editor,C:/Users/User/CLionProjects/helloworld/main.cpp,,4,33,Default task
2021-06-22T16:22:42.882+09:00,User,KeyEvent,50:98:0,helloworld,Editor,C:/Users/User/CLionProjects/helloworld/main.cpp,,4,34,Default task
2021-06-22T16:22:43.082+09:00,User,KeyEvent,52:100:0,helloworld,Editor,C:/Users/User/CLionProjects/helloworld/main.cpp,,4,35,Default task
2021-06-22T16:22:43.299+09:00,User,KeyEvent,54:102:0,helloworld,Editor,C:/Users/User/CLionProjects/helloworld/main.cpp,,4,36,Default task
2021-06-22T16:22:43.482+09:00,User,KeyEvent,52:100:0,helloworld,Editor,C:/Users/User/CLionProjects/helloworld/main.cpp,,4,37,Default task
2021-06-22T16:22:43.691+09:00,User,KeyEvent,56:104:0,helloworld,Editor,C:/Users/User/CLionProjects/helloworld/main.cpp,,4,38,Default task
2021-06-22T16:22:44.917+09:00,User,KeyEvent,65535:17:2,helloworld,Editor,C:/Users/User/CLionProjects/helloworld/main.cpp,,7,0,Default task
2021-06-22T16:22:45.108+09:00,User,Action,SaveAll,helloworld,Editor,C:/Users/User/CLionProjects/helloworld/main.cpp,,7,0,Default task
2021-06-22T16:22:45.129+09:00,User,KeyEvent,19:83:2,helloworld,Editor,C:/Users/User/CLionProjects/helloworld/main.cpp,,7,0,Default task
2021-06-22T16:23:02.251+09:00,User,KeyEvent,65535:17:2,helloworld,Editor,C:/Users/User/CLionProjects/helloworld/main.cpp,,7,0,Default task
2021-06-22T16:23:02.484+09:00,User,Action,SaveAll,helloworld,Editor,C:/Users/User/CLionProjects/helloworld/main.cpp,,7,0,Default task
2021-06-22T16:23:02.485+09:00,User,KeyEvent,19:83:2,helloworld,Editor,C:/Users/User/CLionProjects/helloworld/main.cpp,,7,0,Default task
2021-06-22T16:23:03.926+09:00,User,Action,Run,helloworld,Editor,C:/Users/User/CLionProjects/helloworld/main.cpp,,7,0,Default task
2021-06-22T16:37:30.482+09:00,User,Action,Run,helloworld,Editor,C:/Users/User/CLionProjects/helloworld/main.cpp,,7,0,Default task
2021-06-22T16:39:18.532+09:00,User,KeyEvent,65535:17:2,helloworld,Editor,C:/Users/User/CLionProjects/helloworld/main.cpp,,7,0,Default task
2021-06-22T16:39:18.778+09:00,User,Action,SaveAll,helloworld,Editor,C:/Users/User/CLionProjects/helloworld/main.cpp,,7,0,Default task
2021-06-22T16:39:18.779+09:00,User,KeyEvent,19:83:2,helloworld,Editor,C:/Users/User/CLionProjects/helloworld/main.cpp,,7,0,Default task
2021-06-22T16:41:20.171+09:00,User,Action,Roll Tracking Log,,,,,-1,-1,
