2021-06-24T23:50:14.676+09:00,User,Action,EditorBackSpace,assign_3,Editor,C:/Users/User/CLionProjects/assign_3/student.cpp,,5,1,Default task
2021-06-24T23:50:14.679+09:00,User,KeyEvent,8:8:0,assign_3,Editor,C:/Users/User/CLionProjects/assign_3/student.cpp,,4,39,Default task
2021-06-24T23:50:14.950+09:00,User,Action,EditorEnter,assign_3,Editor,C:/Users/User/CLionProjects/assign_3/student.cpp,,4,39,Default task
2021-06-24T23:50:14.953+09:00,User,KeyEvent,10:10:0,assign_3,Editor,C:/Users/User/CLionProjects/assign_3/student.cpp,,5,4,Default task
2021-06-24T23:50:19.230+09:00,User,KeyEvent,117:85:0,assign_3,Editor,C:/Users/User/CLionProjects/assign_3/student.cpp,,5,4,Default task
2021-06-24T23:50:19.309+09:00,User,KeyEvent,110:78:0,assign_3,Editor,C:/Users/User/CLionProjects/assign_3/student.cpp,,5,5,Default task
2021-06-24T23:50:19.490+09:00,User,KeyEvent,105:73:0,assign_3,Editor,C:/Users/User/CLionProjects/assign_3/student.cpp,,5,6,Default task
2021-06-24T23:50:19.652+09:00,User,KeyEvent,113:81:0,assign_3,Editor,C:/Users/User/CLionProjects/assign_3/student.cpp,,5,7,Default task
2021-06-24T23:50:20.494+09:00,User,Action,EditorChooseLookupItem,assign_3,Editor,C:/Users/User/CLionProjects/assign_3/student.cpp,,5,8,Default task
2021-06-24T23:50:20.509+09:00,User,KeyEvent,10:10:0,assign_3,Editor,C:/Users/User/CLionProjects/assign_3/student.cpp,,5,11,Default task
2021-06-24T23:50:21.774+09:00,User,Action,EditorBackSpace,assign_3,Editor,C:/Users/User/CLionProjects/assign_3/student.cpp,,5,11,Default task
2021-06-24T23:50:21.776+09:00,User,KeyEvent,8:8:0,assign_3,Editor,C:/Users/User/CLionProjects/assign_3/student.cpp,,5,10,Default task
2021-06-24T23:50:22.061+09:00,User,KeyEvent,65535:16:1,assign_3,Editor,C:/Users/User/CLionProjects/assign_3/student.cpp,,5,10,Default task
2021-06-24T23:50:22.181+09:00,User,KeyEvent,95:45:1,assign_3,Editor,C:/Users/User/CLionProjects/assign_3/student.cpp,,5,10,Default task
2021-06-24T23:50:22.413+09:00,User,KeyEvent,112:80:0,assign_3,Editor,C:/Users/User/CLionProjects/assign_3/student.cpp,,5,11,Default task
2021-06-24T23:50:22.597+09:00,User,KeyEvent,116:84:0,assign_3,Editor,C:/Users/User/CLionProjects/assign_3/student.cpp,,5,12,Default task
2021-06-24T23:50:23.517+09:00,User,KeyEvent,114:82:0,assign_3,Editor,C:/Users/User/CLionProjects/assign_3/student.cpp,,5,13,Default task
2021-06-24T23:50:24.166+09:00,User,KeyEvent,65535:16:1,assign_3,Editor,C:/Users/User/CLionProjects/assign_3/student.cpp,,5,14,Default task
2021-06-24T23:50:24.212+09:00,User,KeyEvent,60:44:1,assign_3,Editor,C:/Users/User/CLionProjects/assign_3/student.cpp,,5,14,Default task
2021-06-24T23:50:24.375+09:00,User,KeyEvent,65535:20:0,assign_3,Editor,C:/Users/User/CLionProjects/assign_3/student.cpp,,5,15,Default task
2021-06-24T23:50:24.620+09:00,User,KeyEvent,83:83:0,assign_3,Editor,C:/Users/User/CLionProjects/assign_3/student.cpp,,5,15,Default task
2021-06-24T23:50:24.757+09:00,User,KeyEvent,65535:20:0,assign_3,Editor,C:/Users/User/CLionProjects/assign_3/student.cpp,,5,16,Default task
2021-06-24T23:50:24.853+09:00,User,KeyEvent,116:84:0,assign_3,Editor,C:/Users/User/CLionProjects/assign_3/student.cpp,,5,16,Default task
2021-06-24T23:50:25.462+09:00,User,KeyEvent,117:85:0,assign_3,Editor,C:/Users/User/CLionProjects/assign_3/student.cpp,,5,17,Default task
2021-06-24T23:50:25.822+09:00,User,Action,EditorChooseLookupItem,assign_3,Editor,C:/Users/User/CLionProjects/assign_3/student.cpp,,5,18,Default task
2021-06-24T23:50:25.840+09:00,User,KeyEvent,10:10:0,assign_3,Editor,C:/Users/User/CLionProjects/assign_3/student.cpp,,5,26,Default task
2021-06-24T23:50:27.230+09:00,User,KeyEvent,65535:16:1,assign_3,Editor,C:/Users/User/CLionProjects/assign_3/student.cpp,,5,26,Default task
2021-06-24T23:50:27.351+09:00,User,KeyEvent,62:46:1,assign_3,Editor,C:/Users/User/CLionProjects/assign_3/student.cpp,,5,26,Default task
2021-06-24T23:50:27.606+09:00,User,KeyEvent,32:32:0,assign_3,Editor,C:/Users/User/CLionProjects/assign_3/student.cpp,,5,27,Default task
2021-06-24T23:50:27.766+09:00,User,KeyEvent,112:80:0,assign_3,Editor,C:/Users/User/CLionProjects/assign_3/student.cpp,,5,28,Default task
2021-06-24T23:50:27.853+09:00,User,KeyEvent,116:84:0,assign_3,Editor,C:/Users/User/CLionProjects/assign_3/student.cpp,,5,29,Default task
2021-06-24T23:50:28.020+09:00,User,KeyEvent,114:82:0,assign_3,Editor,C:/Users/User/CLionProjects/assign_3/student.cpp,,5,30,Default task
2021-06-24T23:50:29.150+09:00,User,KeyEvent,65535:16:1,assign_3,Editor,C:/Users/User/CLionProjects/assign_3/student.cpp,,5,31,Default task
2021-06-24T23:50:29.261+09:00,User,KeyEvent,40:57:1,assign_3,Editor,C:/Users/User/CLionProjects/assign_3/student.cpp,,5,31,Default task
2021-06-24T23:50:29.567+09:00,User,KeyEvent,110:78:0,assign_3,Editor,C:/Users/User/CLionProjects/assign_3/student.cpp,,5,32,Default task
2021-06-24T23:50:29.653+09:00,User,KeyEvent,101:69:0,assign_3,Editor,C:/Users/User/CLionProjects/assign_3/student.cpp,,5,33,Default task
2021-06-24T23:50:29.740+09:00,User,KeyEvent,119:87:0,assign_3,Editor,C:/Users/User/CLionProjects/assign_3/student.cpp,,5,34,Default task
2021-06-24T23:50:31.559+09:00,User,KeyEvent,32:32:0,assign_3,Editor,C:/Users/User/CLionProjects/assign_3/student.cpp,,5,35,Default task
2021-06-24T23:50:31.731+09:00,User,KeyEvent,65535:20:0,assign_3,Editor,C:/Users/User/CLionProjects/assign_3/student.cpp,,5,36,Default task
2021-06-24T23:50:31.901+09:00,User,KeyEvent,65535:20:0,assign_3,Editor,C:/Users/User/CLionProjects/assign_3/student.cpp,,5,36,Default task
2021-06-24T23:50:32.253+09:00,User,KeyEvent,115:83:0,assign_3,Editor,C:/Users/User/CLionProjects/assign_3/student.cpp,,5,36,Default task
2021-06-24T23:50:32.654+09:00,User,Action,EditorBackSpace,assign_3,Editor,C:/Users/User/CLionProjects/assign_3/student.cpp,,5,37,Default task
2021-06-24T23:50:32.667+09:00,User,KeyEvent,8:8:0,assign_3,Editor,C:/Users/User/CLionProjects/assign_3/student.cpp,,5,36,Default task
2021-06-24T23:50:32.719+09:00,User,KeyEvent,65535:20:0,assign_3,Editor,C:/Users/User/CLionProjects/assign_3/student.cpp,,5,36,Default task
2021-06-24T23:50:32.805+09:00,User,KeyEvent,83:83:0,assign_3,Editor,C:/Users/User/CLionProjects/assign_3/student.cpp,,5,36,Default task
2021-06-24T23:50:32.893+09:00,User,KeyEvent,65535:20:0,assign_3,Editor,C:/Users/User/CLionProjects/assign_3/student.cpp,,5,37,Default task
2021-06-24T23:50:33.142+09:00,User,KeyEvent,116:84:0,assign_3,Editor,C:/Users/User/CLionProjects/assign_3/student.cpp,,5,37,Default task
2021-06-24T23:50:33.518+09:00,User,Action,EditorChooseLookupItem,assign_3,Editor,C:/Users/User/CLionProjects/assign_3/student.cpp,,5,38,Default task
2021-06-24T23:50:33.537+09:00,User,KeyEvent,10:10:0,assign_3,Editor,C:/Users/User/CLionProjects/assign_3/student.cpp,,5,47,Default task
2021-06-24T23:50:33.861+09:00,User,KeyEvent,65535:16:1,assign_3,Editor,C:/Users/User/CLionProjects/assign_3/student.cpp,,5,47,Default task
2021-06-24T23:50:33.949+09:00,User,KeyEvent,41:48:1,assign_3,Editor,C:/Users/User/CLionProjects/assign_3/student.cpp,,5,47,Default task
2021-06-24T23:50:34.518+09:00,User,KeyEvent,59:59:0,assign_3,Editor,C:/Users/User/CLionProjects/assign_3/student.cpp,,5,48,Default task
2021-06-24T23:50:34.717+09:00,User,Action,EditorEnter,assign_3,Editor,C:/Users/User/CLionProjects/assign_3/student.cpp,,5,49,Default task
2021-06-24T23:50:34.719+09:00,User,KeyEvent,10:10:0,assign_3,Editor,C:/Users/User/CLionProjects/assign_3/student.cpp,,6,4,Default task
2021-06-24T23:50:35.092+09:00,User,Action,EditorEnter,assign_3,Editor,C:/Users/User/CLionProjects/assign_3/student.cpp,,6,4,Default task
2021-06-24T23:50:35.104+09:00,User,KeyEvent,10:10:0,assign_3,Editor,C:/Users/User/CLionProjects/assign_3/student.cpp,,7,4,Default task
2021-06-24T23:50:35.461+09:00,User,KeyEvent,99:67:0,assign_3,Editor,C:/Users/User/CLionProjects/assign_3/student.cpp,,7,4,Default task
2021-06-24T23:50:35.565+09:00,User,KeyEvent,105:73:0,assign_3,Editor,C:/Users/User/CLionProjects/assign_3/student.cpp,,7,5,Default task
2021-06-24T23:50:35.693+09:00,User,KeyEvent,110:78:0,assign_3,Editor,C:/Users/User/CLionProjects/assign_3/student.cpp,,7,6,Default task
2021-06-24T23:50:35.861+09:00,User,KeyEvent,32:32:0,assign_3,Editor,C:/Users/User/CLionProjects/assign_3/student.cpp,,7,7,Default task
2021-06-24T23:50:35.998+09:00,User,KeyEvent,65535:16:1,assign_3,Editor,C:/Users/User/CLionProjects/assign_3/student.cpp,,7,8,Default task
2021-06-24T23:50:36.069+09:00,User,KeyEvent,62:46:1,assign_3,Editor,C:/Users/User/CLionProjects/assign_3/student.cpp,,7,8,Default task
2021-06-24T23:50:36.205+09:00,User,KeyEvent,62:46:1,assign_3,Editor,C:/Users/User/CLionProjects/assign_3/student.cpp,,7,9,Default task
2021-06-24T23:50:36.488+09:00,User,KeyEvent,32:32:0,assign_3,Editor,C:/Users/User/CLionProjects/assign_3/student.cpp,,7,10,Default task
2021-06-24T23:50:37.575+09:00,User,KeyEvent,112:80:0,assign_3,Editor,C:/Users/User/CLionProjects/assign_3/student.cpp,,7,11,Default task
2021-06-24T23:50:37.836+09:00,User,KeyEvent,116:84:0,assign_3,Editor,C:/Users/User/CLionProjects/assign_3/student.cpp,,7,12,Default task
2021-06-24T23:50:38.037+09:00,User,KeyEvent,114:82:0,assign_3,Editor,C:/Users/User/CLionProjects/assign_3/student.cpp,,7,13,Default task
2021-06-24T23:50:38.205+09:00,User,KeyEvent,45:45:0,assign_3,Editor,C:/Users/User/CLionProjects/assign_3/student.cpp,,7,14,Default task
2021-06-24T23:50:38.408+09:00,User,KeyEvent,65535:16:1,assign_3,Editor,C:/Users/User/CLionProjects/assign_3/student.cpp,,7,15,Default task
2021-06-24T23:50:38.461+09:00,User,KeyEvent,62:46:1,assign_3,Editor,C:/Users/User/CLionProjects/assign_3/student.cpp,,7,15,Default task
2021-06-24T23:50:39.806+09:00,User,Action,EditorDown,assign_3,Editor,C:/Users/User/CLionProjects/assign_3/student.cpp,,7,16,Default task
2021-06-24T23:50:39.809+09:00,User,KeyEvent,65535:40:0,assign_3,Editor,C:/Users/User/CLionProjects/assign_3/student.cpp,,7,16,Default task
2021-06-24T23:50:40.150+09:00,User,Action,EditorChooseLookupItem,assign_3,Editor,C:/Users/User/CLionProjects/assign_3/student.cpp,,7,16,Default task
2021-06-24T23:50:40.160+09:00,User,KeyEvent,10:10:0,assign_3,Editor,C:/Users/User/CLionProjects/assign_3/student.cpp,,7,20,Default task
2021-06-24T23:50:40.909+09:00,User,KeyEvent,59:59:0,assign_3,Editor,C:/Users/User/CLionProjects/assign_3/student.cpp,,7,20,Default task
2021-06-24T23:50:41.206+09:00,User,Action,EditorEnter,assign_3,Editor,C:/Users/User/CLionProjects/assign_3/student.cpp,,7,21,Default task
2021-06-24T23:50:41.207+09:00,User,KeyEvent,10:10:0,assign_3,Editor,C:/Users/User/CLionProjects/assign_3/student.cpp,,8,4,Default task
2021-06-24T23:50:41.349+09:00,User,Action,EditorEnter,assign_3,Editor,C:/Users/User/CLionProjects/assign_3/student.cpp,,8,4,Default task
2021-06-24T23:50:41.351+09:00,User,KeyEvent,10:10:0,assign_3,Editor,C:/Users/User/CLionProjects/assign_3/student.cpp,,9,4,Default task
2021-06-24T23:50:41.709+09:00,User,KeyEvent,102:70:0,assign_3,Editor,C:/Users/User/CLionProjects/assign_3/student.cpp,,9,4,Default task
2021-06-24T23:50:41.804+09:00,User,KeyEvent,111:79:0,assign_3,Editor,C:/Users/User/CLionProjects/assign_3/student.cpp,,9,5,Default task
2021-06-24T23:50:41.919+09:00,User,KeyEvent,114:82:0,assign_3,Editor,C:/Users/User/CLionProjects/assign_3/student.cpp,,9,6,Default task
2021-06-24T23:50:42.029+09:00,User,KeyEvent,65535:16:1,assign_3,Editor,C:/Users/User/CLionProjects/assign_3/student.cpp,,9,7,Default task
2021-06-24T23:50:42.117+09:00,User,KeyEvent,40:57:1,assign_3,Editor,C:/Users/User/CLionProjects/assign_3/student.cpp,,9,7,Default task
2021-06-24T23:51:30.957+09:00,User,KeyEvent,105:73:0,assign_3,Editor,C:/Users/User/CLionProjects/assign_3/student.cpp,,9,8,Default task
2021-06-24T23:51:31.052+09:00,User,KeyEvent,110:78:0,assign_3,Editor,C:/Users/User/CLionProjects/assign_3/student.cpp,,9,9,Default task
2021-06-24T23:51:31.100+09:00,User,KeyEvent,116:84:0,assign_3,Editor,C:/Users/User/CLionProjects/assign_3/student.cpp,,9,10,Default task
2021-06-24T23:51:31.271+09:00,User,KeyEvent,32:32:0,assign_3,Editor,C:/Users/User/CLionProjects/assign_3/student.cpp,,9,11,Default task
2021-06-24T23:51:31.356+09:00,User,KeyEvent,105:73:0,assign_3,Editor,C:/Users/User/CLionProjects/assign_3/student.cpp,,9,12,Default task
2021-06-24T23:51:31.469+09:00,User,KeyEvent,32:32:0,assign_3,Editor,C:/Users/User/CLionProjects/assign_3/student.cpp,,9,13,Default task
2021-06-24T23:51:31.605+09:00,User,KeyEvent,45:45:0,assign_3,Editor,C:/Users/User/CLionProjects/assign_3/student.cpp,,9,14,Default task
2021-06-24T23:51:32.093+09:00,User,Action,EditorBackSpace,assign_3,Editor,C:/Users/User/CLionProjects/assign_3/student.cpp,,9,15,Default task
2021-06-24T23:51:32.104+09:00,User,KeyEvent,8:8:0,assign_3,Editor,C:/Users/User/CLionProjects/assign_3/student.cpp,,9,14,Default task
2021-06-24T23:51:32.237+09:00,User,KeyEvent,61:61:0,assign_3,Editor,C:/Users/User/CLionProjects/assign_3/student.cpp,,9,14,Default task
2021-06-24T23:51:32.557+09:00,User,KeyEvent,48:48:0,assign_3,Editor,C:/Users/User/CLionProjects/assign_3/student.cpp,,9,15,Default task
2021-06-24T23:51:32.862+09:00,User,KeyEvent,59:59:0,assign_3,Editor,C:/Users/User/CLionProjects/assign_3/student.cpp,,9,16,Default task
2021-06-24T23:51:32.988+09:00,User,KeyEvent,32:32:0,assign_3,Editor,C:/Users/User/CLionProjects/assign_3/student.cpp,,9,17,Default task
2021-06-24T23:51:33.887+09:00,User,KeyEvent,105:73:0,assign_3,Editor,C:/Users/User/CLionProjects/assign_3/student.cpp,,9,18,Default task
2021-06-24T23:51:34.133+09:00,User,KeyEvent,65535:16:1,assign_3,Editor,C:/Users/User/CLionProjects/assign_3/student.cpp,,9,19,Default task
2021-06-24T23:51:34.205+09:00,User,KeyEvent,60:44:1,assign_3,Editor,C:/Users/User/CLionProjects/assign_3/student.cpp,,9,19,Default task
2021-06-24T23:51:34.454+09:00,User,KeyEvent,65535:20:0,assign_3,Editor,C:/Users/User/CLionProjects/assign_3/student.cpp,,9,20,Default task
2021-06-24T23:51:34.613+09:00,User,KeyEvent,83:83:0,assign_3,Editor,C:/Users/User/CLionProjects/assign_3/student.cpp,,9,20,Default task
2021-06-24T23:51:34.748+09:00,User,KeyEvent,85:85:0,assign_3,Editor,C:/Users/User/CLionProjects/assign_3/student.cpp,,9,21,Default task
2021-06-24T23:51:35.166+09:00,User,Action,EditorChooseLookupItem,assign_3,Editor,C:/Users/User/CLionProjects/assign_3/student.cpp,,9,22,Default task
2021-06-24T23:51:35.185+09:00,User,KeyEvent,10:10:0,assign_3,Editor,C:/Users/User/CLionProjects/assign_3/student.cpp,,9,30,Default task
2021-06-24T23:51:35.902+09:00,User,KeyEvent,59:59:0,assign_3,Editor,C:/Users/User/CLionProjects/assign_3/student.cpp,,9,30,Default task
2021-06-24T23:51:36.038+09:00,User,KeyEvent,32:32:0,assign_3,Editor,C:/Users/User/CLionProjects/assign_3/student.cpp,,9,31,Default task
2021-06-24T23:51:36.231+09:00,User,KeyEvent,65535:20:0,assign_3,Editor,C:/Users/User/CLionProjects/assign_3/student.cpp,,9,32,Default task
2021-06-24T23:51:36.829+09:00,User,KeyEvent,105:73:0,assign_3,Editor,C:/Users/User/CLionProjects/assign_3/student.cpp,,9,32,Default task
2021-06-24T23:51:37.166+09:00,User,KeyEvent,65535:16:1,assign_3,Editor,C:/Users/User/CLionProjects/assign_3/student.cpp,,9,33,Default task
2021-06-24T23:51:37.382+09:00,User,KeyEvent,95:45:1,assign_3,Editor,C:/Users/User/CLionProjects/assign_3/student.cpp,,9,33,Default task
2021-06-24T23:51:37.534+09:00,User,KeyEvent,95:45:1,assign_3,Editor,C:/Users/User/CLionProjects/assign_3/student.cpp,,9,34,Default task
2021-06-24T23:51:37.974+09:00,User,Action,EditorBackSpace,assign_3,Editor,C:/Users/User/CLionProjects/assign_3/student.cpp,,9,35,Default task
2021-06-24T23:51:37.992+09:00,User,KeyEvent,8:8:0,assign_3,Editor,C:/Users/User/CLionProjects/assign_3/student.cpp,,9,34,Default task
2021-06-24T23:51:38.167+09:00,User,Action,EditorBackSpace,assign_3,Editor,C:/Users/User/CLionProjects/assign_3/student.cpp,,9,34,Default task
2021-06-24T23:51:38.184+09:00,User,KeyEvent,8:8:0,assign_3,Editor,C:/Users/User/CLionProjects/assign_3/student.cpp,,9,33,Default task
2021-06-24T23:51:38.421+09:00,User,KeyEvent,65535:16:1,assign_3,Editor,C:/Users/User/CLionProjects/assign_3/student.cpp,,9,33,Default task
2021-06-24T23:51:38.468+09:00,User,KeyEvent,43:61:1,assign_3,Editor,C:/Users/User/CLionProjects/assign_3/student.cpp,,9,33,Default task
2021-06-24T23:51:38.646+09:00,User,KeyEvent,43:61:1,assign_3,Editor,C:/Users/User/CLionProjects/assign_3/student.cpp,,9,34,Default task
2021-06-24T23:51:38.829+09:00,User,KeyEvent,41:48:1,assign_3,Editor,C:/Users/User/CLionProjects/assign_3/student.cpp,,9,35,Default task
2021-06-24T23:51:39.157+09:00,User,Action,EditorEnter,assign_3,Editor,C:/Users/User/CLionProjects/assign_3/student.cpp,,9,36,Default task
2021-06-24T23:51:39.166+09:00,User,KeyEvent,10:10:0,assign_3,Editor,C:/Users/User/CLionProjects/assign_3/student.cpp,,10,8,Default task
2021-06-24T23:51:39.333+09:00,User,KeyEvent,65535:16:1,assign_3,Editor,C:/Users/User/CLionProjects/assign_3/student.cpp,,10,8,Default task
2021-06-24T23:51:39.438+09:00,User,KeyEvent,123:91:1,assign_3,Editor,C:/Users/User/CLionProjects/assign_3/student.cpp,,10,8,Default task
2021-06-24T23:51:39.549+09:00,User,Action,EditorEnter,assign_3,Editor,C:/Users/User/CLionProjects/assign_3/student.cpp,,10,5,Default task
2021-06-24T23:51:39.552+09:00,User,KeyEvent,10:10:0,assign_3,Editor,C:/Users/User/CLionProjects/assign_3/student.cpp,,11,8,Default task
2021-06-24T23:51:40.797+09:00,User,KeyEvent,99:67:0,assign_3,Editor,C:/Users/User/CLionProjects/assign_3/student.cpp,,11,8,Default task
2021-06-24T23:51:40.902+09:00,User,KeyEvent,105:73:0,assign_3,Editor,C:/Users/User/CLionProjects/assign_3/student.cpp,,11,9,Default task
2021-06-24T23:51:40.981+09:00,User,KeyEvent,110:78:0,assign_3,Editor,C:/Users/User/CLionProjects/assign_3/student.cpp,,11,10,Default task
2021-06-24T23:51:41.432+09:00,User,KeyEvent,32:32:0,assign_3,Editor,C:/Users/User/CLionProjects/assign_3/student.cpp,,11,11,Default task
2021-06-24T23:51:41.572+09:00,User,KeyEvent,65535:16:1,assign_3,Editor,C:/Users/User/CLionProjects/assign_3/student.cpp,,11,12,Default task
2021-06-24T23:51:41.644+09:00,User,KeyEvent,62:46:1,assign_3,Editor,C:/Users/User/CLionProjects/assign_3/student.cpp,,11,12,Default task
2021-06-24T23:51:41.789+09:00,User,KeyEvent,62:46:1,assign_3,Editor,C:/Users/User/CLionProjects/assign_3/student.cpp,,11,13,Default task
2021-06-24T23:51:42.021+09:00,User,KeyEvent,32:32:0,assign_3,Editor,C:/Users/User/CLionProjects/assign_3/student.cpp,,11,14,Default task
2021-06-24T23:51:42.397+09:00,User,KeyEvent,112:80:0,assign_3,Editor,C:/Users/User/CLionProjects/assign_3/student.cpp,,11,15,Default task
2021-06-24T23:51:42.542+09:00,User,KeyEvent,116:84:0,assign_3,Editor,C:/Users/User/CLionProjects/assign_3/student.cpp,,11,16,Default task
2021-06-24T23:51:42.677+09:00,User,KeyEvent,114:82:0,assign_3,Editor,C:/Users/User/CLionProjects/assign_3/student.cpp,,11,17,Default task
2021-06-24T23:51:43.078+09:00,User,KeyEvent,45:45:0,assign_3,Editor,C:/Users/User/CLionProjects/assign_3/student.cpp,,11,18,Default task
2021-06-24T23:51:43.280+09:00,User,KeyEvent,65535:16:1,assign_3,Editor,C:/Users/User/CLionProjects/assign_3/student.cpp,,11,19,Default task
2021-06-24T23:51:43.303+09:00,User,KeyEvent,62:46:1,assign_3,Editor,C:/Users/User/CLionProjects/assign_3/student.cpp,,11,19,Default task
2021-06-24T23:51:45.493+09:00,User,Action,EditorDown,assign_3,Editor,C:/Users/User/CLionProjects/assign_3/student.cpp,,11,20,Default task
2021-06-24T23:51:45.495+09:00,User,KeyEvent,65535:40:0,assign_3,Editor,C:/Users/User/CLionProjects/assign_3/student.cpp,,11,20,Default task
2021-06-24T23:51:45.621+09:00,User,Action,EditorDown,assign_3,Editor,C:/Users/User/CLionProjects/assign_3/student.cpp,,11,20,Default task
2021-06-24T23:51:45.622+09:00,User,KeyEvent,65535:40:0,assign_3,Editor,C:/Users/User/CLionProjects/assign_3/student.cpp,,11,20,Default task
2021-06-24T23:51:45.750+09:00,User,Action,EditorDown,assign_3,Editor,C:/Users/User/CLionProjects/assign_3/student.cpp,,11,20,Default task
2021-06-24T23:51:45.754+09:00,User,KeyEvent,65535:40:0,assign_3,Editor,C:/Users/User/CLionProjects/assign_3/student.cpp,,11,20,Default task
2021-06-24T23:51:45.950+09:00,User,Action,EditorUp,assign_3,Editor,C:/Users/User/CLionProjects/assign_3/student.cpp,,11,20,Default task
2021-06-24T23:51:45.954+09:00,User,KeyEvent,65535:38:0,assign_3,Editor,C:/Users/User/CLionProjects/assign_3/student.cpp,,11,20,Default task
2021-06-24T23:51:46.110+09:00,User,Action,EditorUp,assign_3,Editor,C:/Users/User/CLionProjects/assign_3/student.cpp,,11,20,Default task
2021-06-24T23:51:46.115+09:00,User,KeyEvent,65535:38:0,assign_3,Editor,C:/Users/User/CLionProjects/assign_3/student.cpp,,11,20,Default task
2021-06-24T23:51:46.397+09:00,User,Action,EditorChooseLookupItem,assign_3,Editor,C:/Users/User/CLionProjects/assign_3/student.cpp,,11,20,Default task
2021-06-24T23:51:46.408+09:00,User,KeyEvent,10:10:0,assign_3,Editor,C:/Users/User/CLionProjects/assign_3/student.cpp,,11,26,Default task
2021-06-24T23:51:46.805+09:00,User,KeyEvent,91:91:0,assign_3,Editor,C:/Users/User/CLionProjects/assign_3/student.cpp,,11,26,Default task
2021-06-24T23:51:47.189+09:00,User,KeyEvent,105:73:0,assign_3,Editor,C:/Users/User/CLionProjects/assign_3/student.cpp,,11,27,Default task
2021-06-24T23:51:47.733+09:00,User,KeyEvent,93:93:0,assign_3,Editor,C:/Users/User/CLionProjects/assign_3/student.cpp,,11,28,Default task
2021-06-24T23:51:50.749+09:00,User,KeyEvent,59:59:0,assign_3,Editor,C:/Users/User/CLionProjects/assign_3/student.cpp,,11,29,Default task
2021-06-24T23:51:51.397+09:00,User,Action,EditorDown,assign_3,Editor,C:/Users/User/CLionProjects/assign_3/student.cpp,,11,30,Default task
2021-06-24T23:51:51.397+09:00,User,KeyEvent,65535:40:0,assign_3,Editor,C:/Users/User/CLionProjects/assign_3/student.cpp,,12,5,Default task
2021-06-24T23:51:51.733+09:00,User,Action,EditorEnter,assign_3,Editor,C:/Users/User/CLionProjects/assign_3/student.cpp,,12,5,Default task
2021-06-24T23:51:51.734+09:00,User,KeyEvent,10:10:0,assign_3,Editor,C:/Users/User/CLionProjects/assign_3/student.cpp,,13,4,Default task
2021-06-24T23:51:52.273+09:00,User,KeyEvent,114:82:0,assign_3,Editor,C:/Users/User/CLionProjects/assign_3/student.cpp,,13,4,Default task
2021-06-24T23:51:52.324+09:00,User,KeyEvent,101:69:0,assign_3,Editor,C:/Users/User/CLionProjects/assign_3/student.cpp,,13,5,Default task
2021-06-24T23:51:52.456+09:00,User,KeyEvent,116:84:0,assign_3,Editor,C:/Users/User/CLionProjects/assign_3/student.cpp,,13,6,Default task
2021-06-24T23:51:52.541+09:00,User,KeyEvent,117:85:0,assign_3,Editor,C:/Users/User/CLionProjects/assign_3/student.cpp,,13,7,Default task
2021-06-24T23:51:52.644+09:00,User,KeyEvent,114:82:0,assign_3,Editor,C:/Users/User/CLionProjects/assign_3/student.cpp,,13,8,Default task
2021-06-24T23:51:52.765+09:00,User,KeyEvent,110:78:0,assign_3,Editor,C:/Users/User/CLionProjects/assign_3/student.cpp,,13,9,Default task
2021-06-24T23:51:52.877+09:00,User,KeyEvent,32:32:0,assign_3,Editor,C:/Users/User/CLionProjects/assign_3/student.cpp,,13,10,Default task
2021-06-24T23:51:54.541+09:00,User,KeyEvent,109:77:0,assign_3,Editor,C:/Users/User/CLionProjects/assign_3/student.cpp,,13,11,Default task
2021-06-24T23:51:54.629+09:00,User,KeyEvent,111:79:0,assign_3,Editor,C:/Users/User/CLionProjects/assign_3/student.cpp,,13,12,Default task
2021-06-24T23:51:54.724+09:00,User,KeyEvent,118:86:0,assign_3,Editor,C:/Users/User/CLionProjects/assign_3/student.cpp,,13,13,Default task
2021-06-24T23:51:54.869+09:00,User,KeyEvent,101:69:0,assign_3,Editor,C:/Users/User/CLionProjects/assign_3/student.cpp,,13,14,Default task
2021-06-24T23:51:55.552+09:00,User,KeyEvent,65535:16:1,assign_3,Editor,C:/Users/User/CLionProjects/assign_3/student.cpp,,13,15,Default task
2021-06-24T23:51:55.686+09:00,User,KeyEvent,40:57:1,assign_3,Editor,C:/Users/User/CLionProjects/assign_3/student.cpp,,13,15,Default task
2021-06-24T23:51:55.949+09:00,User,KeyEvent,112:80:0,assign_3,Editor,C:/Users/User/CLionProjects/assign_3/student.cpp,,13,16,Default task
2021-06-24T23:51:56.044+09:00,User,KeyEvent,116:84:0,assign_3,Editor,C:/Users/User/CLionProjects/assign_3/student.cpp,,13,17,Default task
2021-06-24T23:51:56.216+09:00,User,KeyEvent,114:82:0,assign_3,Editor,C:/Users/User/CLionProjects/assign_3/student.cpp,,13,18,Default task
2021-06-24T23:51:56.293+09:00,User,KeyEvent,65535:16:1,assign_3,Editor,C:/Users/User/CLionProjects/assign_3/student.cpp,,13,19,Default task
2021-06-24T23:51:56.333+09:00,User,KeyEvent,41:48:1,assign_3,Editor,C:/Users/User/CLionProjects/assign_3/student.cpp,,13,19,Default task
2021-06-24T23:51:56.950+09:00,User,KeyEvent,59:59:0,assign_3,Editor,C:/Users/User/CLionProjects/assign_3/student.cpp,,13,20,Default task
2021-06-24T23:51:59.918+09:00,User,Action,EditorBackSpace,assign_3,Editor,C:/Users/User/CLionProjects/assign_3/student.cpp,,17,0,Default task
2021-06-24T23:51:59.923+09:00,User,KeyEvent,8:8:0,assign_3,Editor,C:/Users/User/CLionProjects/assign_3/student.cpp,,16,35,Default task
2021-06-24T23:52:00.118+09:00,User,Action,EditorEnter,assign_3,Editor,C:/Users/User/CLionProjects/assign_3/student.cpp,,16,35,Default task
2021-06-24T23:52:00.120+09:00,User,KeyEvent,10:10:0,assign_3,Editor,C:/Users/User/CLionProjects/assign_3/student.cpp,,17,4,Default task
2021-06-24T23:52:01.605+09:00,User,KeyEvent,105:73:0,assign_3,Editor,C:/Users/User/CLionProjects/assign_3/student.cpp,,17,4,Default task
2021-06-24T23:52:01.716+09:00,User,KeyEvent,110:78:0,assign_3,Editor,C:/Users/User/CLionProjects/assign_3/student.cpp,,17,5,Default task
2021-06-24T23:52:01.805+09:00,User,KeyEvent,116:84:0,assign_3,Editor,C:/Users/User/CLionProjects/assign_3/student.cpp,,17,6,Default task
2021-06-24T23:52:01.921+09:00,User,KeyEvent,32:32:0,assign_3,Editor,C:/Users/User/CLionProjects/assign_3/student.cpp,,17,7,Default task
2021-06-24T23:52:02.044+09:00,User,KeyEvent,115:83:0,assign_3,Editor,C:/Users/User/CLionProjects/assign_3/student.cpp,,17,8,Default task
2021-06-24T23:52:02.069+09:00,User,KeyEvent,117:85:0,assign_3,Editor,C:/Users/User/CLionProjects/assign_3/student.cpp,,17,9,Default task
2021-06-24T23:52:02.285+09:00,User,KeyEvent,109:77:0,assign_3,Editor,C:/Users/User/CLionProjects/assign_3/student.cpp,,17,10,Default task
2021-06-24T23:52:02.493+09:00,User,KeyEvent,59:59:0,assign_3,Editor,C:/Users/User/CLionProjects/assign_3/student.cpp,,17,11,Default task
2021-06-24T23:52:02.637+09:00,User,Action,EditorEnter,assign_3,Editor,C:/Users/User/CLionProjects/assign_3/student.cpp,,17,12,Default task
2021-06-24T23:52:02.639+09:00,User,KeyEvent,10:10:0,assign_3,Editor,C:/Users/User/CLionProjects/assign_3/student.cpp,,18,4,Default task
2021-06-24T23:52:03.404+09:00,User,KeyEvent,100:68:0,assign_3,Editor,C:/Users/User/CLionProjects/assign_3/student.cpp,,18,4,Default task
2021-06-24T23:52:03.493+09:00,User,KeyEvent,111:79:0,assign_3,Editor,C:/Users/User/CLionProjects/assign_3/student.cpp,,18,5,Default task
2021-06-24T23:52:03.645+09:00,User,KeyEvent,117:85:0,assign_3,Editor,C:/Users/User/CLionProjects/assign_3/student.cpp,,18,6,Default task
2021-06-24T23:52:03.765+09:00,User,KeyEvent,98:66:0,assign_3,Editor,C:/Users/User/CLionProjects/assign_3/student.cpp,,18,7,Default task
2021-06-24T23:52:03.852+09:00,User,KeyEvent,108:76:0,assign_3,Editor,C:/Users/User/CLionProjects/assign_3/student.cpp,,18,8,Default task
2021-06-24T23:52:03.973+09:00,User,KeyEvent,101:69:0,assign_3,Editor,C:/Users/User/CLionProjects/assign_3/student.cpp,,18,9,Default task
2021-06-24T23:52:04.093+09:00,User,KeyEvent,32:32:0,assign_3,Editor,C:/Users/User/CLionProjects/assign_3/student.cpp,,18,10,Default task
2021-06-24T23:52:04.413+09:00,User,KeyEvent,97:65:0,assign_3,Editor,C:/Users/User/CLionProjects/assign_3/student.cpp,,18,11,Default task
2021-06-24T23:52:04.524+09:00,User,KeyEvent,118:86:0,assign_3,Editor,C:/Users/User/CLionProjects/assign_3/student.cpp,,18,12,Default task
2021-06-24T23:52:04.661+09:00,User,KeyEvent,101:69:0,assign_3,Editor,C:/Users/User/CLionProjects/assign_3/student.cpp,,18,13,Default task
2021-06-24T23:52:04.765+09:00,User,KeyEvent,114:82:0,assign_3,Editor,C:/Users/User/CLionProjects/assign_3/student.cpp,,18,14,Default task
2021-06-24T23:52:05.022+09:00,User,KeyEvent,97:65:0,assign_3,Editor,C:/Users/User/CLionProjects/assign_3/student.cpp,,18,15,Default task
2021-06-24T23:52:05.142+09:00,User,KeyEvent,103:71:0,assign_3,Editor,C:/Users/User/CLionProjects/assign_3/student.cpp,,18,16,Default task
2021-06-24T23:52:05.238+09:00,User,KeyEvent,101:69:0,assign_3,Editor,C:/Users/User/CLionProjects/assign_3/student.cpp,,18,17,Default task
2021-06-24T23:52:05.389+09:00,User,KeyEvent,59:59:0,assign_3,Editor,C:/Users/User/CLionProjects/assign_3/student.cpp,,18,18,Default task
2021-06-24T23:52:05.565+09:00,User,Action,EditorEnter,assign_3,Editor,C:/Users/User/CLionProjects/assign_3/student.cpp,,18,19,Default task
2021-06-24T23:52:05.567+09:00,User,KeyEvent,10:10:0,assign_3,Editor,C:/Users/User/CLionProjects/assign_3/student.cpp,,19,4,Default task
2021-06-24T23:52:05.734+09:00,User,Action,EditorEnter,assign_3,Editor,C:/Users/User/CLionProjects/assign_3/student.cpp,,19,4,Default task
2021-06-24T23:52:05.736+09:00,User,KeyEvent,10:10:0,assign_3,Editor,C:/Users/User/CLionProjects/assign_3/student.cpp,,20,4,Default task
2021-06-24T23:52:06.276+09:00,User,KeyEvent,99:67:0,assign_3,Editor,C:/Users/User/CLionProjects/assign_3/student.cpp,,20,4,Default task
2021-06-24T23:52:06.356+09:00,User,KeyEvent,111:79:0,assign_3,Editor,C:/Users/User/CLionProjects/assign_3/student.cpp,,20,5,Default task
2021-06-24T23:52:06.509+09:00,User,KeyEvent,117:85:0,assign_3,Editor,C:/Users/User/CLionProjects/assign_3/student.cpp,,20,6,Default task
2021-06-24T23:52:06.604+09:00,User,KeyEvent,116:84:0,assign_3,Editor,C:/Users/User/CLionProjects/assign_3/student.cpp,,20,7,Default task
2021-06-24T23:52:06.773+09:00,User,KeyEvent,65535:16:1,assign_3,Editor,C:/Users/User/CLionProjects/assign_3/student.cpp,,20,8,Default task
2021-06-24T23:52:06.797+09:00,User,KeyEvent,60:44:1,assign_3,Editor,C:/Users/User/CLionProjects/assign_3/student.cpp,,20,8,Default task
2021-06-24T23:52:06.941+09:00,User,KeyEvent,60:44:1,assign_3,Editor,C:/Users/User/CLionProjects/assign_3/student.cpp,,20,9,Default task
2021-06-24T23:52:07.077+09:00,User,KeyEvent,32:32:0,assign_3,Editor,C:/Users/User/CLionProjects/assign_3/student.cpp,,20,10,Default task
2021-06-24T23:52:07.669+09:00,User,KeyEvent,115:83:0,assign_3,Editor,C:/Users/User/CLionProjects/assign_3/student.cpp,,20,11,Default task
2021-06-24T23:52:07.749+09:00,User,KeyEvent,105:73:0,assign_3,Editor,C:/Users/User/CLionProjects/assign_3/student.cpp,,20,12,Default task
2021-06-24T23:52:08.309+09:00,User,KeyEvent,46:46:0,assign_3,Editor,C:/Users/User/CLionProjects/assign_3/student.cpp,,20,13,Default task
2021-06-24T23:52:08.734+09:00,User,KeyEvent,110:78:0,assign_3,Editor,C:/Users/User/CLionProjects/assign_3/student.cpp,,20,14,Default task
2021-06-24T23:52:08.805+09:00,User,KeyEvent,97:65:0,assign_3,Editor,C:/Users/User/CLionProjects/assign_3/student.cpp,,20,15,Default task
2021-06-24T23:52:09.021+09:00,User,Action,EditorChooseLookupItem,assign_3,Editor,C:/Users/User/CLionProjects/assign_3/student.cpp,,20,16,Default task
2021-06-24T23:52:09.046+09:00,User,KeyEvent,10:10:0,assign_3,Editor,C:/Users/User/CLionProjects/assign_3/student.cpp,,20,18,Default task
2021-06-24T23:52:09.702+09:00,User,KeyEvent,32:32:0,assign_3,Editor,C:/Users/User/CLionProjects/assign_3/student.cpp,,20,18,Default task
2021-06-24T23:52:09.854+09:00,User,KeyEvent,65535:16:1,assign_3,Editor,C:/Users/User/CLionProjects/assign_3/student.cpp,,20,19,Default task
2021-06-24T23:52:09.917+09:00,User,KeyEvent,60:44:1,assign_3,Editor,C:/Users/User/CLionProjects/assign_3/student.cpp,,20,19,Default task
2021-06-24T23:52:10.062+09:00,User,KeyEvent,60:44:1,assign_3,Editor,C:/Users/User/CLionProjects/assign_3/student.cpp,,20,20,Default task
2021-06-24T23:52:10.917+09:00,User,KeyEvent,32:32:0,assign_3,Editor,C:/Users/User/CLionProjects/assign_3/student.cpp,,20,21,Default task
2021-06-24T23:52:11.509+09:00,User,KeyEvent,65535:16:1,assign_3,Editor,C:/Users/User/CLionProjects/assign_3/student.cpp,,20,22,Default task
2021-06-24T23:52:11.725+09:00,User,KeyEvent,34:222:1,assign_3,Editor,C:/Users/User/CLionProjects/assign_3/student.cpp,,20,22,Default task
2021-06-24T23:52:12.124+09:00,User,KeyEvent,92:92:0,assign_3,Editor,C:/Users/User/CLionProjects/assign_3/student.cpp,,20,23,Default task
2021-06-24T23:52:12.213+09:00,User,KeyEvent,116:84:0,assign_3,Editor,C:/Users/User/CLionProjects/assign_3/student.cpp,,20,24,Default task
2021-06-24T23:52:12.421+09:00,User,KeyEvent,65535:16:1,assign_3,Editor,C:/Users/User/CLionProjects/assign_3/student.cpp,,20,25,Default task
2021-06-24T23:52:12.525+09:00,User,KeyEvent,34:222:1,assign_3,Editor,C:/Users/User/CLionProjects/assign_3/student.cpp,,20,25,Default task
2021-06-24T23:52:13.966+09:00,User,KeyEvent,59:59:0,assign_3,Editor,C:/Users/User/CLionProjects/assign_3/student.cpp,,20,26,Default task
2021-06-24T23:52:14.206+09:00,User,Action,EditorEnter,assign_3,Editor,C:/Users/User/CLionProjects/assign_3/student.cpp,,20,27,Default task
2021-06-24T23:52:14.208+09:00,User,KeyEvent,10:10:0,assign_3,Editor,C:/Users/User/CLionProjects/assign_3/student.cpp,,21,4,Default task
2021-06-24T23:52:16.133+09:00,User,KeyEvent,102:70:0,assign_3,Editor,C:/Users/User/CLionProjects/assign_3/student.cpp,,21,4,Default task
2021-06-24T23:52:16.228+09:00,User,KeyEvent,111:79:0,assign_3,Editor,C:/Users/User/CLionProjects/assign_3/student.cpp,,21,5,Default task
2021-06-24T23:52:16.325+09:00,User,KeyEvent,114:82:0,assign_3,Editor,C:/Users/User/CLionProjects/assign_3/student.cpp,,21,6,Default task
2021-06-24T23:52:16.490+09:00,User,KeyEvent,65535:16:1,assign_3,Editor,C:/Users/User/CLionProjects/assign_3/student.cpp,,21,7,Default task
2021-06-24T23:52:16.549+09:00,User,KeyEvent,40:57:1,assign_3,Editor,C:/Users/User/CLionProjects/assign_3/student.cpp,,21,7,Default task
2021-06-24T23:52:16.837+09:00,User,KeyEvent,105:73:0,assign_3,Editor,C:/Users/User/CLionProjects/assign_3/student.cpp,,21,8,Default task
2021-06-24T23:52:16.940+09:00,User,KeyEvent,110:78:0,assign_3,Editor,C:/Users/User/CLionProjects/assign_3/student.cpp,,21,9,Default task
2021-06-24T23:52:17.029+09:00,User,KeyEvent,116:84:0,assign_3,Editor,C:/Users/User/CLionProjects/assign_3/student.cpp,,21,10,Default task
2021-06-24T23:52:17.141+09:00,User,KeyEvent,32:32:0,assign_3,Editor,C:/Users/User/CLionProjects/assign_3/student.cpp,,21,11,Default task
2021-06-24T23:52:17.253+09:00,User,KeyEvent,105:73:0,assign_3,Editor,C:/Users/User/CLionProjects/assign_3/student.cpp,,21,12,Default task
2021-06-24T23:52:17.493+09:00,User,KeyEvent,61:61:0,assign_3,Editor,C:/Users/User/CLionProjects/assign_3/student.cpp,,21,13,Default task
2021-06-24T23:52:17.749+09:00,User,KeyEvent,48:48:0,assign_3,Editor,C:/Users/User/CLionProjects/assign_3/student.cpp,,21,14,Default task
2021-06-24T23:52:18.085+09:00,User,KeyEvent,59:59:0,assign_3,Editor,C:/Users/User/CLionProjects/assign_3/student.cpp,,21,15,Default task
2021-06-24T23:52:18.231+09:00,User,KeyEvent,32:32:0,assign_3,Editor,C:/Users/User/CLionProjects/assign_3/student.cpp,,21,16,Default task
2021-06-24T23:52:18.613+09:00,User,KeyEvent,105:73:0,assign_3,Editor,C:/Users/User/CLionProjects/assign_3/student.cpp,,21,17,Default task
2021-06-24T23:52:19.469+09:00,User,KeyEvent,65535:16:1,assign_3,Editor,C:/Users/User/CLionProjects/assign_3/student.cpp,,21,18,Default task
2021-06-24T23:52:19.556+09:00,User,KeyEvent,60:44:1,assign_3,Editor,C:/Users/User/CLionProjects/assign_3/student.cpp,,21,18,Default task
2021-06-24T23:52:19.856+09:00,User,KeyEvent,65535:20:0,assign_3,Editor,C:/Users/User/CLionProjects/assign_3/student.cpp,,21,19,Default task
2021-06-24T23:52:20.020+09:00,User,KeyEvent,83:83:0,assign_3,Editor,C:/Users/User/CLionProjects/assign_3/student.cpp,,21,19,Default task
2021-06-24T23:52:20.124+09:00,User,KeyEvent,85:85:0,assign_3,Editor,C:/Users/User/CLionProjects/assign_3/student.cpp,,21,20,Default task
2021-06-24T23:52:20.253+09:00,User,KeyEvent,66:66:0,assign_3,Editor,C:/Users/User/CLionProjects/assign_3/student.cpp,,21,21,Default task
2021-06-24T23:52:20.837+09:00,User,Action,EditorChooseLookupItem,assign_3,Editor,C:/Users/User/CLionProjects/assign_3/student.cpp,,21,22,Default task
2021-06-24T23:52:20.851+09:00,User,KeyEvent,10:10:0,assign_3,Editor,C:/Users/User/CLionProjects/assign_3/student.cpp,,21,29,Default task
2021-06-24T23:52:21.902+09:00,User,KeyEvent,59:59:0,assign_3,Editor,C:/Users/User/CLionProjects/assign_3/student.cpp,,21,29,Default task
2021-06-24T23:52:22.015+09:00,User,KeyEvent,32:32:0,assign_3,Editor,C:/Users/User/CLionProjects/assign_3/student.cpp,,21,30,Default task
2021-06-24T23:52:22.214+09:00,User,KeyEvent,65535:20:0,assign_3,Editor,C:/Users/User/CLionProjects/assign_3/student.cpp,,21,31,Default task
2021-06-24T23:52:22.348+09:00,User,KeyEvent,105:73:0,assign_3,Editor,C:/Users/User/CLionProjects/assign_3/student.cpp,,21,31,Default task
2021-06-24T23:52:22.653+09:00,User,KeyEvent,65535:16:1,assign_3,Editor,C:/Users/User/CLionProjects/assign_3/student.cpp,,21,32,Default task
2021-06-24T23:52:22.910+09:00,User,KeyEvent,95:45:1,assign_3,Editor,C:/Users/User/CLionProjects/assign_3/student.cpp,,21,32,Default task
2021-06-24T23:52:23.070+09:00,User,KeyEvent,95:45:1,assign_3,Editor,C:/Users/User/CLionProjects/assign_3/student.cpp,,21,33,Default task
2021-06-24T23:52:23.397+09:00,User,Action,EditorBackSpace,assign_3,Editor,C:/Users/User/CLionProjects/assign_3/student.cpp,,21,34,Default task
2021-06-24T23:52:23.413+09:00,User,KeyEvent,8:8:0,assign_3,Editor,C:/Users/User/CLionProjects/assign_3/student.cpp,,21,33,Default task
2021-06-24T23:52:23.526+09:00,User,Action,EditorBackSpace,assign_3,Editor,C:/Users/User/CLionProjects/assign_3/student.cpp,,21,33,Default task
2021-06-24T23:52:23.534+09:00,User,KeyEvent,8:8:0,assign_3,Editor,C:/Users/User/CLionProjects/assign_3/student.cpp,,21,32,Default task
2021-06-24T23:52:23.759+09:00,User,KeyEvent,65535:16:1,assign_3,Editor,C:/Users/User/CLionProjects/assign_3/student.cpp,,21,32,Default task
2021-06-24T23:52:23.846+09:00,User,KeyEvent,43:61:1,assign_3,Editor,C:/Users/User/CLionProjects/assign_3/student.cpp,,21,32,Default task
2021-06-24T23:52:23.990+09:00,User,KeyEvent,43:61:1,assign_3,Editor,C:/Users/User/CLionProjects/assign_3/student.cpp,,21,33,Default task
2021-06-24T23:52:24.142+09:00,User,KeyEvent,41:48:1,assign_3,Editor,C:/Users/User/CLionProjects/assign_3/student.cpp,,21,34,Default task
2021-06-24T23:52:24.468+09:00,User,Action,EditorEnter,assign_3,Editor,C:/Users/User/CLionProjects/assign_3/student.cpp,,21,35,Default task
2021-06-24T23:52:24.482+09:00,User,KeyEvent,10:10:0,assign_3,Editor,C:/Users/User/CLionProjects/assign_3/student.cpp,,22,8,Default task
2021-06-24T23:52:24.663+09:00,User,KeyEvent,65535:16:1,assign_3,Editor,C:/Users/User/CLionProjects/assign_3/student.cpp,,22,8,Default task
2021-06-24T23:52:24.813+09:00,User,KeyEvent,123:91:1,assign_3,Editor,C:/Users/User/CLionProjects/assign_3/student.cpp,,22,8,Default task
2021-06-24T23:52:24.900+09:00,User,Action,EditorEnter,assign_3,Editor,C:/Users/User/CLionProjects/assign_3/student.cpp,,22,5,Default task
2021-06-24T23:52:24.903+09:00,User,KeyEvent,10:10:0,assign_3,Editor,C:/Users/User/CLionProjects/assign_3/student.cpp,,23,8,Default task
2021-06-24T23:52:25.631+09:00,User,KeyEvent,65535:20:0,assign_3,Editor,C:/Users/User/CLionProjects/assign_3/student.cpp,,23,8,Default task
2021-06-24T23:52:26.245+09:00,User,KeyEvent,83:83:0,assign_3,Editor,C:/Users/User/CLionProjects/assign_3/student.cpp,,23,8,Default task
2021-06-24T23:52:26.333+09:00,User,KeyEvent,85:85:0,assign_3,Editor,C:/Users/User/CLionProjects/assign_3/student.cpp,,23,9,Default task
2021-06-24T23:52:26.492+09:00,User,KeyEvent,77:77:0,assign_3,Editor,C:/Users/User/CLionProjects/assign_3/student.cpp,,23,10,Default task
2021-06-24T23:52:26.637+09:00,User,KeyEvent,32:32:0,assign_3,Editor,C:/Users/User/CLionProjects/assign_3/student.cpp,,23,11,Default task
2021-06-24T23:52:26.950+09:00,User,Action,EditorBackSpace,assign_3,Editor,C:/Users/User/CLionProjects/assign_3/student.cpp,,23,12,Default task
2021-06-24T23:52:26.953+09:00,User,KeyEvent,8:8:0,assign_3,Editor,C:/Users/User/CLionProjects/assign_3/student.cpp,,23,11,Default task
2021-06-24T23:52:27.085+09:00,User,Action,EditorBackSpace,assign_3,Editor,C:/Users/User/CLionProjects/assign_3/student.cpp,,23,11,Default task
2021-06-24T23:52:27.096+09:00,User,KeyEvent,8:8:0,assign_3,Editor,C:/Users/User/CLionProjects/assign_3/student.cpp,,23,10,Default task
2021-06-24T23:52:27.196+09:00,User,Action,EditorBackSpace,assign_3,Editor,C:/Users/User/CLionProjects/assign_3/student.cpp,,23,10,Default task
2021-06-24T23:52:27.201+09:00,User,KeyEvent,8:8:0,assign_3,Editor,C:/Users/User/CLionProjects/assign_3/student.cpp,,23,9,Default task
2021-06-24T23:52:27.293+09:00,User,Action,EditorBackSpace,assign_3,Editor,C:/Users/User/CLionProjects/assign_3/student.cpp,,23,9,Default task
2021-06-24T23:52:27.307+09:00,User,KeyEvent,8:8:0,assign_3,Editor,C:/Users/User/CLionProjects/assign_3/student.cpp,,23,8,Default task
2021-06-24T23:52:27.382+09:00,User,KeyEvent,65535:20:0,assign_3,Editor,C:/Users/User/CLionProjects/assign_3/student.cpp,,23,8,Default task
2021-06-24T23:52:27.493+09:00,User,KeyEvent,115:83:0,assign_3,Editor,C:/Users/User/CLionProjects/assign_3/student.cpp,,23,8,Default task
2021-06-24T23:52:27.581+09:00,User,KeyEvent,117:85:0,assign_3,Editor,C:/Users/User/CLionProjects/assign_3/student.cpp,,23,9,Default task
2021-06-24T23:52:27.754+09:00,User,KeyEvent,109:77:0,assign_3,Editor,C:/Users/User/CLionProjects/assign_3/student.cpp,,23,10,Default task
2021-06-24T23:52:27.877+09:00,User,KeyEvent,32:32:0,assign_3,Editor,C:/Users/User/CLionProjects/assign_3/student.cpp,,23,11,Default task
2021-06-24T23:52:28.053+09:00,User,KeyEvent,65535:16:1,assign_3,Editor,C:/Users/User/CLionProjects/assign_3/student.cpp,,23,12,Default task
2021-06-24T23:52:28.126+09:00,User,KeyEvent,43:61:1,assign_3,Editor,C:/Users/User/CLionProjects/assign_3/student.cpp,,23,12,Default task
2021-06-24T23:52:28.836+09:00,User,KeyEvent,61:61:0,assign_3,Editor,C:/Users/User/CLionProjects/assign_3/student.cpp,,23,13,Default task
2021-06-24T23:52:29.011+09:00,User,KeyEvent,32:32:0,assign_3,Editor,C:/Users/User/CLionProjects/assign_3/student.cpp,,23,14,Default task
2021-06-24T23:52:29.821+09:00,User,KeyEvent,115:83:0,assign_3,Editor,C:/Users/User/CLionProjects/assign_3/student.cpp,,23,15,Default task
2021-06-24T23:52:29.877+09:00,User,KeyEvent,105:73:0,assign_3,Editor,C:/Users/User/CLionProjects/assign_3/student.cpp,,23,16,Default task
2021-06-24T23:52:30.077+09:00,User,KeyEvent,46:46:0,assign_3,Editor,C:/Users/User/CLionProjects/assign_3/student.cpp,,23,17,Default task
2021-06-24T23:52:30.252+09:00,User,KeyEvent,115:83:0,assign_3,Editor,C:/Users/User/CLionProjects/assign_3/student.cpp,,23,18,Default task
2021-06-24T23:52:30.389+09:00,User,KeyEvent,99:67:0,assign_3,Editor,C:/Users/User/CLionProjects/assign_3/student.cpp,,23,19,Default task
2021-06-24T23:52:30.572+09:00,User,KeyEvent,114:82:0,assign_3,Editor,C:/Users/User/CLionProjects/assign_3/student.cpp,,23,20,Default task
2021-06-24T23:52:31.445+09:00,User,Action,EditorBackSpace,assign_3,Editor,C:/Users/User/CLionProjects/assign_3/student.cpp,,23,21,Default task
2021-06-24T23:52:31.447+09:00,User,KeyEvent,8:8:0,assign_3,Editor,C:/Users/User/CLionProjects/assign_3/student.cpp,,23,20,Default task
2021-06-24T23:52:31.845+09:00,User,KeyEvent,111:79:0,assign_3,Editor,C:/Users/User/CLionProjects/assign_3/student.cpp,,23,20,Default task
2021-06-24T23:52:31.952+09:00,User,KeyEvent,114:82:0,assign_3,Editor,C:/Users/User/CLionProjects/assign_3/student.cpp,,23,21,Default task
2021-06-24T23:52:32.133+09:00,User,KeyEvent,101:69:0,assign_3,Editor,C:/Users/User/CLionProjects/assign_3/student.cpp,,23,22,Default task
2021-06-24T23:52:32.533+09:00,User,Action,EditorChooseLookupItem,assign_3,Editor,C:/Users/User/CLionProjects/assign_3/student.cpp,,23,23,Default task
2021-06-24T23:52:32.552+09:00,User,KeyEvent,10:10:0,assign_3,Editor,C:/Users/User/CLionProjects/assign_3/student.cpp,,23,24,Default task
2021-06-24T23:52:32.885+09:00,User,KeyEvent,91:91:0,assign_3,Editor,C:/Users/User/CLionProjects/assign_3/student.cpp,,23,24,Default task
2021-06-24T23:52:33.093+09:00,User,KeyEvent,105:73:0,assign_3,Editor,C:/Users/User/CLionProjects/assign_3/student.cpp,,23,25,Default task
2021-06-24T23:52:34.261+09:00,User,KeyEvent,93:93:0,assign_3,Editor,C:/Users/User/CLionProjects/assign_3/student.cpp,,23,26,Default task
2021-06-24T23:52:34.693+09:00,User,KeyEvent,59:59:0,assign_3,Editor,C:/Users/User/CLionProjects/assign_3/student.cpp,,23,27,Default task
2021-06-24T23:52:34.845+09:00,User,Action,EditorEnter,assign_3,Editor,C:/Users/User/CLionProjects/assign_3/student.cpp,,23,28,Default task
2021-06-24T23:52:34.848+09:00,User,KeyEvent,10:10:0,assign_3,Editor,C:/Users/User/CLionProjects/assign_3/student.cpp,,24,8,Default task
2021-06-24T23:52:35.156+09:00,User,KeyEvent,99:67:0,assign_3,Editor,C:/Users/User/CLionProjects/assign_3/student.cpp,,24,8,Default task
2021-06-24T23:52:35.236+09:00,User,KeyEvent,111:79:0,assign_3,Editor,C:/Users/User/CLionProjects/assign_3/student.cpp,,24,9,Default task
2021-06-24T23:52:35.405+09:00,User,KeyEvent,117:85:0,assign_3,Editor,C:/Users/User/CLionProjects/assign_3/student.cpp,,24,10,Default task
2021-06-24T23:52:35.500+09:00,User,KeyEvent,116:84:0,assign_3,Editor,C:/Users/User/CLionProjects/assign_3/student.cpp,,24,11,Default task
2021-06-24T23:52:36.109+09:00,User,KeyEvent,32:32:0,assign_3,Editor,C:/Users/User/CLionProjects/assign_3/student.cpp,,24,12,Default task
2021-06-24T23:52:36.390+09:00,User,KeyEvent,65535:16:1,assign_3,Editor,C:/Users/User/CLionProjects/assign_3/student.cpp,,24,13,Default task
2021-06-24T23:52:36.556+09:00,User,KeyEvent,60:44:1,assign_3,Editor,C:/Users/User/CLionProjects/assign_3/student.cpp,,24,13,Default task
2021-06-24T23:52:36.692+09:00,User,KeyEvent,60:44:1,assign_3,Editor,C:/Users/User/CLionProjects/assign_3/student.cpp,,24,14,Default task
2021-06-24T23:52:37.543+09:00,User,KeyEvent,32:32:0,assign_3,Editor,C:/Users/User/CLionProjects/assign_3/student.cpp,,24,15,Default task
2021-06-24T23:52:38.485+09:00,User,KeyEvent,115:83:0,assign_3,Editor,C:/Users/User/CLionProjects/assign_3/student.cpp,,24,16,Default task
2021-06-24T23:52:38.564+09:00,User,KeyEvent,105:73:0,assign_3,Editor,C:/Users/User/CLionProjects/assign_3/student.cpp,,24,17,Default task
2021-06-24T23:52:38.772+09:00,User,KeyEvent,46:46:0,assign_3,Editor,C:/Users/User/CLionProjects/assign_3/student.cpp,,24,18,Default task
2021-06-24T23:52:38.909+09:00,User,KeyEvent,99:67:0,assign_3,Editor,C:/Users/User/CLionProjects/assign_3/student.cpp,,24,19,Default task
2021-06-24T23:52:39.060+09:00,User,KeyEvent,115:83:0,assign_3,Editor,C:/Users/User/CLionProjects/assign_3/student.cpp,,24,20,Default task
2021-06-24T23:52:39.461+09:00,User,Action,EditorBackSpace,assign_3,Editor,C:/Users/User/CLionProjects/assign_3/student.cpp,,24,21,Default task
2021-06-24T23:52:39.469+09:00,User,KeyEvent,8:8:0,assign_3,Editor,C:/Users/User/CLionProjects/assign_3/student.cpp,,24,20,Default task
2021-06-24T23:52:39.580+09:00,User,Action,EditorBackSpace,assign_3,Editor,C:/Users/User/CLionProjects/assign_3/student.cpp,,24,20,Default task
2021-06-24T23:52:39.588+09:00,User,KeyEvent,8:8:0,assign_3,Editor,C:/Users/User/CLionProjects/assign_3/student.cpp,,24,19,Default task
2021-06-24T23:52:39.724+09:00,User,KeyEvent,115:83:0,assign_3,Editor,C:/Users/User/CLionProjects/assign_3/student.cpp,,24,19,Default task
2021-06-24T23:52:39.885+09:00,User,KeyEvent,99:67:0,assign_3,Editor,C:/Users/User/CLionProjects/assign_3/student.cpp,,24,20,Default task
2021-06-24T23:52:40.390+09:00,User,Action,EditorChooseLookupItem,assign_3,Editor,C:/Users/User/CLionProjects/assign_3/student.cpp,,24,21,Default task
2021-06-24T23:52:40.405+09:00,User,KeyEvent,10:10:0,assign_3,Editor,C:/Users/User/CLionProjects/assign_3/student.cpp,,24,25,Default task
2021-06-24T23:52:40.804+09:00,User,KeyEvent,91:91:0,assign_3,Editor,C:/Users/User/CLionProjects/assign_3/student.cpp,,24,25,Default task
2021-06-24T23:52:41.710+09:00,User,KeyEvent,105:73:0,assign_3,Editor,C:/Users/User/CLionProjects/assign_3/student.cpp,,24,26,Default task
2021-06-24T23:52:42.101+09:00,User,KeyEvent,93:93:0,assign_3,Editor,C:/Users/User/CLionProjects/assign_3/student.cpp,,24,27,Default task
2021-06-24T23:52:42.262+09:00,User,KeyEvent,32:32:0,assign_3,Editor,C:/Users/User/CLionProjects/assign_3/student.cpp,,24,28,Default task
2021-06-24T23:52:42.423+09:00,User,KeyEvent,65535:16:1,assign_3,Editor,C:/Users/User/CLionProjects/assign_3/student.cpp,,24,29,Default task
2021-06-24T23:52:42.485+09:00,User,KeyEvent,60:44:1,assign_3,Editor,C:/Users/User/CLionProjects/assign_3/student.cpp,,24,29,Default task
2021-06-24T23:52:42.653+09:00,User,KeyEvent,60:44:1,assign_3,Editor,C:/Users/User/CLionProjects/assign_3/student.cpp,,24,30,Default task
2021-06-24T23:52:43.037+09:00,User,KeyEvent,32:32:0,assign_3,Editor,C:/Users/User/CLionProjects/assign_3/student.cpp,,24,31,Default task
2021-06-24T23:52:43.381+09:00,User,KeyEvent,65535:16:1,assign_3,Editor,C:/Users/User/CLionProjects/assign_3/student.cpp,,24,32,Default task
2021-06-24T23:52:43.492+09:00,User,KeyEvent,34:222:1,assign_3,Editor,C:/Users/User/CLionProjects/assign_3/student.cpp,,24,32,Default task
2021-06-24T23:52:44.028+09:00,User,KeyEvent,92:92:0,assign_3,Editor,C:/Users/User/CLionProjects/assign_3/student.cpp,,24,33,Default task
2021-06-24T23:52:44.125+09:00,User,KeyEvent,116:84:0,assign_3,Editor,C:/Users/User/CLionProjects/assign_3/student.cpp,,24,34,Default task
2021-06-24T23:52:44.685+09:00,User,KeyEvent,65535:16:1,assign_3,Editor,C:/Users/User/CLionProjects/assign_3/student.cpp,,24,35,Default task
2021-06-24T23:52:44.772+09:00,User,KeyEvent,34:222:1,assign_3,Editor,C:/Users/User/CLionProjects/assign_3/student.cpp,,24,35,Default task
2021-06-24T23:52:45.613+09:00,User,KeyEvent,59:59:0,assign_3,Editor,C:/Users/User/CLionProjects/assign_3/student.cpp,,24,36,Default task
2021-06-24T23:52:47.220+09:00,User,Action,EditorDown,assign_3,Editor,C:/Users/User/CLionProjects/assign_3/student.cpp,,24,37,Default task
2021-06-24T23:52:47.221+09:00,User,KeyEvent,65535:40:0,assign_3,Editor,C:/Users/User/CLionProjects/assign_3/student.cpp,,25,5,Default task
2021-06-24T23:52:47.629+09:00,User,Action,EditorEnter,assign_3,Editor,C:/Users/User/CLionProjects/assign_3/student.cpp,,25,5,Default task
2021-06-24T23:52:47.631+09:00,User,KeyEvent,10:10:0,assign_3,Editor,C:/Users/User/CLionProjects/assign_3/student.cpp,,26,4,Default task
2021-06-24T23:52:47.958+09:00,User,KeyEvent,97:65:0,assign_3,Editor,C:/Users/User/CLionProjects/assign_3/student.cpp,,26,4,Default task
2021-06-24T23:52:48.062+09:00,User,KeyEvent,118:86:0,assign_3,Editor,C:/Users/User/CLionProjects/assign_3/student.cpp,,26,5,Default task
2021-06-24T23:52:48.220+09:00,User,KeyEvent,101:69:0,assign_3,Editor,C:/Users/User/CLionProjects/assign_3/student.cpp,,26,6,Default task
2021-06-24T23:52:48.325+09:00,User,KeyEvent,114:82:0,assign_3,Editor,C:/Users/User/CLionProjects/assign_3/student.cpp,,26,7,Default task
2021-06-24T23:52:48.589+09:00,User,KeyEvent,97:65:0,assign_3,Editor,C:/Users/User/CLionProjects/assign_3/student.cpp,,26,8,Default task
2021-06-24T23:52:48.749+09:00,User,KeyEvent,103:71:0,assign_3,Editor,C:/Users/User/CLionProjects/assign_3/student.cpp,,26,9,Default task
2021-06-24T23:52:48.868+09:00,User,KeyEvent,101:69:0,assign_3,Editor,C:/Users/User/CLionProjects/assign_3/student.cpp,,26,10,Default task
2021-06-24T23:52:49.069+09:00,User,KeyEvent,32:32:0,assign_3,Editor,C:/Users/User/CLionProjects/assign_3/student.cpp,,26,11,Default task
2021-06-24T23:52:49.270+09:00,User,KeyEvent,61:61:0,assign_3,Editor,C:/Users/User/CLionProjects/assign_3/student.cpp,,26,12,Default task
2021-06-24T23:52:49.333+09:00,User,KeyEvent,32:32:0,assign_3,Editor,C:/Users/User/CLionProjects/assign_3/student.cpp,,26,13,Default task
2021-06-24T23:52:49.582+09:00,User,KeyEvent,65535:16:1,assign_3,Editor,C:/Users/User/CLionProjects/assign_3/student.cpp,,26,14,Default task
2021-06-24T23:52:49.676+09:00,User,KeyEvent,40:57:1,assign_3,Editor,C:/Users/User/CLionProjects/assign_3/student.cpp,,26,14,Default task
2021-06-24T23:52:49.837+09:00,User,KeyEvent,100:68:0,assign_3,Editor,C:/Users/User/CLionProjects/assign_3/student.cpp,,26,15,Default task
2021-06-24T23:52:49.969+09:00,User,KeyEvent,111:79:0,assign_3,Editor,C:/Users/User/CLionProjects/assign_3/student.cpp,,26,16,Default task
2021-06-24T23:52:50.141+09:00,User,KeyEvent,117:85:0,assign_3,Editor,C:/Users/User/CLionProjects/assign_3/student.cpp,,26,17,Default task
2021-06-24T23:52:50.245+09:00,User,KeyEvent,98:66:0,assign_3,Editor,C:/Users/User/CLionProjects/assign_3/student.cpp,,26,18,Default task
2021-06-24T23:52:50.373+09:00,User,KeyEvent,108:76:0,assign_3,Editor,C:/Users/User/CLionProjects/assign_3/student.cpp,,26,19,Default task
2021-06-24T23:52:50.492+09:00,User,KeyEvent,101:69:0,assign_3,Editor,C:/Users/User/CLionProjects/assign_3/student.cpp,,26,20,Default task
2021-06-24T23:52:50.693+09:00,User,KeyEvent,65535:16:1,assign_3,Editor,C:/Users/User/CLionProjects/assign_3/student.cpp,,26,21,Default task
2021-06-24T23:52:50.757+09:00,User,KeyEvent,41:48:1,assign_3,Editor,C:/Users/User/CLionProjects/assign_3/student.cpp,,26,21,Default task
2021-06-24T23:52:51.397+09:00,User,KeyEvent,32:32:0,assign_3,Editor,C:/Users/User/CLionProjects/assign_3/student.cpp,,26,22,Default task
2021-06-24T23:52:52.269+09:00,User,Action,EditorBackSpace,assign_3,Editor,C:/Users/User/CLionProjects/assign_3/student.cpp,,26,23,Default task
2021-06-24T23:52:52.270+09:00,User,KeyEvent,8:8:0,assign_3,Editor,C:/Users/User/CLionProjects/assign_3/student.cpp,,26,22,Default task
2021-06-24T23:52:52.461+09:00,User,KeyEvent,115:83:0,assign_3,Editor,C:/Users/User/CLionProjects/assign_3/student.cpp,,26,22,Default task
2021-06-24T23:52:52.565+09:00,User,KeyEvent,117:85:0,assign_3,Editor,C:/Users/User/CLionProjects/assign_3/student.cpp,,26,23,Default task
2021-06-24T23:52:52.749+09:00,User,KeyEvent,109:77:0,assign_3,Editor,C:/Users/User/CLionProjects/assign_3/student.cpp,,26,24,Default task
2021-06-24T23:52:53.013+09:00,User,KeyEvent,47:47:0,assign_3,Editor,C:/Users/User/CLionProjects/assign_3/student.cpp,,26,25,Default task
2021-06-24T23:52:53.485+09:00,User,KeyEvent,65535:20:0,assign_3,Editor,C:/Users/User/CLionProjects/assign_3/student.cpp,,26,26,Default task
2021-06-24T23:52:53.773+09:00,User,KeyEvent,83:83:0,assign_3,Editor,C:/Users/User/CLionProjects/assign_3/student.cpp,,26,26,Default task
2021-06-24T23:52:53.941+09:00,User,KeyEvent,85:85:0,assign_3,Editor,C:/Users/User/CLionProjects/assign_3/student.cpp,,26,27,Default task
2021-06-24T23:52:54.061+09:00,User,KeyEvent,66:66:0,assign_3,Editor,C:/Users/User/CLionProjects/assign_3/student.cpp,,26,28,Default task
2021-06-24T23:52:54.285+09:00,User,Action,EditorChooseLookupItem,assign_3,Editor,C:/Users/User/CLionProjects/assign_3/student.cpp,,26,29,Default task
2021-06-24T23:52:54.304+09:00,User,KeyEvent,10:10:0,assign_3,Editor,C:/Users/User/CLionProjects/assign_3/student.cpp,,26,36,Default task
2021-06-24T23:52:55.045+09:00,User,KeyEvent,59:59:0,assign_3,Editor,C:/Users/User/CLionProjects/assign_3/student.cpp,,26,36,Default task
2021-06-24T23:52:55.214+09:00,User,Action,EditorEnter,assign_3,Editor,C:/Users/User/CLionProjects/assign_3/student.cpp,,26,37,Default task
2021-06-24T23:52:55.217+09:00,User,KeyEvent,10:10:0,assign_3,Editor,C:/Users/User/CLionProjects/assign_3/student.cpp,,27,4,Default task
2021-06-24T23:52:56.576+09:00,User,KeyEvent,65535:20:0,assign_3,Editor,C:/Users/User/CLionProjects/assign_3/student.cpp,,27,4,Default task
2021-06-24T23:52:57.213+09:00,User,Action,EditorEnter,assign_3,Editor,C:/Users/User/CLionProjects/assign_3/student.cpp,,27,4,Default task
2021-06-24T23:52:57.217+09:00,User,KeyEvent,10:10:0,assign_3,Editor,C:/Users/User/CLionProjects/assign_3/student.cpp,,28,4,Default task
2021-06-24T23:52:57.349+09:00,User,KeyEvent,99:67:0,assign_3,Editor,C:/Users/User/CLionProjects/assign_3/student.cpp,,28,4,Default task
2021-06-24T23:52:57.475+09:00,User,KeyEvent,111:79:0,assign_3,Editor,C:/Users/User/CLionProjects/assign_3/student.cpp,,28,5,Default task
2021-06-24T23:52:57.620+09:00,User,KeyEvent,117:85:0,assign_3,Editor,C:/Users/User/CLionProjects/assign_3/student.cpp,,28,6,Default task
2021-06-24T23:52:57.741+09:00,User,KeyEvent,116:84:0,assign_3,Editor,C:/Users/User/CLionProjects/assign_3/student.cpp,,28,7,Default task
2021-06-24T23:52:57.949+09:00,User,KeyEvent,65535:16:1,assign_3,Editor,C:/Users/User/CLionProjects/assign_3/student.cpp,,28,8,Default task
2021-06-24T23:52:58.030+09:00,User,KeyEvent,60:44:1,assign_3,Editor,C:/Users/User/CLionProjects/assign_3/student.cpp,,28,8,Default task
2021-06-24T23:52:58.157+09:00,User,KeyEvent,60:44:1,assign_3,Editor,C:/Users/User/CLionProjects/assign_3/student.cpp,,28,9,Default task
2021-06-24T23:52:58.645+09:00,User,KeyEvent,65535:16:1,assign_3,Editor,C:/Users/User/CLionProjects/assign_3/student.cpp,,28,10,Default task
2021-06-24T23:52:59.062+09:00,User,KeyEvent,32:32:0,assign_3,Editor,C:/Users/User/CLionProjects/assign_3/student.cpp,,28,10,Default task
2021-06-24T23:52:59.229+09:00,User,KeyEvent,115:83:0,assign_3,Editor,C:/Users/User/CLionProjects/assign_3/student.cpp,,28,11,Default task
2021-06-24T23:52:59.308+09:00,User,KeyEvent,117:85:0,assign_3,Editor,C:/Users/User/CLionProjects/assign_3/student.cpp,,28,12,Default task
2021-06-24T23:52:59.461+09:00,User,KeyEvent,109:77:0,assign_3,Editor,C:/Users/User/CLionProjects/assign_3/student.cpp,,28,13,Default task
2021-06-24T23:52:59.589+09:00,User,KeyEvent,32:32:0,assign_3,Editor,C:/Users/User/CLionProjects/assign_3/student.cpp,,28,14,Default task
2021-06-24T23:52:59.837+09:00,User,KeyEvent,65535:16:1,assign_3,Editor,C:/Users/User/CLionProjects/assign_3/student.cpp,,28,15,Default task
2021-06-24T23:52:59.877+09:00,User,KeyEvent,60:44:1,assign_3,Editor,C:/Users/User/CLionProjects/assign_3/student.cpp,,28,15,Default task
2021-06-24T23:53:00.014+09:00,User,KeyEvent,60:44:1,assign_3,Editor,C:/Users/User/CLionProjects/assign_3/student.cpp,,28,16,Default task
2021-06-24T23:53:00.613+09:00,User,KeyEvent,32:32:0,assign_3,Editor,C:/Users/User/CLionProjects/assign_3/student.cpp,,28,17,Default task
2021-06-24T23:53:01.174+09:00,User,KeyEvent,65535:16:1,assign_3,Editor,C:/Users/User/CLionProjects/assign_3/student.cpp,,28,18,Default task
2021-06-24T23:53:01.261+09:00,User,KeyEvent,34:222:1,assign_3,Editor,C:/Users/User/CLionProjects/assign_3/student.cpp,,28,18,Default task
2021-06-24T23:53:01.757+09:00,User,KeyEvent,92:92:0,assign_3,Editor,C:/Users/User/CLionProjects/assign_3/student.cpp,,28,19,Default task
2021-06-24T23:53:02.301+09:00,User,KeyEvent,116:84:0,assign_3,Editor,C:/Users/User/CLionProjects/assign_3/student.cpp,,28,20,Default task
2021-06-24T23:53:02.756+09:00,User,KeyEvent,65535:16:1,assign_3,Editor,C:/Users/User/CLionProjects/assign_3/student.cpp,,28,21,Default task
2021-06-24T23:53:02.829+09:00,User,KeyEvent,34:222:1,assign_3,Editor,C:/Users/User/CLionProjects/assign_3/student.cpp,,28,21,Default task
2021-06-24T23:53:03.455+09:00,User,KeyEvent,65535:16:1,assign_3,Editor,C:/Users/User/CLionProjects/assign_3/student.cpp,,28,22,Default task
2021-06-24T23:53:03.693+09:00,User,KeyEvent,60:44:1,assign_3,Editor,C:/Users/User/CLionProjects/assign_3/student.cpp,,28,22,Default task
2021-06-24T23:53:03.837+09:00,User,KeyEvent,60:44:1,assign_3,Editor,C:/Users/User/CLionProjects/assign_3/student.cpp,,28,23,Default task
2021-06-24T23:53:04.236+09:00,User,KeyEvent,97:65:0,assign_3,Editor,C:/Users/User/CLionProjects/assign_3/student.cpp,,28,24,Default task
2021-06-24T23:53:04.293+09:00,User,KeyEvent,118:86:0,assign_3,Editor,C:/Users/User/CLionProjects/assign_3/student.cpp,,28,25,Default task
2021-06-24T23:53:04.445+09:00,User,KeyEvent,101:69:0,assign_3,Editor,C:/Users/User/CLionProjects/assign_3/student.cpp,,28,26,Default task
2021-06-24T23:53:04.620+09:00,User,KeyEvent,114:82:0,assign_3,Editor,C:/Users/User/CLionProjects/assign_3/student.cpp,,28,27,Default task
2021-06-24T23:53:05.069+09:00,User,Action,EditorChooseLookupItem,assign_3,Editor,C:/Users/User/CLionProjects/assign_3/student.cpp,,28,28,Default task
2021-06-24T23:53:05.087+09:00,User,KeyEvent,10:10:0,assign_3,Editor,C:/Users/User/CLionProjects/assign_3/student.cpp,,28,31,Default task
2021-06-24T23:53:05.636+09:00,User,KeyEvent,65535:16:1,assign_3,Editor,C:/Users/User/CLionProjects/assign_3/student.cpp,,28,31,Default task
2021-06-24T23:53:05.716+09:00,User,KeyEvent,60:44:1,assign_3,Editor,C:/Users/User/CLionProjects/assign_3/student.cpp,,28,31,Default task
2021-06-24T23:53:05.836+09:00,User,KeyEvent,60:44:1,assign_3,Editor,C:/Users/User/CLionProjects/assign_3/student.cpp,,28,32,Default task
2021-06-24T23:53:05.996+09:00,User,KeyEvent,101:69:0,assign_3,Editor,C:/Users/User/CLionProjects/assign_3/student.cpp,,28,33,Default task
2021-06-24T23:53:06.155+09:00,User,KeyEvent,110:78:0,assign_3,Editor,C:/Users/User/CLionProjects/assign_3/student.cpp,,28,34,Default task
2021-06-24T23:53:06.260+09:00,User,KeyEvent,100:68:0,assign_3,Editor,C:/Users/User/CLionProjects/assign_3/student.cpp,,28,35,Default task
2021-06-24T23:53:06.381+09:00,User,KeyEvent,108:76:0,assign_3,Editor,C:/Users/User/CLionProjects/assign_3/student.cpp,,28,36,Default task
2021-06-24T23:53:06.565+09:00,User,KeyEvent,59:59:0,assign_3,Editor,C:/Users/User/CLionProjects/assign_3/student.cpp,,28,37,Default task
2021-06-24T23:53:07.294+09:00,User,Action,EditorEnter,assign_3,Editor,C:/Users/User/CLionProjects/assign_3/student.cpp,,28,38,Default task
2021-06-24T23:53:07.297+09:00,User,KeyEvent,10:10:0,assign_3,Editor,C:/Users/User/CLionProjects/assign_3/student.cpp,,29,4,Default task
2021-06-24T23:53:07.669+09:00,User,KeyEvent,115:83:0,assign_3,Editor,C:/Users/User/CLionProjects/assign_3/student.cpp,,29,4,Default task
2021-06-24T23:53:07.748+09:00,User,KeyEvent,117:85:0,assign_3,Editor,C:/Users/User/CLionProjects/assign_3/student.cpp,,29,5,Default task
2021-06-24T23:53:07.921+09:00,User,KeyEvent,109:77:0,assign_3,Editor,C:/Users/User/CLionProjects/assign_3/student.cpp,,29,6,Default task
2021-06-24T23:53:08.053+09:00,User,KeyEvent,32:32:0,assign_3,Editor,C:/Users/User/CLionProjects/assign_3/student.cpp,,29,7,Default task
2021-06-24T23:53:08.188+09:00,User,KeyEvent,61:61:0,assign_3,Editor,C:/Users/User/CLionProjects/assign_3/student.cpp,,29,8,Default task
2021-06-24T23:53:08.916+09:00,User,KeyEvent,48:48:0,assign_3,Editor,C:/Users/User/CLionProjects/assign_3/student.cpp,,29,9,Default task
2021-06-24T23:53:09.476+09:00,User,KeyEvent,59:59:0,assign_3,Editor,C:/Users/User/CLionProjects/assign_3/student.cpp,,29,10,Default task
2021-06-24T23:53:11.894+09:00,User,KeyEvent,65535:17:2,assign_3,Editor,C:/Users/User/CLionProjects/assign_3/student.cpp,,29,11,Default task
2021-06-24T23:53:12.053+09:00,User,Action,SaveAll,assign_3,Editor,C:/Users/User/CLionProjects/assign_3/student.cpp,,29,11,Default task
2021-06-24T23:53:12.067+09:00,User,KeyEvent,19:83:2,assign_3,Editor,C:/Users/User/CLionProjects/assign_3/student.cpp,,29,11,Default task
2021-06-24T23:53:14.494+09:00,User,Action,EditorEnter,assign_3,Editor,C:/Users/User/CLionProjects/assign_3/student.cpp,,32,60,Default task
2021-06-24T23:53:14.498+09:00,User,KeyEvent,10:10:0,assign_3,Editor,C:/Users/User/CLionProjects/assign_3/student.cpp,,33,4,Default task
2021-06-24T23:53:14.637+09:00,User,Action,EditorEnter,assign_3,Editor,C:/Users/User/CLionProjects/assign_3/student.cpp,,33,4,Default task
2021-06-24T23:53:14.640+09:00,User,KeyEvent,10:10:0,assign_3,Editor,C:/Users/User/CLionProjects/assign_3/student.cpp,,34,4,Default task
2021-06-24T23:53:14.853+09:00,User,KeyEvent,102:70:0,assign_3,Editor,C:/Users/User/CLionProjects/assign_3/student.cpp,,34,4,Default task
2021-06-24T23:53:14.940+09:00,User,KeyEvent,111:79:0,assign_3,Editor,C:/Users/User/CLionProjects/assign_3/student.cpp,,34,5,Default task
2021-06-24T23:53:15.045+09:00,User,KeyEvent,114:82:0,assign_3,Editor,C:/Users/User/CLionProjects/assign_3/student.cpp,,34,6,Default task
2021-06-24T23:53:15.172+09:00,User,KeyEvent,65535:16:1,assign_3,Editor,C:/Users/User/CLionProjects/assign_3/student.cpp,,34,7,Default task
2021-06-24T23:53:15.229+09:00,User,KeyEvent,40:57:1,assign_3,Editor,C:/Users/User/CLionProjects/assign_3/student.cpp,,34,7,Default task
2021-06-24T23:53:16.117+09:00,User,KeyEvent,97:65:0,assign_3,Editor,C:/Users/User/CLionProjects/assign_3/student.cpp,,34,8,Default task
2021-06-24T23:53:16.437+09:00,User,KeyEvent,117:85:0,assign_3,Editor,C:/Users/User/CLionProjects/assign_3/student.cpp,,34,9,Default task
2021-06-24T23:53:16.749+09:00,User,KeyEvent,116:84:0,assign_3,Editor,C:/Users/User/CLionProjects/assign_3/student.cpp,,34,10,Default task
2021-06-24T23:53:16.876+09:00,User,KeyEvent,111:79:0,assign_3,Editor,C:/Users/User/CLionProjects/assign_3/student.cpp,,34,11,Default task
2021-06-24T23:53:16.974+09:00,User,KeyEvent,32:32:0,assign_3,Editor,C:/Users/User/CLionProjects/assign_3/student.cpp,,34,12,Default task
2021-06-24T23:53:17.262+09:00,User,KeyEvent,65535:16:1,assign_3,Editor,C:/Users/User/CLionProjects/assign_3/student.cpp,,34,13,Default task
2021-06-24T23:53:17.340+09:00,User,KeyEvent,42:56:1,assign_3,Editor,C:/Users/User/CLionProjects/assign_3/student.cpp,,34,13,Default task
2021-06-24T23:53:17.957+09:00,User,Action,EditorBackSpace,assign_3,Editor,C:/Users/User/CLionProjects/assign_3/student.cpp,,34,14,Default task
2021-06-24T23:53:17.958+09:00,User,KeyEvent,8:8:0,assign_3,Editor,C:/Users/User/CLionProjects/assign_3/student.cpp,,34,13,Default task
2021-06-24T23:53:18.524+09:00,User,KeyEvent,65535:16:1,assign_3,Editor,C:/Users/User/CLionProjects/assign_3/student.cpp,,34,13,Default task
2021-06-24T23:53:18.669+09:00,User,KeyEvent,38:55:1,assign_3,Editor,C:/Users/User/CLionProjects/assign_3/student.cpp,,34,13,Default task
2021-06-24T23:53:19.068+09:00,User,KeyEvent,32:32:0,assign_3,Editor,C:/Users/User/CLionProjects/assign_3/student.cpp,,34,14,Default task
2021-06-24T23:53:19.925+09:00,User,KeyEvent,105:73:0,assign_3,Editor,C:/Users/User/CLionProjects/assign_3/student.cpp,,34,15,Default task
2021-06-24T23:53:20.037+09:00,User,KeyEvent,116:84:0,assign_3,Editor,C:/Users/User/CLionProjects/assign_3/student.cpp,,34,16,Default task
2021-06-24T23:53:20.148+09:00,User,KeyEvent,101:69:0,assign_3,Editor,C:/Users/User/CLionProjects/assign_3/student.cpp,,34,17,Default task
2021-06-24T23:53:20.252+09:00,User,KeyEvent,114:82:0,assign_3,Editor,C:/Users/User/CLionProjects/assign_3/student.cpp,,34,18,Default task
2021-06-24T23:53:20.381+09:00,User,KeyEvent,32:32:0,assign_3,Editor,C:/Users/User/CLionProjects/assign_3/student.cpp,,34,19,Default task
2021-06-24T23:53:20.553+09:00,User,KeyEvent,65535:16:1,assign_3,Editor,C:/Users/User/CLionProjects/assign_3/student.cpp,,34,20,Default task
2021-06-24T23:53:20.589+09:00,User,KeyEvent,58:59:1,assign_3,Editor,C:/Users/User/CLionProjects/assign_3/student.cpp,,34,20,Default task
2021-06-24T23:53:21.237+09:00,User,KeyEvent,32:32:0,assign_3,Editor,C:/Users/User/CLionProjects/assign_3/student.cpp,,34,21,Default task
2021-06-24T23:53:21.317+09:00,User,KeyEvent,118:86:0,assign_3,Editor,C:/Users/User/CLionProjects/assign_3/student.cpp,,34,22,Default task
2021-06-24T23:53:21.422+09:00,User,KeyEvent,101:69:0,assign_3,Editor,C:/Users/User/CLionProjects/assign_3/student.cpp,,34,23,Default task
2021-06-24T23:53:21.620+09:00,User,KeyEvent,99:67:0,assign_3,Editor,C:/Users/User/CLionProjects/assign_3/student.cpp,,34,24,Default task
2021-06-24T23:53:21.797+09:00,User,KeyEvent,65535:16:1,assign_3,Editor,C:/Users/User/CLionProjects/assign_3/student.cpp,,34,25,Default task
2021-06-24T23:53:21.885+09:00,User,KeyEvent,41:48:1,assign_3,Editor,C:/Users/User/CLionProjects/assign_3/student.cpp,,34,25,Default task
2021-06-24T23:53:22.301+09:00,User,Action,EditorEnter,assign_3,Editor,C:/Users/User/CLionProjects/assign_3/student.cpp,,34,26,Default task
2021-06-24T23:53:22.317+09:00,User,KeyEvent,10:10:0,assign_3,Editor,C:/Users/User/CLionProjects/assign_3/student.cpp,,35,8,Default task
2021-06-24T23:53:22.500+09:00,User,KeyEvent,65535:16:1,assign_3,Editor,C:/Users/User/CLionProjects/assign_3/student.cpp,,35,8,Default task
2021-06-24T23:53:22.668+09:00,User,KeyEvent,123:91:1,assign_3,Editor,C:/Users/User/CLionProjects/assign_3/student.cpp,,35,8,Default task
2021-06-24T23:53:22.805+09:00,User,Action,EditorEnter,assign_3,Editor,C:/Users/User/CLionProjects/assign_3/student.cpp,,35,5,Default task
2021-06-24T23:53:22.807+09:00,User,KeyEvent,10:10:0,assign_3,Editor,C:/Users/User/CLionProjects/assign_3/student.cpp,,36,8,Default task
2021-06-24T23:53:23.812+09:00,User,KeyEvent,112:80:0,assign_3,Editor,C:/Users/User/CLionProjects/assign_3/student.cpp,,36,8,Default task
2021-06-24T23:53:23.908+09:00,User,KeyEvent,114:82:0,assign_3,Editor,C:/Users/User/CLionProjects/assign_3/student.cpp,,36,9,Default task
2021-06-24T23:53:24.021+09:00,User,KeyEvent,105:73:0,assign_3,Editor,C:/Users/User/CLionProjects/assign_3/student.cpp,,36,10,Default task
2021-06-24T23:53:24.101+09:00,User,KeyEvent,110:78:0,assign_3,Editor,C:/Users/User/CLionProjects/assign_3/student.cpp,,36,11,Default task
2021-06-24T23:53:24.173+09:00,User,KeyEvent,116:84:0,assign_3,Editor,C:/Users/User/CLionProjects/assign_3/student.cpp,,36,12,Default task
2021-06-24T23:53:24.365+09:00,User,KeyEvent,65535:16:1,assign_3,Editor,C:/Users/User/CLionProjects/assign_3/student.cpp,,36,13,Default task
2021-06-24T23:53:24.421+09:00,User,KeyEvent,40:57:1,assign_3,Editor,C:/Users/User/CLionProjects/assign_3/student.cpp,,36,13,Default task
2021-06-24T23:53:25.262+09:00,User,KeyEvent,42:106:0,assign_3,Editor,C:/Users/User/CLionProjects/assign_3/student.cpp,,36,14,Default task
2021-06-24T23:53:26.053+09:00,User,KeyEvent,105:73:0,assign_3,Editor,C:/Users/User/CLionProjects/assign_3/student.cpp,,36,15,Default task
2021-06-24T23:53:26.149+09:00,User,KeyEvent,116:84:0,assign_3,Editor,C:/Users/User/CLionProjects/assign_3/student.cpp,,36,16,Default task
2021-06-24T23:53:26.244+09:00,User,KeyEvent,101:69:0,assign_3,Editor,C:/Users/User/CLionProjects/assign_3/student.cpp,,36,17,Default task
2021-06-24T23:53:26.341+09:00,User,KeyEvent,114:82:0,assign_3,Editor,C:/Users/User/CLionProjects/assign_3/student.cpp,,36,18,Default task
2021-06-24T23:53:26.501+09:00,User,KeyEvent,65535:16:1,assign_3,Editor,C:/Users/User/CLionProjects/assign_3/student.cpp,,36,19,Default task
2021-06-24T23:53:26.596+09:00,User,KeyEvent,41:48:1,assign_3,Editor,C:/Users/User/CLionProjects/assign_3/student.cpp,,36,19,Default task
2021-06-24T23:53:27.773+09:00,User,KeyEvent,59:59:0,assign_3,Editor,C:/Users/User/CLionProjects/assign_3/student.cpp,,36,20,Default task
2021-06-24T23:53:29.821+09:00,User,Action,EditorDown,assign_3,Editor,C:/Users/User/CLionProjects/assign_3/student.cpp,,36,21,Default task
2021-06-24T23:53:29.823+09:00,User,KeyEvent,65535:40:0,assign_3,Editor,C:/Users/User/CLionProjects/assign_3/student.cpp,,37,5,Default task
2021-06-24T23:53:29.965+09:00,User,Action,EditorDown,assign_3,Editor,C:/Users/User/CLionProjects/assign_3/student.cpp,,37,5,Default task
2021-06-24T23:53:29.965+09:00,User,KeyEvent,65535:40:0,assign_3,Editor,C:/Users/User/CLionProjects/assign_3/student.cpp,,38,0,Default task
2021-06-24T23:53:30.118+09:00,User,Action,EditorDown,assign_3,Editor,C:/Users/User/CLionProjects/assign_3/student.cpp,,38,0,Default task
2021-06-24T23:53:30.119+09:00,User,KeyEvent,65535:40:0,assign_3,Editor,C:/Users/User/CLionProjects/assign_3/student.cpp,,39,0,Default task
2021-06-24T23:53:30.261+09:00,User,Action,EditorDown,assign_3,Editor,C:/Users/User/CLionProjects/assign_3/student.cpp,,39,0,Default task
2021-06-24T23:53:30.262+09:00,User,KeyEvent,65535:40:0,assign_3,Editor,C:/Users/User/CLionProjects/assign_3/student.cpp,,40,0,Default task
2021-06-24T23:53:30.948+09:00,User,Action,EditorBackSpace,assign_3,Editor,C:/Users/User/CLionProjects/assign_3/student.cpp,,40,0,Default task
2021-06-24T23:53:30.950+09:00,User,KeyEvent,8:8:0,assign_3,Editor,C:/Users/User/CLionProjects/assign_3/student.cpp,,39,4,Default task
2021-06-24T23:53:31.084+09:00,User,Action,EditorBackSpace,assign_3,Editor,C:/Users/User/CLionProjects/assign_3/student.cpp,,39,4,Default task
2021-06-24T23:53:31.086+09:00,User,KeyEvent,8:8:0,assign_3,Editor,C:/Users/User/CLionProjects/assign_3/student.cpp,,38,4,Default task
2021-06-24T23:53:31.717+09:00,User,KeyEvent,65535:17:2,assign_3,Editor,C:/Users/User/CLionProjects/assign_3/student.cpp,,38,4,Default task
2021-06-24T23:53:31.853+09:00,User,Action,SaveAll,assign_3,Editor,C:/Users/User/CLionProjects/assign_3/student.cpp,,38,4,Default task
2021-06-24T23:53:31.861+09:00,User,KeyEvent,19:83:2,assign_3,Editor,C:/Users/User/CLionProjects/assign_3/student.cpp,,38,4,Default task
2021-06-24T23:53:33.132+09:00,User,Action,Run,assign_3,Editor,C:/Users/User/CLionProjects/assign_3/student.cpp,,38,4,Default task
2021-06-24T23:53:40.541+09:00,User,KeyEvent,65535:17:2,assign_3,Editor,C:/Users/User/CLionProjects/assign_3/student.cpp,,38,4,Default task
2021-06-24T23:53:40.613+09:00,User,KeyEvent,22:86:2,assign_3,Editor,C:/Users/User/CLionProjects/assign_3/student.cpp,,38,4,Default task
2021-06-24T23:53:42.390+09:00,User,KeyEvent,10:10:0,assign_3,Editor,C:/Users/User/CLionProjects/assign_3/student.cpp,,38,4,Default task
