2021-06-23T20:28:52.377+09:00,User,Action,Clear Tracking Log,,,,,-1,-1,
2021-06-23T20:28:58.373+09:00,User,Action,Clear Tracking Log,,,,,-1,-1,
2021-06-23T20:29:00.959+09:00,User,Action,EditorEnter,hello,Editor,C:/Users/User/CLionProjects/hello/main.cpp,,0,19,Default task
2021-06-23T20:29:00.963+09:00,User,KeyEvent,10:10:0,hello,Editor,C:/Users/User/CLionProjects/hello/main.cpp,,1,0,Default task
2021-06-23T20:29:01.119+09:00,User,KeyEvent,65535:16:1,hello,Editor,C:/Users/User/CLionProjects/hello/main.cpp,,1,0,Default task
2021-06-23T20:29:01.199+09:00,User,KeyEvent,35:51:1,hello,Editor,C:/Users/User/CLionProjects/hello/main.cpp,,1,0,Default task
2021-06-23T20:29:01.390+09:00,User,KeyEvent,105:73:0,hello,Editor,C:/Users/User/CLionProjects/hello/main.cpp,,1,1,Default task
2021-06-23T20:29:01.543+09:00,User,KeyEvent,110:78:0,hello,Editor,C:/Users/User/CLionProjects/hello/main.cpp,,1,2,Default task
2021-06-23T20:29:01.678+09:00,User,KeyEvent,99:67:0,hello,Editor,C:/Users/User/CLionProjects/hello/main.cpp,,1,3,Default task
2021-06-23T20:29:01.750+09:00,User,KeyEvent,108:76:0,hello,Editor,C:/Users/User/CLionProjects/hello/main.cpp,,1,4,Default task
2021-06-23T20:29:01.935+09:00,User,KeyEvent,117:85:0,hello,Editor,C:/Users/User/CLionProjects/hello/main.cpp,,1,5,Default task
2021-06-23T20:29:02.087+09:00,User,KeyEvent,100:68:0,hello,Editor,C:/Users/User/CLionProjects/hello/main.cpp,,1,6,Default task
2021-06-23T20:29:02.240+09:00,User,KeyEvent,101:69:0,hello,Editor,C:/Users/User/CLionProjects/hello/main.cpp,,1,7,Default task
2021-06-23T20:29:02.452+09:00,User,KeyEvent,32:32:0,hello,Editor,C:/Users/User/CLionProjects/hello/main.cpp,,1,8,Default task
2021-06-23T20:29:02.622+09:00,User,KeyEvent,65535:16:1,hello,Editor,C:/Users/User/CLionProjects/hello/main.cpp,,1,9,Default task
2021-06-23T20:29:02.687+09:00,User,KeyEvent,60:44:1,hello,Editor,C:/Users/User/CLionProjects/hello/main.cpp,,1,9,Default task
2021-06-23T20:29:02.968+09:00,User,KeyEvent,115:83:0,hello,Editor,C:/Users/User/CLionProjects/hello/main.cpp,,1,10,Default task
2021-06-23T20:29:03.056+09:00,User,KeyEvent,116:84:0,hello,Editor,C:/Users/User/CLionProjects/hello/main.cpp,,1,11,Default task
2021-06-23T20:29:03.206+09:00,User,KeyEvent,114:82:0,hello,Editor,C:/Users/User/CLionProjects/hello/main.cpp,,1,12,Default task
2021-06-23T20:29:03.318+09:00,User,KeyEvent,105:73:0,hello,Editor,C:/Users/User/CLionProjects/hello/main.cpp,,1,13,Default task
2021-06-23T20:29:03.407+09:00,User,KeyEvent,110:78:0,hello,Editor,C:/Users/User/CLionProjects/hello/main.cpp,,1,14,Default task
2021-06-23T20:29:03.502+09:00,User,KeyEvent,103:71:0,hello,Editor,C:/Users/User/CLionProjects/hello/main.cpp,,1,15,Default task
2021-06-23T20:29:04.135+09:00,User,Action,EditorChooseLookupItem,hello,Editor,C:/Users/User/CLionProjects/hello/main.cpp,,1,16,Default task
2021-06-23T20:29:04.155+09:00,User,KeyEvent,10:10:0,hello,Editor,C:/Users/User/CLionProjects/hello/main.cpp,,1,17,Default task
2021-06-23T20:29:04.614+09:00,User,Action,EditorEnter,hello,Editor,C:/Users/User/CLionProjects/hello/main.cpp,,1,17,Default task
2021-06-23T20:29:04.618+09:00,User,KeyEvent,10:10:0,hello,Editor,C:/Users/User/CLionProjects/hello/main.cpp,,2,0,Default task
2021-06-23T20:29:04.878+09:00,User,KeyEvent,65535:16:1,hello,Editor,C:/Users/User/CLionProjects/hello/main.cpp,,2,0,Default task
2021-06-23T20:29:04.998+09:00,User,KeyEvent,35:51:1,hello,Editor,C:/Users/User/CLionProjects/hello/main.cpp,,2,0,Default task
2021-06-23T20:29:05.174+09:00,User,KeyEvent,105:73:0,hello,Editor,C:/Users/User/CLionProjects/hello/main.cpp,,2,1,Default task
2021-06-23T20:29:05.278+09:00,User,KeyEvent,110:78:0,hello,Editor,C:/Users/User/CLionProjects/hello/main.cpp,,2,2,Default task
2021-06-23T20:29:05.391+09:00,User,KeyEvent,99:67:0,hello,Editor,C:/Users/User/CLionProjects/hello/main.cpp,,2,3,Default task
2021-06-23T20:29:05.485+09:00,User,KeyEvent,108:76:0,hello,Editor,C:/Users/User/CLionProjects/hello/main.cpp,,2,4,Default task
2021-06-23T20:29:05.590+09:00,User,KeyEvent,117:85:0,hello,Editor,C:/Users/User/CLionProjects/hello/main.cpp,,2,5,Default task
2021-06-23T20:29:05.690+09:00,User,KeyEvent,100:68:0,hello,Editor,C:/Users/User/CLionProjects/hello/main.cpp,,2,6,Default task
2021-06-23T20:29:05.807+09:00,User,KeyEvent,101:69:0,hello,Editor,C:/Users/User/CLionProjects/hello/main.cpp,,2,7,Default task
2021-06-23T20:29:05.887+09:00,User,KeyEvent,32:32:0,hello,Editor,C:/Users/User/CLionProjects/hello/main.cpp,,2,8,Default task
2021-06-23T20:29:05.951+09:00,User,KeyEvent,65535:16:1,hello,Editor,C:/Users/User/CLionProjects/hello/main.cpp,,2,9,Default task
2021-06-23T20:29:05.990+09:00,User,KeyEvent,60:44:1,hello,Editor,C:/Users/User/CLionProjects/hello/main.cpp,,2,9,Default task
2021-06-23T20:29:06.207+09:00,User,KeyEvent,118:86:0,hello,Editor,C:/Users/User/CLionProjects/hello/main.cpp,,2,10,Default task
2021-06-23T20:29:06.350+09:00,User,KeyEvent,101:69:0,hello,Editor,C:/Users/User/CLionProjects/hello/main.cpp,,2,11,Default task
2021-06-23T20:29:06.551+09:00,User,KeyEvent,99:67:0,hello,Editor,C:/Users/User/CLionProjects/hello/main.cpp,,2,12,Default task
2021-06-23T20:29:07.023+09:00,User,Action,EditorChooseLookupItem,hello,Editor,C:/Users/User/CLionProjects/hello/main.cpp,,2,13,Default task
2021-06-23T20:29:07.044+09:00,User,KeyEvent,10:10:0,hello,Editor,C:/Users/User/CLionProjects/hello/main.cpp,,2,17,Default task
2021-06-23T20:29:07.455+09:00,User,KeyEvent,65535:16:1,hello,Editor,C:/Users/User/CLionProjects/hello/main.cpp,,2,17,Default task
2021-06-23T20:29:08.408+09:00,User,Action,EditorDown,hello,Editor,C:/Users/User/CLionProjects/hello/main.cpp,,2,17,Default task
2021-06-23T20:29:08.412+09:00,User,KeyEvent,65535:40:0,hello,Editor,C:/Users/User/CLionProjects/hello/main.cpp,,3,0,Default task
2021-06-23T20:29:08.672+09:00,User,Action,EditorDown,hello,Editor,C:/Users/User/CLionProjects/hello/main.cpp,,3,0,Default task
2021-06-23T20:29:08.673+09:00,User,KeyEvent,65535:40:0,hello,Editor,C:/Users/User/CLionProjects/hello/main.cpp,,4,17,Default task
2021-06-23T20:29:08.808+09:00,User,Action,EditorDown,hello,Editor,C:/Users/User/CLionProjects/hello/main.cpp,,4,17,Default task
2021-06-23T20:29:08.809+09:00,User,KeyEvent,65535:40:0,hello,Editor,C:/Users/User/CLionProjects/hello/main.cpp,,5,0,Default task
2021-06-23T20:29:08.952+09:00,User,Action,EditorDown,hello,Editor,C:/Users/User/CLionProjects/hello/main.cpp,,5,0,Default task
2021-06-23T20:29:08.953+09:00,User,KeyEvent,65535:40:0,hello,Editor,C:/Users/User/CLionProjects/hello/main.cpp,,6,12,Default task
2021-06-23T20:29:21.960+09:00,User,Action,EditorBackSpace,hello,Editor,C:/Users/User/CLionProjects/hello/main.cpp,,7,0,Default task
2021-06-23T20:29:21.967+09:00,User,KeyEvent,8:8:0,hello,Editor,C:/Users/User/CLionProjects/hello/main.cpp,,6,12,Default task
2021-06-23T20:29:22.111+09:00,User,Action,EditorEnter,hello,Editor,C:/Users/User/CLionProjects/hello/main.cpp,,6,12,Default task
2021-06-23T20:29:22.114+09:00,User,KeyEvent,10:10:0,hello,Editor,C:/Users/User/CLionProjects/hello/main.cpp,,7,4,Default task
2021-06-23T20:29:22.734+09:00,User,KeyEvent,105:73:0,hello,Editor,C:/Users/User/CLionProjects/hello/main.cpp,,7,4,Default task
2021-06-23T20:29:22.839+09:00,User,KeyEvent,110:78:0,hello,Editor,C:/Users/User/CLionProjects/hello/main.cpp,,7,5,Default task
2021-06-23T20:29:22.886+09:00,User,KeyEvent,116:84:0,hello,Editor,C:/Users/User/CLionProjects/hello/main.cpp,,7,6,Default task
2021-06-23T20:29:22.990+09:00,User,KeyEvent,32:32:0,hello,Editor,C:/Users/User/CLionProjects/hello/main.cpp,,7,7,Default task
2021-06-23T20:29:23.111+09:00,User,KeyEvent,115:83:0,hello,Editor,C:/Users/User/CLionProjects/hello/main.cpp,,7,8,Default task
2021-06-23T20:29:23.190+09:00,User,KeyEvent,105:73:0,hello,Editor,C:/Users/User/CLionProjects/hello/main.cpp,,7,9,Default task
2021-06-23T20:29:23.287+09:00,User,KeyEvent,122:90:0,hello,Editor,C:/Users/User/CLionProjects/hello/main.cpp,,7,10,Default task
2021-06-23T20:29:23.382+09:00,User,KeyEvent,101:69:0,hello,Editor,C:/Users/User/CLionProjects/hello/main.cpp,,7,11,Default task
2021-06-23T20:29:24.207+09:00,User,KeyEvent,59:59:0,hello,Editor,C:/Users/User/CLionProjects/hello/main.cpp,,7,12,Default task
2021-06-23T20:29:24.359+09:00,User,Action,EditorEnter,hello,Editor,C:/Users/User/CLionProjects/hello/main.cpp,,7,13,Default task
2021-06-23T20:29:24.360+09:00,User,KeyEvent,10:10:0,hello,Editor,C:/Users/User/CLionProjects/hello/main.cpp,,8,4,Default task
2021-06-23T20:29:24.607+09:00,User,KeyEvent,105:73:0,hello,Editor,C:/Users/User/CLionProjects/hello/main.cpp,,8,4,Default task
2021-06-23T20:29:24.771+09:00,User,KeyEvent,110:78:0,hello,Editor,C:/Users/User/CLionProjects/hello/main.cpp,,8,5,Default task
2021-06-23T20:29:24.830+09:00,User,KeyEvent,116:84:0,hello,Editor,C:/Users/User/CLionProjects/hello/main.cpp,,8,6,Default task
2021-06-23T20:29:25.048+09:00,User,KeyEvent,32:32:0,hello,Editor,C:/Users/User/CLionProjects/hello/main.cpp,,8,7,Default task
2021-06-23T20:29:25.191+09:00,User,KeyEvent,99:67:0,hello,Editor,C:/Users/User/CLionProjects/hello/main.cpp,,8,8,Default task
2021-06-23T20:29:25.262+09:00,User,KeyEvent,111:79:0,hello,Editor,C:/Users/User/CLionProjects/hello/main.cpp,,8,9,Default task
2021-06-23T20:29:25.422+09:00,User,KeyEvent,117:85:0,hello,Editor,C:/Users/User/CLionProjects/hello/main.cpp,,8,10,Default task
2021-06-23T20:29:25.550+09:00,User,KeyEvent,110:78:0,hello,Editor,C:/Users/User/CLionProjects/hello/main.cpp,,8,11,Default task
2021-06-23T20:29:25.654+09:00,User,KeyEvent,116:84:0,hello,Editor,C:/Users/User/CLionProjects/hello/main.cpp,,8,12,Default task
2021-06-23T20:29:25.839+09:00,User,KeyEvent,59:59:0,hello,Editor,C:/Users/User/CLionProjects/hello/main.cpp,,8,13,Default task
2021-06-23T20:29:26.015+09:00,User,Action,EditorEnter,hello,Editor,C:/Users/User/CLionProjects/hello/main.cpp,,8,14,Default task
2021-06-23T20:29:26.018+09:00,User,KeyEvent,10:10:0,hello,Editor,C:/Users/User/CLionProjects/hello/main.cpp,,9,4,Default task
2021-06-23T20:29:26.518+09:00,User,KeyEvent,105:73:0,hello,Editor,C:/Users/User/CLionProjects/hello/main.cpp,,9,4,Default task
2021-06-23T20:29:26.606+09:00,User,KeyEvent,110:78:0,hello,Editor,C:/Users/User/CLionProjects/hello/main.cpp,,9,5,Default task
2021-06-23T20:29:26.694+09:00,User,KeyEvent,116:84:0,hello,Editor,C:/Users/User/CLionProjects/hello/main.cpp,,9,6,Default task
2021-06-23T20:29:26.798+09:00,User,KeyEvent,32:32:0,hello,Editor,C:/Users/User/CLionProjects/hello/main.cpp,,9,7,Default task
2021-06-23T20:29:26.967+09:00,User,KeyEvent,115:83:0,hello,Editor,C:/Users/User/CLionProjects/hello/main.cpp,,9,8,Default task
2021-06-23T20:29:27.054+09:00,User,KeyEvent,117:85:0,hello,Editor,C:/Users/User/CLionProjects/hello/main.cpp,,9,9,Default task
2021-06-23T20:29:28.369+09:00,User,KeyEvent,109:77:0,hello,Editor,C:/Users/User/CLionProjects/hello/main.cpp,,9,10,Default task
2021-06-23T20:29:28.544+09:00,User,KeyEvent,59:59:0,hello,Editor,C:/Users/User/CLionProjects/hello/main.cpp,,9,11,Default task
2021-06-23T20:29:28.671+09:00,User,Action,EditorEnter,hello,Editor,C:/Users/User/CLionProjects/hello/main.cpp,,9,12,Default task
2021-06-23T20:29:28.673+09:00,User,KeyEvent,10:10:0,hello,Editor,C:/Users/User/CLionProjects/hello/main.cpp,,10,4,Default task
2021-06-23T20:29:33.592+09:00,User,Action,EditorEnter,hello,Editor,C:/Users/User/CLionProjects/hello/main.cpp,,10,4,Default task
2021-06-23T20:29:33.594+09:00,User,KeyEvent,10:10:0,hello,Editor,C:/Users/User/CLionProjects/hello/main.cpp,,11,4,Default task
2021-06-23T20:29:33.735+09:00,User,KeyEvent,115:83:0,hello,Editor,C:/Users/User/CLionProjects/hello/main.cpp,,11,4,Default task
2021-06-23T20:29:33.838+09:00,User,KeyEvent,116:84:0,hello,Editor,C:/Users/User/CLionProjects/hello/main.cpp,,11,5,Default task
2021-06-23T20:29:34.014+09:00,User,KeyEvent,114:82:0,hello,Editor,C:/Users/User/CLionProjects/hello/main.cpp,,11,6,Default task
2021-06-23T20:29:34.078+09:00,User,KeyEvent,105:73:0,hello,Editor,C:/Users/User/CLionProjects/hello/main.cpp,,11,7,Default task
2021-06-23T20:29:34.142+09:00,User,KeyEvent,110:78:0,hello,Editor,C:/Users/User/CLionProjects/hello/main.cpp,,11,8,Default task
2021-06-23T20:29:34.223+09:00,User,KeyEvent,103:71:0,hello,Editor,C:/Users/User/CLionProjects/hello/main.cpp,,11,9,Default task
2021-06-23T20:29:34.318+09:00,User,KeyEvent,32:32:0,hello,Editor,C:/Users/User/CLionProjects/hello/main.cpp,,11,10,Default task
2021-06-23T20:29:34.447+09:00,User,KeyEvent,115:83:0,hello,Editor,C:/Users/User/CLionProjects/hello/main.cpp,,11,11,Default task
2021-06-23T20:29:34.518+09:00,User,KeyEvent,116:84:0,hello,Editor,C:/Users/User/CLionProjects/hello/main.cpp,,11,12,Default task
2021-06-23T20:29:34.679+09:00,User,KeyEvent,114:82:0,hello,Editor,C:/Users/User/CLionProjects/hello/main.cpp,,11,13,Default task
2021-06-23T20:29:35.351+09:00,User,KeyEvent,59:59:0,hello,Editor,C:/Users/User/CLionProjects/hello/main.cpp,,11,14,Default task
2021-06-23T20:29:35.871+09:00,User,Action,EditorEnter,hello,Editor,C:/Users/User/CLionProjects/hello/main.cpp,,11,15,Default task
2021-06-23T20:29:35.872+09:00,User,KeyEvent,10:10:0,hello,Editor,C:/Users/User/CLionProjects/hello/main.cpp,,12,4,Default task
2021-06-23T20:29:36.031+09:00,User,Action,EditorEnter,hello,Editor,C:/Users/User/CLionProjects/hello/main.cpp,,12,4,Default task
2021-06-23T20:29:36.033+09:00,User,KeyEvent,10:10:0,hello,Editor,C:/Users/User/CLionProjects/hello/main.cpp,,13,4,Default task
2021-06-23T20:29:36.406+09:00,User,KeyEvent,99:67:0,hello,Editor,C:/Users/User/CLionProjects/hello/main.cpp,,13,4,Default task
2021-06-23T20:29:36.531+09:00,User,KeyEvent,105:73:0,hello,Editor,C:/Users/User/CLionProjects/hello/main.cpp,,13,5,Default task
2021-06-23T20:29:36.654+09:00,User,KeyEvent,110:78:0,hello,Editor,C:/Users/User/CLionProjects/hello/main.cpp,,13,6,Default task
2021-06-23T20:29:37.006+09:00,User,KeyEvent,32:32:0,hello,Editor,C:/Users/User/CLionProjects/hello/main.cpp,,13,7,Default task
2021-06-23T20:29:37.239+09:00,User,KeyEvent,65535:16:1,hello,Editor,C:/Users/User/CLionProjects/hello/main.cpp,,13,8,Default task
2021-06-23T20:29:37.303+09:00,User,KeyEvent,62:46:1,hello,Editor,C:/Users/User/CLionProjects/hello/main.cpp,,13,8,Default task
2021-06-23T20:29:37.431+09:00,User,KeyEvent,62:46:1,hello,Editor,C:/Users/User/CLionProjects/hello/main.cpp,,13,9,Default task
2021-06-23T20:29:37.720+09:00,User,KeyEvent,32:32:0,hello,Editor,C:/Users/User/CLionProjects/hello/main.cpp,,13,10,Default task
2021-06-23T20:29:37.871+09:00,User,KeyEvent,115:83:0,hello,Editor,C:/Users/User/CLionProjects/hello/main.cpp,,13,11,Default task
2021-06-23T20:29:37.926+09:00,User,KeyEvent,105:73:0,hello,Editor,C:/Users/User/CLionProjects/hello/main.cpp,,13,12,Default task
2021-06-23T20:29:38.047+09:00,User,KeyEvent,122:90:0,hello,Editor,C:/Users/User/CLionProjects/hello/main.cpp,,13,13,Default task
2021-06-23T20:29:38.118+09:00,User,KeyEvent,101:69:0,hello,Editor,C:/Users/User/CLionProjects/hello/main.cpp,,13,14,Default task
2021-06-23T20:29:39.062+09:00,User,KeyEvent,59:59:0,hello,Editor,C:/Users/User/CLionProjects/hello/main.cpp,,13,15,Default task
2021-06-23T20:29:40.382+09:00,User,Action,EditorEnter,hello,Editor,C:/Users/User/CLionProjects/hello/main.cpp,,13,16,Default task
2021-06-23T20:29:40.385+09:00,User,KeyEvent,10:10:0,hello,Editor,C:/Users/User/CLionProjects/hello/main.cpp,,14,4,Default task
2021-06-23T20:29:40.543+09:00,User,Action,EditorEnter,hello,Editor,C:/Users/User/CLionProjects/hello/main.cpp,,14,4,Default task
2021-06-23T20:29:40.545+09:00,User,KeyEvent,10:10:0,hello,Editor,C:/Users/User/CLionProjects/hello/main.cpp,,15,4,Default task
2021-06-23T20:29:41.007+09:00,User,KeyEvent,118:86:0,hello,Editor,C:/Users/User/CLionProjects/hello/main.cpp,,15,4,Default task
2021-06-23T20:29:41.174+09:00,User,KeyEvent,101:69:0,hello,Editor,C:/Users/User/CLionProjects/hello/main.cpp,,15,5,Default task
2021-06-23T20:29:41.374+09:00,User,KeyEvent,99:67:0,hello,Editor,C:/Users/User/CLionProjects/hello/main.cpp,,15,6,Default task
2021-06-23T20:29:42.671+09:00,User,KeyEvent,116:84:0,hello,Editor,C:/Users/User/CLionProjects/hello/main.cpp,,15,7,Default task
2021-06-23T20:29:42.750+09:00,User,KeyEvent,111:79:0,hello,Editor,C:/Users/User/CLionProjects/hello/main.cpp,,15,8,Default task
2021-06-23T20:29:42.846+09:00,User,KeyEvent,114:82:0,hello,Editor,C:/Users/User/CLionProjects/hello/main.cpp,,15,9,Default task
2021-06-23T20:29:43.760+09:00,User,KeyEvent,65535:16:1,hello,Editor,C:/Users/User/CLionProjects/hello/main.cpp,,15,10,Default task
2021-06-23T20:29:43.879+09:00,User,KeyEvent,60:44:1,hello,Editor,C:/Users/User/CLionProjects/hello/main.cpp,,15,10,Default task
2021-06-23T20:29:44.406+09:00,User,KeyEvent,105:73:0,hello,Editor,C:/Users/User/CLionProjects/hello/main.cpp,,15,11,Default task
2021-06-23T20:29:44.527+09:00,User,KeyEvent,110:78:0,hello,Editor,C:/Users/User/CLionProjects/hello/main.cpp,,15,12,Default task
2021-06-23T20:29:44.806+09:00,User,KeyEvent,116:84:0,hello,Editor,C:/Users/User/CLionProjects/hello/main.cpp,,15,13,Default task
2021-06-23T20:29:45.052+09:00,User,KeyEvent,65535:16:1,hello,Editor,C:/Users/User/CLionProjects/hello/main.cpp,,15,14,Default task
2021-06-23T20:29:45.142+09:00,User,KeyEvent,62:46:1,hello,Editor,C:/Users/User/CLionProjects/hello/main.cpp,,15,14,Default task
2021-06-23T20:29:46.912+09:00,User,Action,EditorLeft,hello,Editor,C:/Users/User/CLionProjects/hello/main.cpp,,15,15,Default task
2021-06-23T20:29:46.914+09:00,User,KeyEvent,65535:37:0,hello,Editor,C:/Users/User/CLionProjects/hello/main.cpp,,15,14,Default task
2021-06-23T20:29:47.025+09:00,User,Action,EditorLeft,hello,Editor,C:/Users/User/CLionProjects/hello/main.cpp,,15,14,Default task
2021-06-23T20:29:47.026+09:00,User,KeyEvent,65535:37:0,hello,Editor,C:/Users/User/CLionProjects/hello/main.cpp,,15,13,Default task
2021-06-23T20:29:47.135+09:00,User,Action,EditorLeft,hello,Editor,C:/Users/User/CLionProjects/hello/main.cpp,,15,13,Default task
2021-06-23T20:29:47.136+09:00,User,KeyEvent,65535:37:0,hello,Editor,C:/Users/User/CLionProjects/hello/main.cpp,,15,12,Default task
2021-06-23T20:29:47.278+09:00,User,Action,EditorLeft,hello,Editor,C:/Users/User/CLionProjects/hello/main.cpp,,15,12,Default task
2021-06-23T20:29:47.278+09:00,User,KeyEvent,65535:37:0,hello,Editor,C:/Users/User/CLionProjects/hello/main.cpp,,15,11,Default task
2021-06-23T20:29:47.431+09:00,User,Action,EditorLeft,hello,Editor,C:/Users/User/CLionProjects/hello/main.cpp,,15,11,Default task
2021-06-23T20:29:47.432+09:00,User,KeyEvent,65535:37:0,hello,Editor,C:/Users/User/CLionProjects/hello/main.cpp,,15,10,Default task
2021-06-23T20:29:47.759+09:00,User,KeyEvent,32:32:0,hello,Editor,C:/Users/User/CLionProjects/hello/main.cpp,,15,10,Default task
2021-06-23T20:29:47.976+09:00,User,Action,EditorRight,hello,Editor,C:/Users/User/CLionProjects/hello/main.cpp,,15,11,Default task
2021-06-23T20:29:47.977+09:00,User,KeyEvent,65535:39:0,hello,Editor,C:/Users/User/CLionProjects/hello/main.cpp,,15,12,Default task
2021-06-23T20:29:48.136+09:00,User,Action,EditorRight,hello,Editor,C:/Users/User/CLionProjects/hello/main.cpp,,15,12,Default task
2021-06-23T20:29:48.137+09:00,User,KeyEvent,65535:39:0,hello,Editor,C:/Users/User/CLionProjects/hello/main.cpp,,15,13,Default task
2021-06-23T20:29:48.302+09:00,User,Action,EditorRight,hello,Editor,C:/Users/User/CLionProjects/hello/main.cpp,,15,13,Default task
2021-06-23T20:29:48.303+09:00,User,KeyEvent,65535:39:0,hello,Editor,C:/Users/User/CLionProjects/hello/main.cpp,,15,14,Default task
2021-06-23T20:29:48.432+09:00,User,Action,EditorRight,hello,Editor,C:/Users/User/CLionProjects/hello/main.cpp,,15,14,Default task
2021-06-23T20:29:48.433+09:00,User,KeyEvent,65535:39:0,hello,Editor,C:/Users/User/CLionProjects/hello/main.cpp,,15,15,Default task
2021-06-23T20:29:48.583+09:00,User,Action,EditorRight,hello,Editor,C:/Users/User/CLionProjects/hello/main.cpp,,15,15,Default task
2021-06-23T20:29:48.585+09:00,User,KeyEvent,65535:39:0,hello,Editor,C:/Users/User/CLionProjects/hello/main.cpp,,15,16,Default task
2021-06-23T20:29:49.286+09:00,User,KeyEvent,32:32:0,hello,Editor,C:/Users/User/CLionProjects/hello/main.cpp,,15,16,Default task
2021-06-23T20:29:49.614+09:00,User,KeyEvent,115:83:0,hello,Editor,C:/Users/User/CLionProjects/hello/main.cpp,,15,17,Default task
2021-06-23T20:29:49.766+09:00,User,KeyEvent,99:67:0,hello,Editor,C:/Users/User/CLionProjects/hello/main.cpp,,15,18,Default task
2021-06-23T20:29:49.879+09:00,User,KeyEvent,111:79:0,hello,Editor,C:/Users/User/CLionProjects/hello/main.cpp,,15,19,Default task
2021-06-23T20:29:49.983+09:00,User,KeyEvent,114:82:0,hello,Editor,C:/Users/User/CLionProjects/hello/main.cpp,,15,20,Default task
2021-06-23T20:29:50.047+09:00,User,KeyEvent,101:69:0,hello,Editor,C:/Users/User/CLionProjects/hello/main.cpp,,15,21,Default task
2021-06-23T20:29:50.557+09:00,User,KeyEvent,65535:16:1,hello,Editor,C:/Users/User/CLionProjects/hello/main.cpp,,15,22,Default task
2021-06-23T20:29:50.687+09:00,User,KeyEvent,40:57:1,hello,Editor,C:/Users/User/CLionProjects/hello/main.cpp,,15,22,Default task
2021-06-23T20:29:50.943+09:00,User,KeyEvent,115:83:0,hello,Editor,C:/Users/User/CLionProjects/hello/main.cpp,,15,23,Default task
2021-06-23T20:29:51.038+09:00,User,KeyEvent,105:73:0,hello,Editor,C:/Users/User/CLionProjects/hello/main.cpp,,15,24,Default task
2021-06-23T20:29:51.119+09:00,User,KeyEvent,122:90:0,hello,Editor,C:/Users/User/CLionProjects/hello/main.cpp,,15,25,Default task
2021-06-23T20:29:51.211+09:00,User,KeyEvent,101:69:0,hello,Editor,C:/Users/User/CLionProjects/hello/main.cpp,,15,26,Default task
2021-06-23T20:29:51.358+09:00,User,KeyEvent,65535:16:1,hello,Editor,C:/Users/User/CLionProjects/hello/main.cpp,,15,27,Default task
2021-06-23T20:29:51.456+09:00,User,KeyEvent,41:48:1,hello,Editor,C:/Users/User/CLionProjects/hello/main.cpp,,15,27,Default task
2021-06-23T20:29:51.974+09:00,User,KeyEvent,59:59:0,hello,Editor,C:/Users/User/CLionProjects/hello/main.cpp,,15,28,Default task
2021-06-23T20:29:52.167+09:00,User,Action,EditorEnter,hello,Editor,C:/Users/User/CLionProjects/hello/main.cpp,,15,29,Default task
2021-06-23T20:29:52.168+09:00,User,KeyEvent,10:10:0,hello,Editor,C:/Users/User/CLionProjects/hello/main.cpp,,16,4,Default task
2021-06-23T20:29:52.518+09:00,User,KeyEvent,118:86:0,hello,Editor,C:/Users/User/CLionProjects/hello/main.cpp,,16,4,Default task
2021-06-23T20:29:52.635+09:00,User,KeyEvent,101:69:0,hello,Editor,C:/Users/User/CLionProjects/hello/main.cpp,,16,5,Default task
2021-06-23T20:29:52.814+09:00,User,KeyEvent,99:67:0,hello,Editor,C:/Users/User/CLionProjects/hello/main.cpp,,16,6,Default task
2021-06-23T20:29:52.998+09:00,User,KeyEvent,116:84:0,hello,Editor,C:/Users/User/CLionProjects/hello/main.cpp,,16,7,Default task
2021-06-23T20:29:53.110+09:00,User,KeyEvent,111:79:0,hello,Editor,C:/Users/User/CLionProjects/hello/main.cpp,,16,8,Default task
2021-06-23T20:29:53.246+09:00,User,KeyEvent,114:82:0,hello,Editor,C:/Users/User/CLionProjects/hello/main.cpp,,16,9,Default task
2021-06-23T20:29:53.446+09:00,User,KeyEvent,32:32:0,hello,Editor,C:/Users/User/CLionProjects/hello/main.cpp,,16,10,Default task
2021-06-23T20:29:53.728+09:00,User,KeyEvent,65535:16:1,hello,Editor,C:/Users/User/CLionProjects/hello/main.cpp,,16,11,Default task
2021-06-23T20:29:53.798+09:00,User,KeyEvent,60:44:1,hello,Editor,C:/Users/User/CLionProjects/hello/main.cpp,,16,11,Default task
2021-06-23T20:29:54.406+09:00,User,KeyEvent,115:83:0,hello,Editor,C:/Users/User/CLionProjects/hello/main.cpp,,16,12,Default task
2021-06-23T20:29:54.502+09:00,User,KeyEvent,116:84:0,hello,Editor,C:/Users/User/CLionProjects/hello/main.cpp,,16,13,Default task
2021-06-23T20:29:54.679+09:00,User,KeyEvent,114:82:0,hello,Editor,C:/Users/User/CLionProjects/hello/main.cpp,,16,14,Default task
2021-06-23T20:29:54.751+09:00,User,KeyEvent,105:73:0,hello,Editor,C:/Users/User/CLionProjects/hello/main.cpp,,16,15,Default task
2021-06-23T20:29:54.870+09:00,User,KeyEvent,110:78:0,hello,Editor,C:/Users/User/CLionProjects/hello/main.cpp,,16,16,Default task
2021-06-23T20:29:54.926+09:00,User,KeyEvent,103:71:0,hello,Editor,C:/Users/User/CLionProjects/hello/main.cpp,,16,17,Default task
2021-06-23T20:29:55.256+09:00,User,KeyEvent,65535:16:1,hello,Editor,C:/Users/User/CLionProjects/hello/main.cpp,,16,18,Default task
2021-06-23T20:29:55.342+09:00,User,KeyEvent,62:46:1,hello,Editor,C:/Users/User/CLionProjects/hello/main.cpp,,16,18,Default task
2021-06-23T20:29:55.814+09:00,User,KeyEvent,32:32:0,hello,Editor,C:/Users/User/CLionProjects/hello/main.cpp,,16,19,Default task
2021-06-23T20:29:56.032+09:00,User,KeyEvent,118:86:0,hello,Editor,C:/Users/User/CLionProjects/hello/main.cpp,,16,20,Default task
2021-06-23T20:29:56.310+09:00,User,KeyEvent,65535:16:1,hello,Editor,C:/Users/User/CLionProjects/hello/main.cpp,,16,21,Default task
2021-06-23T20:29:56.414+09:00,User,KeyEvent,40:57:1,hello,Editor,C:/Users/User/CLionProjects/hello/main.cpp,,16,21,Default task
2021-06-23T20:29:56.615+09:00,User,KeyEvent,115:83:0,hello,Editor,C:/Users/User/CLionProjects/hello/main.cpp,,16,22,Default task
2021-06-23T20:29:56.687+09:00,User,KeyEvent,105:73:0,hello,Editor,C:/Users/User/CLionProjects/hello/main.cpp,,16,23,Default task
2021-06-23T20:29:56.766+09:00,User,KeyEvent,122:90:0,hello,Editor,C:/Users/User/CLionProjects/hello/main.cpp,,16,24,Default task
2021-06-23T20:29:56.822+09:00,User,KeyEvent,101:69:0,hello,Editor,C:/Users/User/CLionProjects/hello/main.cpp,,16,25,Default task
2021-06-23T20:29:57.272+09:00,User,KeyEvent,65535:16:1,hello,Editor,C:/Users/User/CLionProjects/hello/main.cpp,,16,26,Default task
2021-06-23T20:29:57.430+09:00,User,KeyEvent,41:48:1,hello,Editor,C:/Users/User/CLionProjects/hello/main.cpp,,16,26,Default task
2021-06-23T20:29:58.056+09:00,User,KeyEvent,59:59:0,hello,Editor,C:/Users/User/CLionProjects/hello/main.cpp,,16,27,Default task
2021-06-23T20:29:58.543+09:00,User,Action,EditorEnter,hello,Editor,C:/Users/User/CLionProjects/hello/main.cpp,,16,28,Default task
2021-06-23T20:29:58.549+09:00,User,KeyEvent,10:10:0,hello,Editor,C:/Users/User/CLionProjects/hello/main.cpp,,17,4,Default task
2021-06-23T20:29:58.686+09:00,User,Action,EditorEnter,hello,Editor,C:/Users/User/CLionProjects/hello/main.cpp,,17,4,Default task
2021-06-23T20:29:58.688+09:00,User,KeyEvent,10:10:0,hello,Editor,C:/Users/User/CLionProjects/hello/main.cpp,,18,4,Default task
2021-06-23T20:29:58.863+09:00,User,KeyEvent,102:70:0,hello,Editor,C:/Users/User/CLionProjects/hello/main.cpp,,18,4,Default task
2021-06-23T20:29:58.934+09:00,User,KeyEvent,111:79:0,hello,Editor,C:/Users/User/CLionProjects/hello/main.cpp,,18,5,Default task
2021-06-23T20:29:59.070+09:00,User,KeyEvent,114:82:0,hello,Editor,C:/Users/User/CLionProjects/hello/main.cpp,,18,6,Default task
2021-06-23T20:29:59.174+09:00,User,KeyEvent,65535:16:1,hello,Editor,C:/Users/User/CLionProjects/hello/main.cpp,,18,7,Default task
2021-06-23T20:29:59.263+09:00,User,KeyEvent,40:57:1,hello,Editor,C:/Users/User/CLionProjects/hello/main.cpp,,18,7,Default task
2021-06-23T20:29:59.518+09:00,User,KeyEvent,105:73:0,hello,Editor,C:/Users/User/CLionProjects/hello/main.cpp,,18,8,Default task
2021-06-23T20:29:59.643+09:00,User,KeyEvent,110:78:0,hello,Editor,C:/Users/User/CLionProjects/hello/main.cpp,,18,9,Default task
2021-06-23T20:29:59.684+09:00,User,KeyEvent,116:84:0,hello,Editor,C:/Users/User/CLionProjects/hello/main.cpp,,18,10,Default task
2021-06-23T20:29:59.807+09:00,User,KeyEvent,32:32:0,hello,Editor,C:/Users/User/CLionProjects/hello/main.cpp,,18,11,Default task
2021-06-23T20:29:59.902+09:00,User,KeyEvent,105:73:0,hello,Editor,C:/Users/User/CLionProjects/hello/main.cpp,,18,12,Default task
2021-06-23T20:30:00.016+09:00,User,KeyEvent,32:32:0,hello,Editor,C:/Users/User/CLionProjects/hello/main.cpp,,18,13,Default task
2021-06-23T20:30:00.142+09:00,User,KeyEvent,45:45:0,hello,Editor,C:/Users/User/CLionProjects/hello/main.cpp,,18,14,Default task
2021-06-23T20:30:00.143+09:00,User,KeyEvent,61:61:0,hello,Editor,C:/Users/User/CLionProjects/hello/main.cpp,,18,15,Default task
2021-06-23T20:30:00.494+09:00,User,Action,EditorBackSpace,hello,Editor,C:/Users/User/CLionProjects/hello/main.cpp,,18,16,Default task
2021-06-23T20:30:00.499+09:00,User,KeyEvent,8:8:0,hello,Editor,C:/Users/User/CLionProjects/hello/main.cpp,,18,15,Default task
2021-06-23T20:30:00.631+09:00,User,Action,EditorBackSpace,hello,Editor,C:/Users/User/CLionProjects/hello/main.cpp,,18,15,Default task
2021-06-23T20:30:00.632+09:00,User,KeyEvent,8:8:0,hello,Editor,C:/Users/User/CLionProjects/hello/main.cpp,,18,14,Default task
2021-06-23T20:30:00.782+09:00,User,KeyEvent,61:61:0,hello,Editor,C:/Users/User/CLionProjects/hello/main.cpp,,18,14,Default task
2021-06-23T20:30:01.001+09:00,User,KeyEvent,48:48:0,hello,Editor,C:/Users/User/CLionProjects/hello/main.cpp,,18,15,Default task
2021-06-23T20:30:01.311+09:00,User,KeyEvent,59:59:0,hello,Editor,C:/Users/User/CLionProjects/hello/main.cpp,,18,16,Default task
2021-06-23T20:30:01.462+09:00,User,KeyEvent,32:32:0,hello,Editor,C:/Users/User/CLionProjects/hello/main.cpp,,18,17,Default task
2021-06-23T20:30:01.711+09:00,User,KeyEvent,105:73:0,hello,Editor,C:/Users/User/CLionProjects/hello/main.cpp,,18,18,Default task
2021-06-23T20:30:01.918+09:00,User,KeyEvent,65535:16:1,hello,Editor,C:/Users/User/CLionProjects/hello/main.cpp,,18,19,Default task
2021-06-23T20:30:01.974+09:00,User,KeyEvent,60:44:1,hello,Editor,C:/Users/User/CLionProjects/hello/main.cpp,,18,19,Default task
2021-06-23T20:30:02.231+09:00,User,KeyEvent,115:83:0,hello,Editor,C:/Users/User/CLionProjects/hello/main.cpp,,18,20,Default task
2021-06-23T20:30:02.310+09:00,User,KeyEvent,105:73:0,hello,Editor,C:/Users/User/CLionProjects/hello/main.cpp,,18,21,Default task
2021-06-23T20:30:02.374+09:00,User,KeyEvent,122:90:0,hello,Editor,C:/Users/User/CLionProjects/hello/main.cpp,,18,22,Default task
2021-06-23T20:30:02.431+09:00,User,KeyEvent,101:69:0,hello,Editor,C:/Users/User/CLionProjects/hello/main.cpp,,18,23,Default task
2021-06-23T20:30:02.662+09:00,User,KeyEvent,59:59:0,hello,Editor,C:/Users/User/CLionProjects/hello/main.cpp,,18,24,Default task
2021-06-23T20:30:02.799+09:00,User,KeyEvent,32:32:0,hello,Editor,C:/Users/User/CLionProjects/hello/main.cpp,,18,25,Default task
2021-06-23T20:30:02.934+09:00,User,KeyEvent,105:73:0,hello,Editor,C:/Users/User/CLionProjects/hello/main.cpp,,18,26,Default task
2021-06-23T20:30:03.175+09:00,User,KeyEvent,65535:16:1,hello,Editor,C:/Users/User/CLionProjects/hello/main.cpp,,18,27,Default task
2021-06-23T20:30:03.690+09:00,User,KeyEvent,65535:16:1,hello,Editor,C:/Users/User/CLionProjects/hello/main.cpp,,18,27,Default task
2021-06-23T20:30:03.719+09:00,User,KeyEvent,65535:16:1,hello,Editor,C:/Users/User/CLionProjects/hello/main.cpp,,18,27,Default task
2021-06-23T20:30:03.751+09:00,User,KeyEvent,65535:16:1,hello,Editor,C:/Users/User/CLionProjects/hello/main.cpp,,18,27,Default task
2021-06-23T20:30:03.775+09:00,User,KeyEvent,43:61:1,hello,Editor,C:/Users/User/CLionProjects/hello/main.cpp,,18,27,Default task
2021-06-23T20:30:03.999+09:00,User,KeyEvent,43:61:1,hello,Editor,C:/Users/User/CLionProjects/hello/main.cpp,,18,28,Default task
2021-06-23T20:30:04.310+09:00,User,KeyEvent,41:48:1,hello,Editor,C:/Users/User/CLionProjects/hello/main.cpp,,18,29,Default task
2021-06-23T20:30:04.734+09:00,User,Action,EditorEnter,hello,Editor,C:/Users/User/CLionProjects/hello/main.cpp,,18,30,Default task
2021-06-23T20:30:04.743+09:00,User,KeyEvent,10:10:0,hello,Editor,C:/Users/User/CLionProjects/hello/main.cpp,,19,8,Default task
2021-06-23T20:30:04.975+09:00,User,KeyEvent,65535:16:1,hello,Editor,C:/Users/User/CLionProjects/hello/main.cpp,,19,8,Default task
2021-06-23T20:30:05.126+09:00,User,KeyEvent,123:91:1,hello,Editor,C:/Users/User/CLionProjects/hello/main.cpp,,19,8,Default task
2021-06-23T20:30:05.374+09:00,User,Action,EditorEnter,hello,Editor,C:/Users/User/CLionProjects/hello/main.cpp,,19,5,Default task
2021-06-23T20:30:05.379+09:00,User,KeyEvent,10:10:0,hello,Editor,C:/Users/User/CLionProjects/hello/main.cpp,,20,8,Default task
2021-06-23T20:30:06.478+09:00,User,KeyEvent,115:83:0,hello,Editor,C:/Users/User/CLionProjects/hello/main.cpp,,20,8,Default task
2021-06-23T20:30:06.550+09:00,User,KeyEvent,117:85:0,hello,Editor,C:/Users/User/CLionProjects/hello/main.cpp,,20,9,Default task
2021-06-23T20:30:06.766+09:00,User,KeyEvent,109:77:0,hello,Editor,C:/Users/User/CLionProjects/hello/main.cpp,,20,10,Default task
2021-06-23T20:30:06.918+09:00,User,KeyEvent,32:32:0,hello,Editor,C:/Users/User/CLionProjects/hello/main.cpp,,20,11,Default task
2021-06-23T20:30:07.080+09:00,User,KeyEvent,61:61:0,hello,Editor,C:/Users/User/CLionProjects/hello/main.cpp,,20,12,Default task
2021-06-23T20:30:07.303+09:00,User,KeyEvent,48:48:0,hello,Editor,C:/Users/User/CLionProjects/hello/main.cpp,,20,13,Default task
2021-06-23T20:30:07.551+09:00,User,KeyEvent,59:59:0,hello,Editor,C:/Users/User/CLionProjects/hello/main.cpp,,20,14,Default task
2021-06-23T20:30:07.734+09:00,User,Action,EditorEnter,hello,Editor,C:/Users/User/CLionProjects/hello/main.cpp,,20,15,Default task
2021-06-23T20:30:07.736+09:00,User,KeyEvent,10:10:0,hello,Editor,C:/Users/User/CLionProjects/hello/main.cpp,,21,8,Default task
2021-06-23T20:30:08.398+09:00,User,KeyEvent,99:67:0,hello,Editor,C:/Users/User/CLionProjects/hello/main.cpp,,21,8,Default task
2021-06-23T20:30:08.414+09:00,User,KeyEvent,111:79:0,hello,Editor,C:/Users/User/CLionProjects/hello/main.cpp,,21,9,Default task
2021-06-23T20:30:08.613+09:00,User,KeyEvent,117:85:0,hello,Editor,C:/Users/User/CLionProjects/hello/main.cpp,,21,10,Default task
2021-06-23T20:30:08.758+09:00,User,KeyEvent,110:78:0,hello,Editor,C:/Users/User/CLionProjects/hello/main.cpp,,21,11,Default task
2021-06-23T20:30:08.831+09:00,User,KeyEvent,116:84:0,hello,Editor,C:/Users/User/CLionProjects/hello/main.cpp,,21,12,Default task
2021-06-23T20:30:08.935+09:00,User,KeyEvent,32:32:0,hello,Editor,C:/Users/User/CLionProjects/hello/main.cpp,,21,13,Default task
2021-06-23T20:30:09.063+09:00,User,KeyEvent,61:61:0,hello,Editor,C:/Users/User/CLionProjects/hello/main.cpp,,21,14,Default task
2021-06-23T20:30:09.167+09:00,User,KeyEvent,32:32:0,hello,Editor,C:/Users/User/CLionProjects/hello/main.cpp,,21,15,Default task
2021-06-23T20:30:09.279+09:00,User,KeyEvent,48:48:0,hello,Editor,C:/Users/User/CLionProjects/hello/main.cpp,,21,16,Default task
2021-06-23T20:30:10.088+09:00,User,KeyEvent,59:59:0,hello,Editor,C:/Users/User/CLionProjects/hello/main.cpp,,21,17,Default task
2021-06-23T20:30:10.239+09:00,User,Action,EditorEnter,hello,Editor,C:/Users/User/CLionProjects/hello/main.cpp,,21,18,Default task
2021-06-23T20:30:10.242+09:00,User,KeyEvent,10:10:0,hello,Editor,C:/Users/User/CLionProjects/hello/main.cpp,,22,8,Default task
2021-06-23T20:30:10.638+09:00,User,KeyEvent,99:67:0,hello,Editor,C:/Users/User/CLionProjects/hello/main.cpp,,22,8,Default task
2021-06-23T20:30:10.702+09:00,User,KeyEvent,105:73:0,hello,Editor,C:/Users/User/CLionProjects/hello/main.cpp,,22,9,Default task
2021-06-23T20:30:10.819+09:00,User,KeyEvent,110:78:0,hello,Editor,C:/Users/User/CLionProjects/hello/main.cpp,,22,10,Default task
2021-06-23T20:30:10.950+09:00,User,KeyEvent,32:32:0,hello,Editor,C:/Users/User/CLionProjects/hello/main.cpp,,22,11,Default task
2021-06-23T20:30:11.071+09:00,User,KeyEvent,65535:16:1,hello,Editor,C:/Users/User/CLionProjects/hello/main.cpp,,22,12,Default task
2021-06-23T20:30:11.127+09:00,User,KeyEvent,62:46:1,hello,Editor,C:/Users/User/CLionProjects/hello/main.cpp,,22,12,Default task
2021-06-23T20:30:11.286+09:00,User,KeyEvent,62:46:1,hello,Editor,C:/Users/User/CLionProjects/hello/main.cpp,,22,13,Default task
2021-06-23T20:30:12.078+09:00,User,KeyEvent,32:32:0,hello,Editor,C:/Users/User/CLionProjects/hello/main.cpp,,22,14,Default task
2021-06-23T20:30:12.193+09:00,User,KeyEvent,118:86:0,hello,Editor,C:/Users/User/CLionProjects/hello/main.cpp,,22,15,Default task
2021-06-23T20:30:12.327+09:00,User,KeyEvent,91:91:0,hello,Editor,C:/Users/User/CLionProjects/hello/main.cpp,,22,16,Default task
2021-06-23T20:30:12.983+09:00,User,KeyEvent,105:73:0,hello,Editor,C:/Users/User/CLionProjects/hello/main.cpp,,22,17,Default task
2021-06-23T20:30:13.550+09:00,User,KeyEvent,93:93:0,hello,Editor,C:/Users/User/CLionProjects/hello/main.cpp,,22,18,Default task
2021-06-23T20:30:13.910+09:00,User,KeyEvent,59:59:0,hello,Editor,C:/Users/User/CLionProjects/hello/main.cpp,,22,19,Default task
2021-06-23T20:30:14.118+09:00,User,Action,EditorEnter,hello,Editor,C:/Users/User/CLionProjects/hello/main.cpp,,22,20,Default task
2021-06-23T20:30:14.120+09:00,User,KeyEvent,10:10:0,hello,Editor,C:/Users/User/CLionProjects/hello/main.cpp,,23,8,Default task
2021-06-23T20:30:14.254+09:00,User,Action,EditorEnter,hello,Editor,C:/Users/User/CLionProjects/hello/main.cpp,,23,8,Default task
2021-06-23T20:30:14.256+09:00,User,KeyEvent,10:10:0,hello,Editor,C:/Users/User/CLionProjects/hello/main.cpp,,24,8,Default task
2021-06-23T20:30:14.544+09:00,User,KeyEvent,105:73:0,hello,Editor,C:/Users/User/CLionProjects/hello/main.cpp,,24,8,Default task
2021-06-23T20:30:14.638+09:00,User,KeyEvent,110:78:0,hello,Editor,C:/Users/User/CLionProjects/hello/main.cpp,,24,9,Default task
2021-06-23T20:30:14.701+09:00,User,KeyEvent,116:84:0,hello,Editor,C:/Users/User/CLionProjects/hello/main.cpp,,24,10,Default task
2021-06-23T20:30:14.814+09:00,User,KeyEvent,32:32:0,hello,Editor,C:/Users/User/CLionProjects/hello/main.cpp,,24,11,Default task
2021-06-23T20:30:14.926+09:00,User,KeyEvent,108:76:0,hello,Editor,C:/Users/User/CLionProjects/hello/main.cpp,,24,12,Default task
2021-06-23T20:30:15.038+09:00,User,KeyEvent,101:69:0,hello,Editor,C:/Users/User/CLionProjects/hello/main.cpp,,24,13,Default task
2021-06-23T20:30:15.150+09:00,User,KeyEvent,110:78:0,hello,Editor,C:/Users/User/CLionProjects/hello/main.cpp,,24,14,Default task
2021-06-23T20:30:15.312+09:00,User,KeyEvent,103:71:0,hello,Editor,C:/Users/User/CLionProjects/hello/main.cpp,,24,15,Default task
2021-06-23T20:30:16.391+09:00,User,KeyEvent,116:84:0,hello,Editor,C:/Users/User/CLionProjects/hello/main.cpp,,24,16,Default task
2021-06-23T20:30:16.462+09:00,User,KeyEvent,104:72:0,hello,Editor,C:/Users/User/CLionProjects/hello/main.cpp,,24,17,Default task
2021-06-23T20:30:16.678+09:00,User,KeyEvent,32:32:0,hello,Editor,C:/Users/User/CLionProjects/hello/main.cpp,,24,18,Default task
2021-06-23T20:30:16.824+09:00,User,KeyEvent,61:61:0,hello,Editor,C:/Users/User/CLionProjects/hello/main.cpp,,24,19,Default task
2021-06-23T20:30:16.934+09:00,User,KeyEvent,32:32:0,hello,Editor,C:/Users/User/CLionProjects/hello/main.cpp,,24,20,Default task
2021-06-23T20:30:17.168+09:00,User,KeyEvent,118:86:0,hello,Editor,C:/Users/User/CLionProjects/hello/main.cpp,,24,21,Default task
2021-06-23T20:30:17.346+09:00,User,KeyEvent,91:91:0,hello,Editor,C:/Users/User/CLionProjects/hello/main.cpp,,24,22,Default task
2021-06-23T20:30:17.607+09:00,User,KeyEvent,105:73:0,hello,Editor,C:/Users/User/CLionProjects/hello/main.cpp,,24,23,Default task
2021-06-23T20:30:18.976+09:00,User,KeyEvent,93:93:0,hello,Editor,C:/Users/User/CLionProjects/hello/main.cpp,,24,24,Default task
2021-06-23T20:30:19.870+09:00,User,KeyEvent,46:46:0,hello,Editor,C:/Users/User/CLionProjects/hello/main.cpp,,24,25,Default task
2021-06-23T20:30:20.478+09:00,User,KeyEvent,108:76:0,hello,Editor,C:/Users/User/CLionProjects/hello/main.cpp,,24,26,Default task
2021-06-23T20:30:20.550+09:00,User,KeyEvent,101:69:0,hello,Editor,C:/Users/User/CLionProjects/hello/main.cpp,,24,27,Default task
2021-06-23T20:30:21.022+09:00,User,Action,EditorChooseLookupItem,hello,Editor,C:/Users/User/CLionProjects/hello/main.cpp,,24,28,Default task
2021-06-23T20:30:21.043+09:00,User,KeyEvent,10:10:0,hello,Editor,C:/Users/User/CLionProjects/hello/main.cpp,,24,34,Default task
2021-06-23T20:30:22.792+09:00,User,KeyEvent,59:59:0,hello,Editor,C:/Users/User/CLionProjects/hello/main.cpp,,24,34,Default task
2021-06-23T20:30:23.519+09:00,User,Action,EditorEnter,hello,Editor,C:/Users/User/CLionProjects/hello/main.cpp,,24,35,Default task
2021-06-23T20:30:23.522+09:00,User,KeyEvent,10:10:0,hello,Editor,C:/Users/User/CLionProjects/hello/main.cpp,,25,8,Default task
2021-06-23T20:30:23.639+09:00,User,Action,EditorEnter,hello,Editor,C:/Users/User/CLionProjects/hello/main.cpp,,25,8,Default task
2021-06-23T20:30:23.642+09:00,User,KeyEvent,10:10:0,hello,Editor,C:/Users/User/CLionProjects/hello/main.cpp,,26,8,Default task
2021-06-23T20:30:24.110+09:00,User,KeyEvent,102:70:0,hello,Editor,C:/Users/User/CLionProjects/hello/main.cpp,,26,8,Default task
2021-06-23T20:30:24.206+09:00,User,KeyEvent,111:79:0,hello,Editor,C:/Users/User/CLionProjects/hello/main.cpp,,26,9,Default task
2021-06-23T20:30:24.309+09:00,User,KeyEvent,114:82:0,hello,Editor,C:/Users/User/CLionProjects/hello/main.cpp,,26,10,Default task
2021-06-23T20:30:24.462+09:00,User,KeyEvent,65535:16:1,hello,Editor,C:/Users/User/CLionProjects/hello/main.cpp,,26,11,Default task
2021-06-23T20:30:24.646+09:00,User,KeyEvent,40:57:1,hello,Editor,C:/Users/User/CLionProjects/hello/main.cpp,,26,11,Default task
2021-06-23T20:30:25.158+09:00,User,KeyEvent,105:73:0,hello,Editor,C:/Users/User/CLionProjects/hello/main.cpp,,26,12,Default task
2021-06-23T20:30:25.230+09:00,User,KeyEvent,110:78:0,hello,Editor,C:/Users/User/CLionProjects/hello/main.cpp,,26,13,Default task
2021-06-23T20:30:25.337+09:00,User,KeyEvent,116:84:0,hello,Editor,C:/Users/User/CLionProjects/hello/main.cpp,,26,14,Default task
2021-06-23T20:30:25.406+09:00,User,KeyEvent,32:32:0,hello,Editor,C:/Users/User/CLionProjects/hello/main.cpp,,26,15,Default task
2021-06-23T20:30:25.526+09:00,User,KeyEvent,106:74:0,hello,Editor,C:/Users/User/CLionProjects/hello/main.cpp,,26,16,Default task
2021-06-23T20:30:25.742+09:00,User,KeyEvent,61:61:0,hello,Editor,C:/Users/User/CLionProjects/hello/main.cpp,,26,17,Default task
2021-06-23T20:30:25.998+09:00,User,KeyEvent,48:48:0,hello,Editor,C:/Users/User/CLionProjects/hello/main.cpp,,26,18,Default task
2021-06-23T20:30:26.486+09:00,User,KeyEvent,59:59:0,hello,Editor,C:/Users/User/CLionProjects/hello/main.cpp,,26,19,Default task
2021-06-23T20:30:26.632+09:00,User,KeyEvent,32:32:0,hello,Editor,C:/Users/User/CLionProjects/hello/main.cpp,,26,20,Default task
2021-06-23T20:30:26.750+09:00,User,KeyEvent,105:73:0,hello,Editor,C:/Users/User/CLionProjects/hello/main.cpp,,26,21,Default task
2021-06-23T20:30:27.184+09:00,User,Action,EditorBackSpace,hello,Editor,C:/Users/User/CLionProjects/hello/main.cpp,,26,22,Default task
2021-06-23T20:30:27.194+09:00,User,KeyEvent,8:8:0,hello,Editor,C:/Users/User/CLionProjects/hello/main.cpp,,26,21,Default task
2021-06-23T20:30:27.367+09:00,User,KeyEvent,106:74:0,hello,Editor,C:/Users/User/CLionProjects/hello/main.cpp,,26,21,Default task
2021-06-23T20:30:27.680+09:00,User,KeyEvent,65535:16:1,hello,Editor,C:/Users/User/CLionProjects/hello/main.cpp,,26,22,Default task
2021-06-23T20:30:27.752+09:00,User,KeyEvent,60:44:1,hello,Editor,C:/Users/User/CLionProjects/hello/main.cpp,,26,22,Default task
2021-06-23T20:30:27.990+09:00,User,KeyEvent,108:76:0,hello,Editor,C:/Users/User/CLionProjects/hello/main.cpp,,26,23,Default task
2021-06-23T20:30:28.108+09:00,User,KeyEvent,101:69:0,hello,Editor,C:/Users/User/CLionProjects/hello/main.cpp,,26,24,Default task
2021-06-23T20:30:28.271+09:00,User,KeyEvent,110:78:0,hello,Editor,C:/Users/User/CLionProjects/hello/main.cpp,,26,25,Default task
2021-06-23T20:30:28.430+09:00,User,KeyEvent,103:71:0,hello,Editor,C:/Users/User/CLionProjects/hello/main.cpp,,26,26,Default task
2021-06-23T20:30:28.599+09:00,User,KeyEvent,116:84:0,hello,Editor,C:/Users/User/CLionProjects/hello/main.cpp,,26,27,Default task
2021-06-23T20:30:28.671+09:00,User,KeyEvent,104:72:0,hello,Editor,C:/Users/User/CLionProjects/hello/main.cpp,,26,28,Default task
2021-06-23T20:30:28.934+09:00,User,Action,EditorChooseLookupItem,hello,Editor,C:/Users/User/CLionProjects/hello/main.cpp,,26,29,Default task
2021-06-23T20:30:28.945+09:00,User,KeyEvent,10:10:0,hello,Editor,C:/Users/User/CLionProjects/hello/main.cpp,,26,29,Default task
2021-06-23T20:30:29.606+09:00,User,KeyEvent,59:59:0,hello,Editor,C:/Users/User/CLionProjects/hello/main.cpp,,26,29,Default task
2021-06-23T20:30:29.695+09:00,User,KeyEvent,32:32:0,hello,Editor,C:/Users/User/CLionProjects/hello/main.cpp,,26,30,Default task
2021-06-23T20:30:29.919+09:00,User,KeyEvent,106:74:0,hello,Editor,C:/Users/User/CLionProjects/hello/main.cpp,,26,31,Default task
2021-06-23T20:30:30.150+09:00,User,KeyEvent,65535:16:1,hello,Editor,C:/Users/User/CLionProjects/hello/main.cpp,,26,32,Default task
2021-06-23T20:30:30.223+09:00,User,KeyEvent,43:61:1,hello,Editor,C:/Users/User/CLionProjects/hello/main.cpp,,26,32,Default task
2021-06-23T20:30:30.375+09:00,User,KeyEvent,43:61:1,hello,Editor,C:/Users/User/CLionProjects/hello/main.cpp,,26,33,Default task
2021-06-23T20:30:30.542+09:00,User,KeyEvent,41:48:1,hello,Editor,C:/Users/User/CLionProjects/hello/main.cpp,,26,34,Default task
2021-06-23T20:30:30.791+09:00,User,Action,EditorEnter,hello,Editor,C:/Users/User/CLionProjects/hello/main.cpp,,26,35,Default task
2021-06-23T20:30:30.794+09:00,User,KeyEvent,10:10:0,hello,Editor,C:/Users/User/CLionProjects/hello/main.cpp,,27,12,Default task
2021-06-23T20:30:31.150+09:00,User,KeyEvent,65535:16:1,hello,Editor,C:/Users/User/CLionProjects/hello/main.cpp,,27,12,Default task
2021-06-23T20:30:31.294+09:00,User,KeyEvent,123:91:1,hello,Editor,C:/Users/User/CLionProjects/hello/main.cpp,,27,12,Default task
2021-06-23T20:30:31.526+09:00,User,Action,EditorEnter,hello,Editor,C:/Users/User/CLionProjects/hello/main.cpp,,27,9,Default task
2021-06-23T20:30:31.529+09:00,User,KeyEvent,10:10:0,hello,Editor,C:/Users/User/CLionProjects/hello/main.cpp,,28,12,Default task
2021-06-23T20:30:32.247+09:00,User,KeyEvent,105:73:0,hello,Editor,C:/Users/User/CLionProjects/hello/main.cpp,,28,12,Default task
2021-06-23T20:30:32.334+09:00,User,KeyEvent,102:70:0,hello,Editor,C:/Users/User/CLionProjects/hello/main.cpp,,28,13,Default task
2021-06-23T20:30:32.807+09:00,User,KeyEvent,91:91:0,hello,Editor,C:/Users/User/CLionProjects/hello/main.cpp,,28,14,Default task
2021-06-23T20:30:33.006+09:00,User,KeyEvent,118:86:0,hello,Editor,C:/Users/User/CLionProjects/hello/main.cpp,,28,15,Default task
2021-06-23T20:30:33.118+09:00,User,KeyEvent,105:73:0,hello,Editor,C:/Users/User/CLionProjects/hello/main.cpp,,28,16,Default task
2021-06-23T20:30:33.743+09:00,User,Action,EditorBackSpace,hello,Editor,C:/Users/User/CLionProjects/hello/main.cpp,,28,17,Default task
2021-06-23T20:30:33.746+09:00,User,KeyEvent,8:8:0,hello,Editor,C:/Users/User/CLionProjects/hello/main.cpp,,28,16,Default task
2021-06-23T20:30:33.998+09:00,User,KeyEvent,91:91:0,hello,Editor,C:/Users/User/CLionProjects/hello/main.cpp,,28,16,Default task
2021-06-23T20:30:34.358+09:00,User,KeyEvent,105:73:0,hello,Editor,C:/Users/User/CLionProjects/hello/main.cpp,,28,17,Default task
2021-06-23T20:30:34.863+09:00,User,Action,EditorBackSpace,hello,Editor,C:/Users/User/CLionProjects/hello/main.cpp,,28,18,Default task
2021-06-23T20:30:34.864+09:00,User,KeyEvent,8:8:0,hello,Editor,C:/Users/User/CLionProjects/hello/main.cpp,,28,17,Default task
2021-06-23T20:30:35.006+09:00,User,Action,EditorBackSpace,hello,Editor,C:/Users/User/CLionProjects/hello/main.cpp,,28,17,Default task
2021-06-23T20:30:35.008+09:00,User,KeyEvent,8:8:0,hello,Editor,C:/Users/User/CLionProjects/hello/main.cpp,,28,16,Default task
2021-06-23T20:30:35.142+09:00,User,Action,EditorBackSpace,hello,Editor,C:/Users/User/CLionProjects/hello/main.cpp,,28,16,Default task
2021-06-23T20:30:35.142+09:00,User,KeyEvent,8:8:0,hello,Editor,C:/Users/User/CLionProjects/hello/main.cpp,,28,15,Default task
2021-06-23T20:30:35.278+09:00,User,Action,EditorBackSpace,hello,Editor,C:/Users/User/CLionProjects/hello/main.cpp,,28,15,Default task
2021-06-23T20:30:35.279+09:00,User,KeyEvent,8:8:0,hello,Editor,C:/Users/User/CLionProjects/hello/main.cpp,,28,14,Default task
2021-06-23T20:30:35.552+09:00,User,KeyEvent,65535:16:1,hello,Editor,C:/Users/User/CLionProjects/hello/main.cpp,,28,14,Default task
2021-06-23T20:30:35.670+09:00,User,KeyEvent,40:57:1,hello,Editor,C:/Users/User/CLionProjects/hello/main.cpp,,28,14,Default task
2021-06-23T20:30:35.974+09:00,User,KeyEvent,118:86:0,hello,Editor,C:/Users/User/CLionProjects/hello/main.cpp,,28,15,Default task
2021-06-23T20:30:36.591+09:00,User,KeyEvent,91:91:0,hello,Editor,C:/Users/User/CLionProjects/hello/main.cpp,,28,16,Default task
2021-06-23T20:30:37.559+09:00,User,KeyEvent,105:73:0,hello,Editor,C:/Users/User/CLionProjects/hello/main.cpp,,28,17,Default task
2021-06-23T20:30:38.085+09:00,User,KeyEvent,93:93:0,hello,Editor,C:/Users/User/CLionProjects/hello/main.cpp,,28,18,Default task
2021-06-23T20:30:38.311+09:00,User,KeyEvent,91:91:0,hello,Editor,C:/Users/User/CLionProjects/hello/main.cpp,,28,19,Default task
2021-06-23T20:30:38.551+09:00,User,KeyEvent,93:93:0,hello,Editor,C:/Users/User/CLionProjects/hello/main.cpp,,28,20,Default task
2021-06-23T20:30:38.998+09:00,User,Action,EditorBackSpace,hello,Editor,C:/Users/User/CLionProjects/hello/main.cpp,,28,21,Default task
2021-06-23T20:30:39.006+09:00,User,KeyEvent,8:8:0,hello,Editor,C:/Users/User/CLionProjects/hello/main.cpp,,28,20,Default task
2021-06-23T20:30:39.646+09:00,User,KeyEvent,106:74:0,hello,Editor,C:/Users/User/CLionProjects/hello/main.cpp,,28,20,Default task
2021-06-23T20:30:40.047+09:00,User,KeyEvent,93:93:0,hello,Editor,C:/Users/User/CLionProjects/hello/main.cpp,,28,21,Default task
2021-06-23T20:30:40.414+09:00,User,KeyEvent,65535:16:1,hello,Editor,C:/Users/User/CLionProjects/hello/main.cpp,,28,22,Default task
2021-06-23T20:30:41.272+09:00,User,KeyEvent,32:32:0,hello,Editor,C:/Users/User/CLionProjects/hello/main.cpp,,28,22,Default task
2021-06-23T20:30:42.096+09:00,User,KeyEvent,61:61:0,hello,Editor,C:/Users/User/CLionProjects/hello/main.cpp,,28,23,Default task
2021-06-23T20:30:42.222+09:00,User,KeyEvent,61:61:0,hello,Editor,C:/Users/User/CLionProjects/hello/main.cpp,,28,24,Default task
2021-06-23T20:30:42.351+09:00,User,KeyEvent,32:32:0,hello,Editor,C:/Users/User/CLionProjects/hello/main.cpp,,28,25,Default task
2021-06-23T20:30:42.655+09:00,User,KeyEvent,39:222:0,hello,Editor,C:/Users/User/CLionProjects/hello/main.cpp,,28,26,Default task
2021-06-23T20:30:42.784+09:00,User,KeyEvent,65535:20:0,hello,Editor,C:/Users/User/CLionProjects/hello/main.cpp,,28,27,Default task
2021-06-23T20:30:43.054+09:00,User,KeyEvent,48:48:0,hello,Editor,C:/Users/User/CLionProjects/hello/main.cpp,,28,27,Default task
2021-06-23T20:30:43.583+09:00,User,Action,EditorBackSpace,hello,Editor,C:/Users/User/CLionProjects/hello/main.cpp,,28,28,Default task
2021-06-23T20:30:43.586+09:00,User,KeyEvent,8:8:0,hello,Editor,C:/Users/User/CLionProjects/hello/main.cpp,,28,27,Default task
2021-06-23T20:30:44.599+09:00,User,KeyEvent,79:79:0,hello,Editor,C:/Users/User/CLionProjects/hello/main.cpp,,28,27,Default task
2021-06-23T20:30:45.141+09:00,User,KeyEvent,39:222:0,hello,Editor,C:/Users/User/CLionProjects/hello/main.cpp,,28,28,Default task
2021-06-23T20:30:45.966+09:00,User,KeyEvent,65535:16:1,hello,Editor,C:/Users/User/CLionProjects/hello/main.cpp,,28,29,Default task
2021-06-23T20:30:46.127+09:00,User,KeyEvent,41:48:1,hello,Editor,C:/Users/User/CLionProjects/hello/main.cpp,,28,29,Default task
2021-06-23T20:30:46.622+09:00,User,Action,EditorEnter,hello,Editor,C:/Users/User/CLionProjects/hello/main.cpp,,28,30,Default task
2021-06-23T20:30:46.624+09:00,User,KeyEvent,10:10:0,hello,Editor,C:/Users/User/CLionProjects/hello/main.cpp,,29,16,Default task
2021-06-23T20:30:46.864+09:00,User,KeyEvent,65535:16:1,hello,Editor,C:/Users/User/CLionProjects/hello/main.cpp,,29,16,Default task
2021-06-23T20:30:47.006+09:00,User,KeyEvent,123:91:1,hello,Editor,C:/Users/User/CLionProjects/hello/main.cpp,,29,16,Default task
2021-06-23T20:30:47.174+09:00,User,Action,EditorEnter,hello,Editor,C:/Users/User/CLionProjects/hello/main.cpp,,29,13,Default task
2021-06-23T20:30:47.177+09:00,User,KeyEvent,10:10:0,hello,Editor,C:/Users/User/CLionProjects/hello/main.cpp,,30,16,Default task
2021-06-23T20:30:47.353+09:00,User,KeyEvent,65535:20:0,hello,Editor,C:/Users/User/CLionProjects/hello/main.cpp,,30,16,Default task
2021-06-23T20:30:48.511+09:00,User,KeyEvent,99:67:0,hello,Editor,C:/Users/User/CLionProjects/hello/main.cpp,,30,16,Default task
2021-06-23T20:30:48.636+09:00,User,KeyEvent,111:79:0,hello,Editor,C:/Users/User/CLionProjects/hello/main.cpp,,30,17,Default task
2021-06-23T20:30:48.894+09:00,User,KeyEvent,117:85:0,hello,Editor,C:/Users/User/CLionProjects/hello/main.cpp,,30,18,Default task
2021-06-23T20:30:49.078+09:00,User,KeyEvent,110:78:0,hello,Editor,C:/Users/User/CLionProjects/hello/main.cpp,,30,19,Default task
2021-06-23T20:30:49.126+09:00,User,KeyEvent,116:84:0,hello,Editor,C:/Users/User/CLionProjects/hello/main.cpp,,30,20,Default task
2021-06-23T20:30:49.295+09:00,User,KeyEvent,32:32:0,hello,Editor,C:/Users/User/CLionProjects/hello/main.cpp,,30,21,Default task
2021-06-23T20:30:50.071+09:00,User,KeyEvent,61:61:0,hello,Editor,C:/Users/User/CLionProjects/hello/main.cpp,,30,22,Default task
2021-06-23T20:30:50.151+09:00,User,KeyEvent,32:32:0,hello,Editor,C:/Users/User/CLionProjects/hello/main.cpp,,30,23,Default task
2021-06-23T20:30:50.566+09:00,User,KeyEvent,99:67:0,hello,Editor,C:/Users/User/CLionProjects/hello/main.cpp,,30,24,Default task
2021-06-23T20:30:50.612+09:00,User,KeyEvent,111:79:0,hello,Editor,C:/Users/User/CLionProjects/hello/main.cpp,,30,25,Default task
2021-06-23T20:30:50.801+09:00,User,KeyEvent,117:85:0,hello,Editor,C:/Users/User/CLionProjects/hello/main.cpp,,30,26,Default task
2021-06-23T20:30:50.926+09:00,User,KeyEvent,116:84:0,hello,Editor,C:/Users/User/CLionProjects/hello/main.cpp,,30,27,Default task
2021-06-23T20:30:50.990+09:00,User,KeyEvent,110:78:0,hello,Editor,C:/Users/User/CLionProjects/hello/main.cpp,,30,28,Default task
2021-06-23T20:30:51.374+09:00,User,Action,EditorBackSpace,hello,Editor,C:/Users/User/CLionProjects/hello/main.cpp,,30,29,Default task
2021-06-23T20:30:51.383+09:00,User,KeyEvent,8:8:0,hello,Editor,C:/Users/User/CLionProjects/hello/main.cpp,,30,28,Default task
2021-06-23T20:30:51.509+09:00,User,Action,EditorBackSpace,hello,Editor,C:/Users/User/CLionProjects/hello/main.cpp,,30,28,Default task
2021-06-23T20:30:51.517+09:00,User,KeyEvent,8:8:0,hello,Editor,C:/Users/User/CLionProjects/hello/main.cpp,,30,27,Default task
2021-06-23T20:30:51.710+09:00,User,KeyEvent,110:78:0,hello,Editor,C:/Users/User/CLionProjects/hello/main.cpp,,30,27,Default task
2021-06-23T20:30:51.830+09:00,User,KeyEvent,116:84:0,hello,Editor,C:/Users/User/CLionProjects/hello/main.cpp,,30,28,Default task
2021-06-23T20:30:52.142+09:00,User,KeyEvent,65535:16:1,hello,Editor,C:/Users/User/CLionProjects/hello/main.cpp,,30,29,Default task
2021-06-23T20:30:52.303+09:00,User,KeyEvent,43:61:1,hello,Editor,C:/Users/User/CLionProjects/hello/main.cpp,,30,29,Default task
2021-06-23T20:30:52.878+09:00,User,KeyEvent,49:49:0,hello,Editor,C:/Users/User/CLionProjects/hello/main.cpp,,30,30,Default task
2021-06-23T20:30:53.080+09:00,User,KeyEvent,59:59:0,hello,Editor,C:/Users/User/CLionProjects/hello/main.cpp,,30,31,Default task
2021-06-23T20:30:54.422+09:00,User,Action,EditorDown,hello,Editor,C:/Users/User/CLionProjects/hello/main.cpp,,30,32,Default task
2021-06-23T20:30:54.423+09:00,User,KeyEvent,65535:40:0,hello,Editor,C:/Users/User/CLionProjects/hello/main.cpp,,31,13,Default task
2021-06-23T20:30:54.728+09:00,User,Action,EditorEnter,hello,Editor,C:/Users/User/CLionProjects/hello/main.cpp,,31,13,Default task
2021-06-23T20:30:54.731+09:00,User,KeyEvent,10:10:0,hello,Editor,C:/Users/User/CLionProjects/hello/main.cpp,,32,12,Default task
2021-06-23T20:30:54.982+09:00,User,KeyEvent,101:69:0,hello,Editor,C:/Users/User/CLionProjects/hello/main.cpp,,32,12,Default task
2021-06-23T20:30:55.106+09:00,User,KeyEvent,108:76:0,hello,Editor,C:/Users/User/CLionProjects/hello/main.cpp,,32,13,Default task
2021-06-23T20:30:55.254+09:00,User,KeyEvent,115:83:0,hello,Editor,C:/Users/User/CLionProjects/hello/main.cpp,,32,14,Default task
2021-06-23T20:30:55.318+09:00,User,KeyEvent,101:69:0,hello,Editor,C:/Users/User/CLionProjects/hello/main.cpp,,32,15,Default task
2021-06-23T20:30:55.528+09:00,User,KeyEvent,65535:16:1,hello,Editor,C:/Users/User/CLionProjects/hello/main.cpp,,32,16,Default task
2021-06-23T20:30:56.028+09:00,User,KeyEvent,65535:16:1,hello,Editor,C:/Users/User/CLionProjects/hello/main.cpp,,32,16,Default task
2021-06-23T20:30:56.279+09:00,User,Action,EditorEnter,hello,Editor,C:/Users/User/CLionProjects/hello/main.cpp,,32,16,Default task
2021-06-23T20:30:56.282+09:00,User,KeyEvent,10:10:0,hello,Editor,C:/Users/User/CLionProjects/hello/main.cpp,,33,16,Default task
2021-06-23T20:30:56.487+09:00,User,KeyEvent,65535:16:1,hello,Editor,C:/Users/User/CLionProjects/hello/main.cpp,,33,16,Default task
2021-06-23T20:30:56.662+09:00,User,KeyEvent,123:91:1,hello,Editor,C:/Users/User/CLionProjects/hello/main.cpp,,33,16,Default task
2021-06-23T20:30:56.823+09:00,User,Action,EditorEnter,hello,Editor,C:/Users/User/CLionProjects/hello/main.cpp,,33,13,Default task
2021-06-23T20:30:56.827+09:00,User,KeyEvent,10:10:0,hello,Editor,C:/Users/User/CLionProjects/hello/main.cpp,,34,16,Default task
2021-06-23T20:30:57.871+09:00,User,KeyEvent,99:67:0,hello,Editor,C:/Users/User/CLionProjects/hello/main.cpp,,34,16,Default task
2021-06-23T20:30:57.926+09:00,User,KeyEvent,111:79:0,hello,Editor,C:/Users/User/CLionProjects/hello/main.cpp,,34,17,Default task
2021-06-23T20:30:58.099+09:00,User,KeyEvent,117:85:0,hello,Editor,C:/Users/User/CLionProjects/hello/main.cpp,,34,18,Default task
2021-06-23T20:30:58.254+09:00,User,KeyEvent,110:78:0,hello,Editor,C:/Users/User/CLionProjects/hello/main.cpp,,34,19,Default task
2021-06-23T20:30:58.326+09:00,User,KeyEvent,116:84:0,hello,Editor,C:/Users/User/CLionProjects/hello/main.cpp,,34,20,Default task
2021-06-23T20:30:58.447+09:00,User,KeyEvent,32:32:0,hello,Editor,C:/Users/User/CLionProjects/hello/main.cpp,,34,21,Default task
2021-06-23T20:30:58.560+09:00,User,KeyEvent,61:61:0,hello,Editor,C:/Users/User/CLionProjects/hello/main.cpp,,34,22,Default task
2021-06-23T20:30:58.782+09:00,User,KeyEvent,48:48:0,hello,Editor,C:/Users/User/CLionProjects/hello/main.cpp,,34,23,Default task
2021-06-23T20:30:59.710+09:00,User,KeyEvent,59:59:0,hello,Editor,C:/Users/User/CLionProjects/hello/main.cpp,,34,24,Default task
2021-06-23T20:31:00.158+09:00,User,Action,EditorUp,hello,Editor,C:/Users/User/CLionProjects/hello/main.cpp,,34,25,Default task
2021-06-23T20:31:00.159+09:00,User,KeyEvent,65535:38:0,hello,Editor,C:/Users/User/CLionProjects/hello/main.cpp,,33,13,Default task
2021-06-23T20:31:00.567+09:00,User,Action,EditorDown,hello,Editor,C:/Users/User/CLionProjects/hello/main.cpp,,33,13,Default task
2021-06-23T20:31:00.567+09:00,User,KeyEvent,65535:40:0,hello,Editor,C:/Users/User/CLionProjects/hello/main.cpp,,34,25,Default task
2021-06-23T20:31:00.775+09:00,User,Action,EditorDown,hello,Editor,C:/Users/User/CLionProjects/hello/main.cpp,,34,25,Default task
2021-06-23T20:31:00.775+09:00,User,KeyEvent,65535:40:0,hello,Editor,C:/Users/User/CLionProjects/hello/main.cpp,,35,13,Default task
2021-06-23T20:31:01.207+09:00,User,Action,EditorEnter,hello,Editor,C:/Users/User/CLionProjects/hello/main.cpp,,35,13,Default task
2021-06-23T20:31:01.210+09:00,User,KeyEvent,10:10:0,hello,Editor,C:/Users/User/CLionProjects/hello/main.cpp,,36,12,Default task
2021-06-23T20:31:01.590+09:00,User,KeyEvent,115:83:0,hello,Editor,C:/Users/User/CLionProjects/hello/main.cpp,,36,12,Default task
2021-06-23T20:31:01.670+09:00,User,KeyEvent,117:85:0,hello,Editor,C:/Users/User/CLionProjects/hello/main.cpp,,36,13,Default task
2021-06-23T20:31:01.829+09:00,User,KeyEvent,109:77:0,hello,Editor,C:/Users/User/CLionProjects/hello/main.cpp,,36,14,Default task
2021-06-23T20:31:02.183+09:00,User,KeyEvent,32:32:0,hello,Editor,C:/Users/User/CLionProjects/hello/main.cpp,,36,15,Default task
2021-06-23T20:31:02.326+09:00,User,KeyEvent,61:61:0,hello,Editor,C:/Users/User/CLionProjects/hello/main.cpp,,36,16,Default task
2021-06-23T20:31:02.391+09:00,User,KeyEvent,32:32:0,hello,Editor,C:/Users/User/CLionProjects/hello/main.cpp,,36,17,Default task
2021-06-23T20:31:02.550+09:00,User,KeyEvent,115:83:0,hello,Editor,C:/Users/User/CLionProjects/hello/main.cpp,,36,18,Default task
2021-06-23T20:31:02.622+09:00,User,KeyEvent,117:85:0,hello,Editor,C:/Users/User/CLionProjects/hello/main.cpp,,36,19,Default task
2021-06-23T20:31:02.783+09:00,User,KeyEvent,109:77:0,hello,Editor,C:/Users/User/CLionProjects/hello/main.cpp,,36,20,Default task
2021-06-23T20:31:03.063+09:00,User,KeyEvent,65535:16:1,hello,Editor,C:/Users/User/CLionProjects/hello/main.cpp,,36,21,Default task
2021-06-23T20:31:03.142+09:00,User,KeyEvent,43:61:1,hello,Editor,C:/Users/User/CLionProjects/hello/main.cpp,,36,21,Default task
2021-06-23T20:31:03.390+09:00,User,KeyEvent,99:67:0,hello,Editor,C:/Users/User/CLionProjects/hello/main.cpp,,36,22,Default task
2021-06-23T20:31:03.456+09:00,User,KeyEvent,111:79:0,hello,Editor,C:/Users/User/CLionProjects/hello/main.cpp,,36,23,Default task
2021-06-23T20:31:03.678+09:00,User,KeyEvent,117:85:0,hello,Editor,C:/Users/User/CLionProjects/hello/main.cpp,,36,24,Default task
2021-06-23T20:31:03.838+09:00,User,KeyEvent,110:78:0,hello,Editor,C:/Users/User/CLionProjects/hello/main.cpp,,36,25,Default task
2021-06-23T20:31:03.911+09:00,User,KeyEvent,116:84:0,hello,Editor,C:/Users/User/CLionProjects/hello/main.cpp,,36,26,Default task
2021-06-23T20:31:04.402+09:00,User,KeyEvent,59:59:0,hello,Editor,C:/Users/User/CLionProjects/hello/main.cpp,,36,27,Default task
2021-06-23T20:31:05.294+09:00,User,Action,EditorDown,hello,Editor,C:/Users/User/CLionProjects/hello/main.cpp,,36,28,Default task
2021-06-23T20:31:05.295+09:00,User,KeyEvent,65535:40:0,hello,Editor,C:/Users/User/CLionProjects/hello/main.cpp,,37,9,Default task
2021-06-23T20:31:05.495+09:00,User,Action,EditorDown,hello,Editor,C:/Users/User/CLionProjects/hello/main.cpp,,37,9,Default task
2021-06-23T20:31:05.497+09:00,User,KeyEvent,65535:40:0,hello,Editor,C:/Users/User/CLionProjects/hello/main.cpp,,38,5,Default task
2021-06-23T20:31:06.055+09:00,User,Action,EditorUp,hello,Editor,C:/Users/User/CLionProjects/hello/main.cpp,,38,5,Default task
2021-06-23T20:31:06.056+09:00,User,KeyEvent,65535:38:0,hello,Editor,C:/Users/User/CLionProjects/hello/main.cpp,,37,9,Default task
2021-06-23T20:31:07.655+09:00,User,Action,EditorEnter,hello,Editor,C:/Users/User/CLionProjects/hello/main.cpp,,37,9,Default task
2021-06-23T20:31:07.658+09:00,User,KeyEvent,10:10:0,hello,Editor,C:/Users/User/CLionProjects/hello/main.cpp,,38,8,Default task
2021-06-23T20:31:08.182+09:00,User,Action,EditorEnter,hello,Editor,C:/Users/User/CLionProjects/hello/main.cpp,,38,8,Default task
2021-06-23T20:31:08.183+09:00,User,KeyEvent,10:10:0,hello,Editor,C:/Users/User/CLionProjects/hello/main.cpp,,39,8,Default task
2021-06-23T20:31:09.600+09:00,User,Action,EditorBackSpace,hello,Editor,C:/Users/User/CLionProjects/hello/main.cpp,,39,8,Default task
2021-06-23T20:31:09.605+09:00,User,KeyEvent,8:8:0,hello,Editor,C:/Users/User/CLionProjects/hello/main.cpp,,38,8,Default task
2021-06-23T20:31:09.750+09:00,User,Action,EditorBackSpace,hello,Editor,C:/Users/User/CLionProjects/hello/main.cpp,,38,8,Default task
2021-06-23T20:31:09.752+09:00,User,KeyEvent,8:8:0,hello,Editor,C:/Users/User/CLionProjects/hello/main.cpp,,37,9,Default task
2021-06-23T20:31:12.135+09:00,User,Action,EditorEnter,hello,Editor,C:/Users/User/CLionProjects/hello/main.cpp,,37,9,Default task
2021-06-23T20:31:12.136+09:00,User,KeyEvent,10:10:0,hello,Editor,C:/Users/User/CLionProjects/hello/main.cpp,,38,8,Default task
2021-06-23T20:31:13.632+09:00,User,KeyEvent,118:86:0,hello,Editor,C:/Users/User/CLionProjects/hello/main.cpp,,38,8,Default task
2021-06-23T20:31:15.047+09:00,User,Action,EditorBackSpace,hello,Editor,C:/Users/User/CLionProjects/hello/main.cpp,,38,9,Default task
2021-06-23T20:31:15.055+09:00,User,KeyEvent,8:8:0,hello,Editor,C:/Users/User/CLionProjects/hello/main.cpp,,38,8,Default task
2021-06-23T20:31:15.206+09:00,User,KeyEvent,115:83:0,hello,Editor,C:/Users/User/CLionProjects/hello/main.cpp,,38,8,Default task
2021-06-23T20:31:15.363+09:00,User,KeyEvent,99:67:0,hello,Editor,C:/Users/User/CLionProjects/hello/main.cpp,,38,9,Default task
2021-06-23T20:31:15.534+09:00,User,KeyEvent,111:79:0,hello,Editor,C:/Users/User/CLionProjects/hello/main.cpp,,38,10,Default task
2021-06-23T20:31:15.606+09:00,User,KeyEvent,114:82:0,hello,Editor,C:/Users/User/CLionProjects/hello/main.cpp,,38,11,Default task
2021-06-23T20:31:15.702+09:00,User,KeyEvent,101:69:0,hello,Editor,C:/Users/User/CLionProjects/hello/main.cpp,,38,12,Default task
2021-06-23T20:31:15.975+09:00,User,KeyEvent,91:91:0,hello,Editor,C:/Users/User/CLionProjects/hello/main.cpp,,38,13,Default task
2021-06-23T20:31:16.790+09:00,User,KeyEvent,105:73:0,hello,Editor,C:/Users/User/CLionProjects/hello/main.cpp,,38,14,Default task
2021-06-23T20:31:17.222+09:00,User,KeyEvent,93:93:0,hello,Editor,C:/Users/User/CLionProjects/hello/main.cpp,,38,15,Default task
2021-06-23T20:31:17.311+09:00,User,KeyEvent,32:32:0,hello,Editor,C:/Users/User/CLionProjects/hello/main.cpp,,38,16,Default task
2021-06-23T20:31:17.494+09:00,User,Action,EditorBackSpace,hello,Editor,C:/Users/User/CLionProjects/hello/main.cpp,,38,17,Default task
2021-06-23T20:31:17.495+09:00,User,KeyEvent,8:8:0,hello,Editor,C:/Users/User/CLionProjects/hello/main.cpp,,38,16,Default task
2021-06-23T20:31:17.642+09:00,User,KeyEvent,32:32:0,hello,Editor,C:/Users/User/CLionProjects/hello/main.cpp,,38,16,Default task
2021-06-23T20:31:18.727+09:00,User,KeyEvent,61:61:0,hello,Editor,C:/Users/User/CLionProjects/hello/main.cpp,,38,17,Default task
2021-06-23T20:31:19.008+09:00,User,KeyEvent,32:32:0,hello,Editor,C:/Users/User/CLionProjects/hello/main.cpp,,38,18,Default task
2021-06-23T20:31:19.159+09:00,User,KeyEvent,115:83:0,hello,Editor,C:/Users/User/CLionProjects/hello/main.cpp,,38,19,Default task
2021-06-23T20:31:19.206+09:00,User,KeyEvent,117:85:0,hello,Editor,C:/Users/User/CLionProjects/hello/main.cpp,,38,20,Default task
2021-06-23T20:31:19.519+09:00,User,KeyEvent,109:77:0,hello,Editor,C:/Users/User/CLionProjects/hello/main.cpp,,38,21,Default task
2021-06-23T20:31:20.263+09:00,User,KeyEvent,59:59:0,hello,Editor,C:/Users/User/CLionProjects/hello/main.cpp,,38,22,Default task
2021-06-23T20:31:21.080+09:00,User,Action,EditorDown,hello,Editor,C:/Users/User/CLionProjects/hello/main.cpp,,38,23,Default task
2021-06-23T20:31:21.081+09:00,User,KeyEvent,65535:40:0,hello,Editor,C:/Users/User/CLionProjects/hello/main.cpp,,39,5,Default task
2021-06-23T20:31:21.422+09:00,User,Action,EditorEnter,hello,Editor,C:/Users/User/CLionProjects/hello/main.cpp,,39,5,Default task
2021-06-23T20:31:21.425+09:00,User,KeyEvent,10:10:0,hello,Editor,C:/Users/User/CLionProjects/hello/main.cpp,,40,4,Default task
2021-06-23T20:31:21.590+09:00,User,Action,EditorEnter,hello,Editor,C:/Users/User/CLionProjects/hello/main.cpp,,40,4,Default task
2021-06-23T20:31:21.591+09:00,User,KeyEvent,10:10:0,hello,Editor,C:/Users/User/CLionProjects/hello/main.cpp,,41,4,Default task
2021-06-23T20:31:21.823+09:00,User,KeyEvent,102:70:0,hello,Editor,C:/Users/User/CLionProjects/hello/main.cpp,,41,4,Default task
2021-06-23T20:31:21.901+09:00,User,KeyEvent,111:79:0,hello,Editor,C:/Users/User/CLionProjects/hello/main.cpp,,41,5,Default task
2021-06-23T20:31:22.071+09:00,User,KeyEvent,114:82:0,hello,Editor,C:/Users/User/CLionProjects/hello/main.cpp,,41,6,Default task
2021-06-23T20:31:22.303+09:00,User,KeyEvent,65535:16:1,hello,Editor,C:/Users/User/CLionProjects/hello/main.cpp,,41,7,Default task
2021-06-23T20:31:22.423+09:00,User,KeyEvent,40:57:1,hello,Editor,C:/Users/User/CLionProjects/hello/main.cpp,,41,7,Default task
2021-06-23T20:31:22.687+09:00,User,KeyEvent,105:73:0,hello,Editor,C:/Users/User/CLionProjects/hello/main.cpp,,41,8,Default task
2021-06-23T20:31:22.782+09:00,User,KeyEvent,110:78:0,hello,Editor,C:/Users/User/CLionProjects/hello/main.cpp,,41,9,Default task
2021-06-23T20:31:22.838+09:00,User,KeyEvent,116:84:0,hello,Editor,C:/Users/User/CLionProjects/hello/main.cpp,,41,10,Default task
2021-06-23T20:31:22.984+09:00,User,KeyEvent,32:32:0,hello,Editor,C:/Users/User/CLionProjects/hello/main.cpp,,41,11,Default task
2021-06-23T20:31:23.470+09:00,User,Action,EditorBackSpace,hello,Editor,C:/Users/User/CLionProjects/hello/main.cpp,,41,12,Default task
2021-06-23T20:31:23.480+09:00,User,KeyEvent,8:8:0,hello,Editor,C:/Users/User/CLionProjects/hello/main.cpp,,41,11,Default task
2021-06-23T20:31:23.974+09:00,User,KeyEvent,32:32:0,hello,Editor,C:/Users/User/CLionProjects/hello/main.cpp,,41,11,Default task
2021-06-23T20:31:29.046+09:00,User,KeyEvent,105:73:0,hello,Editor,C:/Users/User/CLionProjects/hello/main.cpp,,41,12,Default task
2021-06-23T20:31:29.214+09:00,User,KeyEvent,32:32:0,hello,Editor,C:/Users/User/CLionProjects/hello/main.cpp,,41,13,Default task
2021-06-23T20:31:29.383+09:00,User,KeyEvent,61:61:0,hello,Editor,C:/Users/User/CLionProjects/hello/main.cpp,,41,14,Default task
2021-06-23T20:31:29.504+09:00,User,KeyEvent,32:32:0,hello,Editor,C:/Users/User/CLionProjects/hello/main.cpp,,41,15,Default task
2021-06-23T20:31:29.615+09:00,User,KeyEvent,48:48:0,hello,Editor,C:/Users/User/CLionProjects/hello/main.cpp,,41,16,Default task
2021-06-23T20:31:29.942+09:00,User,KeyEvent,59:59:0,hello,Editor,C:/Users/User/CLionProjects/hello/main.cpp,,41,17,Default task
2021-06-23T20:31:30.064+09:00,User,KeyEvent,32:32:0,hello,Editor,C:/Users/User/CLionProjects/hello/main.cpp,,41,18,Default task
2021-06-23T20:31:30.191+09:00,User,KeyEvent,105:73:0,hello,Editor,C:/Users/User/CLionProjects/hello/main.cpp,,41,19,Default task
2021-06-23T20:31:30.439+09:00,User,KeyEvent,65535:16:1,hello,Editor,C:/Users/User/CLionProjects/hello/main.cpp,,41,20,Default task
2021-06-23T20:31:30.494+09:00,User,KeyEvent,60:44:1,hello,Editor,C:/Users/User/CLionProjects/hello/main.cpp,,41,20,Default task
2021-06-23T20:31:30.934+09:00,User,KeyEvent,115:83:0,hello,Editor,C:/Users/User/CLionProjects/hello/main.cpp,,41,21,Default task
2021-06-23T20:31:31.014+09:00,User,KeyEvent,105:73:0,hello,Editor,C:/Users/User/CLionProjects/hello/main.cpp,,41,22,Default task
2021-06-23T20:31:31.132+09:00,User,KeyEvent,122:90:0,hello,Editor,C:/Users/User/CLionProjects/hello/main.cpp,,41,23,Default task
2021-06-23T20:31:31.176+09:00,User,KeyEvent,101:69:0,hello,Editor,C:/Users/User/CLionProjects/hello/main.cpp,,41,24,Default task
2021-06-23T20:31:31.499+09:00,User,KeyEvent,59:59:0,hello,Editor,C:/Users/User/CLionProjects/hello/main.cpp,,41,25,Default task
2021-06-23T20:31:31.582+09:00,User,KeyEvent,32:32:0,hello,Editor,C:/Users/User/CLionProjects/hello/main.cpp,,41,26,Default task
2021-06-23T20:31:31.718+09:00,User,KeyEvent,105:73:0,hello,Editor,C:/Users/User/CLionProjects/hello/main.cpp,,41,27,Default task
2021-06-23T20:31:31.975+09:00,User,KeyEvent,65535:16:1,hello,Editor,C:/Users/User/CLionProjects/hello/main.cpp,,41,28,Default task
2021-06-23T20:31:32.047+09:00,User,KeyEvent,43:61:1,hello,Editor,C:/Users/User/CLionProjects/hello/main.cpp,,41,28,Default task
2021-06-23T20:31:32.215+09:00,User,KeyEvent,43:61:1,hello,Editor,C:/Users/User/CLionProjects/hello/main.cpp,,41,29,Default task
2021-06-23T20:31:32.442+09:00,User,KeyEvent,41:48:1,hello,Editor,C:/Users/User/CLionProjects/hello/main.cpp,,41,30,Default task
2021-06-23T20:31:32.806+09:00,User,Action,EditorEnter,hello,Editor,C:/Users/User/CLionProjects/hello/main.cpp,,41,31,Default task
2021-06-23T20:31:32.824+09:00,User,KeyEvent,10:10:0,hello,Editor,C:/Users/User/CLionProjects/hello/main.cpp,,42,8,Default task
2021-06-23T20:31:33.032+09:00,User,KeyEvent,65535:16:1,hello,Editor,C:/Users/User/CLionProjects/hello/main.cpp,,42,8,Default task
2021-06-23T20:31:33.158+09:00,User,KeyEvent,123:91:1,hello,Editor,C:/Users/User/CLionProjects/hello/main.cpp,,42,8,Default task
2021-06-23T20:31:33.382+09:00,User,Action,EditorEnter,hello,Editor,C:/Users/User/CLionProjects/hello/main.cpp,,42,5,Default task
2021-06-23T20:31:33.385+09:00,User,KeyEvent,10:10:0,hello,Editor,C:/Users/User/CLionProjects/hello/main.cpp,,43,8,Default task
2021-06-23T20:31:35.350+09:00,User,KeyEvent,99:67:0,hello,Editor,C:/Users/User/CLionProjects/hello/main.cpp,,43,8,Default task
2021-06-23T20:31:35.422+09:00,User,KeyEvent,111:79:0,hello,Editor,C:/Users/User/CLionProjects/hello/main.cpp,,43,9,Default task
2021-06-23T20:31:35.605+09:00,User,KeyEvent,117:85:0,hello,Editor,C:/Users/User/CLionProjects/hello/main.cpp,,43,10,Default task
2021-06-23T20:31:35.686+09:00,User,KeyEvent,116:84:0,hello,Editor,C:/Users/User/CLionProjects/hello/main.cpp,,43,11,Default task
2021-06-23T20:31:35.862+09:00,User,KeyEvent,65535:16:1,hello,Editor,C:/Users/User/CLionProjects/hello/main.cpp,,43,12,Default task
2021-06-23T20:31:35.913+09:00,User,KeyEvent,60:44:1,hello,Editor,C:/Users/User/CLionProjects/hello/main.cpp,,43,12,Default task
2021-06-23T20:31:36.047+09:00,User,KeyEvent,60:44:1,hello,Editor,C:/Users/User/CLionProjects/hello/main.cpp,,43,13,Default task
2021-06-23T20:31:36.289+09:00,User,KeyEvent,32:32:0,hello,Editor,C:/Users/User/CLionProjects/hello/main.cpp,,43,14,Default task
2021-06-23T20:31:36.806+09:00,User,KeyEvent,115:83:0,hello,Editor,C:/Users/User/CLionProjects/hello/main.cpp,,43,15,Default task
2021-06-23T20:31:36.984+09:00,User,KeyEvent,99:67:0,hello,Editor,C:/Users/User/CLionProjects/hello/main.cpp,,43,16,Default task
2021-06-23T20:31:37.070+09:00,User,KeyEvent,111:79:0,hello,Editor,C:/Users/User/CLionProjects/hello/main.cpp,,43,17,Default task
2021-06-23T20:31:37.616+09:00,User,KeyEvent,114:82:0,hello,Editor,C:/Users/User/CLionProjects/hello/main.cpp,,43,18,Default task
2021-06-23T20:31:37.680+09:00,User,KeyEvent,101:69:0,hello,Editor,C:/Users/User/CLionProjects/hello/main.cpp,,43,19,Default task
2021-06-23T20:31:37.926+09:00,User,KeyEvent,91:91:0,hello,Editor,C:/Users/User/CLionProjects/hello/main.cpp,,43,20,Default task
2021-06-23T20:31:38.150+09:00,User,KeyEvent,105:73:0,hello,Editor,C:/Users/User/CLionProjects/hello/main.cpp,,43,21,Default task
2021-06-23T20:31:38.654+09:00,User,KeyEvent,93:93:0,hello,Editor,C:/Users/User/CLionProjects/hello/main.cpp,,43,22,Default task
2021-06-23T20:31:39.158+09:00,User,KeyEvent,65535:16:1,hello,Editor,C:/Users/User/CLionProjects/hello/main.cpp,,43,23,Default task
2021-06-23T20:31:39.253+09:00,User,KeyEvent,60:44:1,hello,Editor,C:/Users/User/CLionProjects/hello/main.cpp,,43,23,Default task
2021-06-23T20:31:39.447+09:00,User,KeyEvent,60:44:1,hello,Editor,C:/Users/User/CLionProjects/hello/main.cpp,,43,24,Default task
2021-06-23T20:31:39.870+09:00,User,KeyEvent,101:69:0,hello,Editor,C:/Users/User/CLionProjects/hello/main.cpp,,43,25,Default task
2021-06-23T20:31:39.958+09:00,User,KeyEvent,110:78:0,hello,Editor,C:/Users/User/CLionProjects/hello/main.cpp,,43,26,Default task
2021-06-23T20:31:40.038+09:00,User,KeyEvent,100:68:0,hello,Editor,C:/Users/User/CLionProjects/hello/main.cpp,,43,27,Default task
2021-06-23T20:31:40.118+09:00,User,KeyEvent,108:76:0,hello,Editor,C:/Users/User/CLionProjects/hello/main.cpp,,43,28,Default task
2021-06-23T20:31:40.278+09:00,User,KeyEvent,59:59:0,hello,Editor,C:/Users/User/CLionProjects/hello/main.cpp,,43,29,Default task
2021-06-23T20:31:42.732+09:00,User,KeyEvent,65535:17:2,hello,Editor,C:/Users/User/CLionProjects/hello/main.cpp,,43,30,Default task
2021-06-23T20:31:42.847+09:00,User,Action,SaveAll,hello,Editor,C:/Users/User/CLionProjects/hello/main.cpp,,43,30,Default task
2021-06-23T20:31:42.870+09:00,User,KeyEvent,19:83:2,hello,Editor,C:/Users/User/CLionProjects/hello/main.cpp,,43,30,Default task
2021-06-23T20:31:44.361+09:00,User,Action,Run,hello,Editor,C:/Users/User/CLionProjects/hello/main.cpp,,43,30,Default task
2021-06-23T20:31:50.376+09:00,User,KeyEvent,53:101:0,hello,Editor,C:/Users/User/CLionProjects/hello/main.cpp,,43,30,Default task
2021-06-23T20:31:50.544+09:00,User,KeyEvent,10:10:0,hello,Editor,C:/Users/User/CLionProjects/hello/main.cpp,,43,30,Default task
2021-06-23T20:31:53.975+09:00,User,KeyEvent,65535:17:2,hello,Editor,C:/Users/User/CLionProjects/hello/main.cpp,,43,30,Default task
2021-06-23T20:31:54.082+09:00,User,KeyEvent,22:86:2,hello,Editor,C:/Users/User/CLionProjects/hello/main.cpp,,43,30,Default task
2021-06-23T20:31:54.513+09:00,User,KeyEvent,10:10:0,hello,Editor,C:/Users/User/CLionProjects/hello/main.cpp,,43,30,Default task
2021-06-23T20:32:18.135+09:00,User,Action,EditorEnter,hello,Editor,C:/Users/User/CLionProjects/hello/main.cpp,,44,5,Default task
2021-06-23T20:32:18.139+09:00,User,KeyEvent,10:10:0,hello,Editor,C:/Users/User/CLionProjects/hello/main.cpp,,45,4,Default task
2021-06-23T20:32:18.255+09:00,User,Action,EditorEnter,hello,Editor,C:/Users/User/CLionProjects/hello/main.cpp,,45,4,Default task
2021-06-23T20:32:18.257+09:00,User,KeyEvent,10:10:0,hello,Editor,C:/Users/User/CLionProjects/hello/main.cpp,,46,4,Default task
2021-06-23T20:32:18.398+09:00,User,KeyEvent,114:82:0,hello,Editor,C:/Users/User/CLionProjects/hello/main.cpp,,46,4,Default task
2021-06-23T20:32:18.462+09:00,User,KeyEvent,101:69:0,hello,Editor,C:/Users/User/CLionProjects/hello/main.cpp,,46,5,Default task
2021-06-23T20:32:18.587+09:00,User,KeyEvent,116:84:0,hello,Editor,C:/Users/User/CLionProjects/hello/main.cpp,,46,6,Default task
2021-06-23T20:32:18.663+09:00,User,KeyEvent,117:85:0,hello,Editor,C:/Users/User/CLionProjects/hello/main.cpp,,46,7,Default task
2021-06-23T20:32:18.758+09:00,User,KeyEvent,114:82:0,hello,Editor,C:/Users/User/CLionProjects/hello/main.cpp,,46,8,Default task
2021-06-23T20:32:18.837+09:00,User,KeyEvent,110:78:0,hello,Editor,C:/Users/User/CLionProjects/hello/main.cpp,,46,9,Default task
2021-06-23T20:32:18.942+09:00,User,KeyEvent,32:32:0,hello,Editor,C:/Users/User/CLionProjects/hello/main.cpp,,46,10,Default task
2021-06-23T20:32:19.030+09:00,User,KeyEvent,48:48:0,hello,Editor,C:/Users/User/CLionProjects/hello/main.cpp,,46,11,Default task
2021-06-23T20:32:19.255+09:00,User,KeyEvent,59:59:0,hello,Editor,C:/Users/User/CLionProjects/hello/main.cpp,,46,12,Default task
2021-06-23T20:32:19.646+09:00,User,KeyEvent,65535:17:2,hello,Editor,C:/Users/User/CLionProjects/hello/main.cpp,,46,13,Default task
2021-06-23T20:32:19.830+09:00,User,Action,SaveAll,hello,Editor,C:/Users/User/CLionProjects/hello/main.cpp,,46,13,Default task
2021-06-23T20:32:19.843+09:00,User,KeyEvent,19:83:2,hello,Editor,C:/Users/User/CLionProjects/hello/main.cpp,,46,13,Default task
2021-06-23T20:32:50.258+09:00,User,KeyEvent,65535:17:2,hello,Editor,C:/Users/User/CLionProjects/hello/main.cpp,,9,12,Default task
2021-06-23T20:32:50.511+09:00,User,Action,SaveAll,hello,Editor,C:/Users/User/CLionProjects/hello/main.cpp,,9,12,Default task
2021-06-23T20:32:50.512+09:00,User,KeyEvent,19:83:2,hello,Editor,C:/Users/User/CLionProjects/hello/main.cpp,,9,12,Default task
2021-06-23T20:32:51.769+09:00,User,Action,Run,hello,Editor,C:/Users/User/CLionProjects/hello/main.cpp,,9,12,Default task
2021-06-23T20:32:56.422+09:00,User,KeyEvent,53:101:0,hello,Editor,C:/Users/User/CLionProjects/hello/main.cpp,,9,12,Default task
2021-06-23T20:32:56.608+09:00,User,KeyEvent,10:10:0,hello,Editor,C:/Users/User/CLionProjects/hello/main.cpp,,9,12,Default task
2021-06-23T20:32:57.095+09:00,User,KeyEvent,65535:17:2,hello,Editor,C:/Users/User/CLionProjects/hello/main.cpp,,9,12,Default task
2021-06-23T20:32:57.235+09:00,User,KeyEvent,22:86:2,hello,Editor,C:/Users/User/CLionProjects/hello/main.cpp,,9,12,Default task
2021-06-23T20:32:57.640+09:00,User,KeyEvent,10:10:0,hello,Editor,C:/Users/User/CLionProjects/hello/main.cpp,,9,12,Default task
2021-06-23T20:33:07.127+09:00,User,KeyEvent,65535:17:2,hello,Editor,C:/Users/User/CLionProjects/hello/main.cpp,,48,0,Default task
2021-06-23T20:33:07.468+09:00,User,Action,EditorCopy,hello,Editor,C:/Users/User/CLionProjects/hello/main.cpp,,48,0,Default task
2021-06-23T20:33:07.478+09:00,User,KeyEvent,3:67:2,hello,Editor,C:/Users/User/CLionProjects/hello/main.cpp,,48,0,Default task
2021-06-23T20:33:57.224+09:00,User,KeyEvent,65535:17:2,hello,Editor,C:/Users/User/CLionProjects/hello/main.cpp,,45,0,Default task
2021-06-23T20:33:57.487+09:00,User,Action,SaveAll,hello,Editor,C:/Users/User/CLionProjects/hello/main.cpp,,45,0,Default task
2021-06-23T20:33:57.487+09:00,User,KeyEvent,19:83:2,hello,Editor,C:/Users/User/CLionProjects/hello/main.cpp,,45,0,Default task
