2021-06-22T16:54:50.636+09:00,User,Action,EditorBackSpace,helloworld,Editor,C:/Users/User/CLionProjects/helloworld/main.cpp,,3,12,Default task
2021-06-22T16:54:50.644+09:00,User,KeyEvent,8:8:0,helloworld,Editor,C:/Users/User/CLionProjects/helloworld/main.cpp,,3,12,Default task
2021-06-22T16:54:50.914+09:00,User,Action,EditorEnter,helloworld,Editor,C:/Users/User/CLionProjects/helloworld/main.cpp,,3,12,Default task
2021-06-22T16:54:50.920+09:00,User,KeyEvent,10:10:0,helloworld,Editor,C:/Users/User/CLionProjects/helloworld/main.cpp,,4,4,Default task
2021-06-22T16:54:55.018+09:00,User,KeyEvent,99:67:0,helloworld,Editor,C:/Users/User/CLionProjects/helloworld/main.cpp,,4,4,Default task
2021-06-22T16:54:55.155+09:00,User,KeyEvent,105:73:0,helloworld,Editor,C:/Users/User/CLionProjects/helloworld/main.cpp,,4,5,Default task
2021-06-22T16:54:55.281+09:00,User,KeyEvent,110:78:0,helloworld,Editor,C:/Users/User/CLionProjects/helloworld/main.cpp,,4,6,Default task
2021-06-22T16:54:55.618+09:00,User,Action,EditorBackSpace,helloworld,Editor,C:/Users/User/CLionProjects/helloworld/main.cpp,,4,7,Default task
2021-06-22T16:54:55.626+09:00,User,KeyEvent,8:8:0,helloworld,Editor,C:/Users/User/CLionProjects/helloworld/main.cpp,,4,6,Default task
2021-06-22T16:54:55.745+09:00,User,Action,EditorBackSpace,helloworld,Editor,C:/Users/User/CLionProjects/helloworld/main.cpp,,4,6,Default task
2021-06-22T16:54:55.765+09:00,User,KeyEvent,8:8:0,helloworld,Editor,C:/Users/User/CLionProjects/helloworld/main.cpp,,4,5,Default task
2021-06-22T16:54:55.881+09:00,User,Action,EditorBackSpace,helloworld,Editor,C:/Users/User/CLionProjects/helloworld/main.cpp,,4,5,Default task
2021-06-22T16:54:55.897+09:00,User,KeyEvent,8:8:0,helloworld,Editor,C:/Users/User/CLionProjects/helloworld/main.cpp,,4,4,Default task
2021-06-22T16:54:56.273+09:00,User,KeyEvent,105:73:0,helloworld,Editor,C:/Users/User/CLionProjects/helloworld/main.cpp,,4,4,Default task
2021-06-22T16:54:56.370+09:00,User,KeyEvent,110:78:0,helloworld,Editor,C:/Users/User/CLionProjects/helloworld/main.cpp,,4,5,Default task
2021-06-22T16:54:56.433+09:00,User,KeyEvent,116:84:0,helloworld,Editor,C:/Users/User/CLionProjects/helloworld/main.cpp,,4,6,Default task
2021-06-22T16:54:56.569+09:00,User,KeyEvent,32:32:0,helloworld,Editor,C:/Users/User/CLionProjects/helloworld/main.cpp,,4,7,Default task
2021-06-22T16:54:56.713+09:00,User,KeyEvent,110:78:0,helloworld,Editor,C:/Users/User/CLionProjects/helloworld/main.cpp,,4,8,Default task
2021-06-22T16:54:56.809+09:00,User,KeyEvent,117:85:0,helloworld,Editor,C:/Users/User/CLionProjects/helloworld/main.cpp,,4,9,Default task
2021-06-22T16:54:56.961+09:00,User,KeyEvent,109:77:0,helloworld,Editor,C:/Users/User/CLionProjects/helloworld/main.cpp,,4,10,Default task
2021-06-22T16:54:57.129+09:00,User,KeyEvent,49:49:0,helloworld,Editor,C:/Users/User/CLionProjects/helloworld/main.cpp,,4,11,Default task
2021-06-22T16:54:57.473+09:00,User,KeyEvent,44:44:0,helloworld,Editor,C:/Users/User/CLionProjects/helloworld/main.cpp,,4,12,Default task
2021-06-22T16:54:57.553+09:00,User,KeyEvent,32:32:0,helloworld,Editor,C:/Users/User/CLionProjects/helloworld/main.cpp,,4,13,Default task
2021-06-22T16:54:57.714+09:00,User,KeyEvent,110:78:0,helloworld,Editor,C:/Users/User/CLionProjects/helloworld/main.cpp,,4,14,Default task
2021-06-22T16:54:57.801+09:00,User,KeyEvent,117:85:0,helloworld,Editor,C:/Users/User/CLionProjects/helloworld/main.cpp,,4,15,Default task
2021-06-22T16:54:57.969+09:00,User,KeyEvent,109:77:0,helloworld,Editor,C:/Users/User/CLionProjects/helloworld/main.cpp,,4,16,Default task
2021-06-22T16:54:58.106+09:00,User,KeyEvent,50:50:0,helloworld,Editor,C:/Users/User/CLionProjects/helloworld/main.cpp,,4,17,Default task
2021-06-22T16:54:58.313+09:00,User,KeyEvent,44:44:0,helloworld,Editor,C:/Users/User/CLionProjects/helloworld/main.cpp,,4,18,Default task
2021-06-22T16:54:58.402+09:00,User,KeyEvent,32:32:0,helloworld,Editor,C:/Users/User/CLionProjects/helloworld/main.cpp,,4,19,Default task
2021-06-22T16:54:58.554+09:00,User,KeyEvent,110:78:0,helloworld,Editor,C:/Users/User/CLionProjects/helloworld/main.cpp,,4,20,Default task
2021-06-22T16:54:58.643+09:00,User,KeyEvent,117:85:0,helloworld,Editor,C:/Users/User/CLionProjects/helloworld/main.cpp,,4,21,Default task
2021-06-22T16:54:59.009+09:00,User,KeyEvent,109:77:0,helloworld,Editor,C:/Users/User/CLionProjects/helloworld/main.cpp,,4,22,Default task
2021-06-22T16:55:00.003+09:00,User,KeyEvent,51:51:0,helloworld,Editor,C:/Users/User/CLionProjects/helloworld/main.cpp,,4,23,Default task
2021-06-22T16:55:00.658+09:00,User,KeyEvent,59:59:0,helloworld,Editor,C:/Users/User/CLionProjects/helloworld/main.cpp,,4,24,Default task
2021-06-22T16:55:05.442+09:00,User,Action,EditorEnter,helloworld,Editor,C:/Users/User/CLionProjects/helloworld/main.cpp,,4,25,Default task
2021-06-22T16:55:05.445+09:00,User,KeyEvent,10:10:0,helloworld,Editor,C:/Users/User/CLionProjects/helloworld/main.cpp,,5,4,Default task
2021-06-22T16:55:05.602+09:00,User,Action,EditorEnter,helloworld,Editor,C:/Users/User/CLionProjects/helloworld/main.cpp,,5,4,Default task
2021-06-22T16:55:05.607+09:00,User,KeyEvent,10:10:0,helloworld,Editor,C:/Users/User/CLionProjects/helloworld/main.cpp,,6,4,Default task
2021-06-22T16:55:05.788+09:00,User,KeyEvent,99:67:0,helloworld,Editor,C:/Users/User/CLionProjects/helloworld/main.cpp,,6,4,Default task
2021-06-22T16:55:05.939+09:00,User,KeyEvent,105:73:0,helloworld,Editor,C:/Users/User/CLionProjects/helloworld/main.cpp,,6,5,Default task
2021-06-22T16:55:06.017+09:00,User,KeyEvent,110:78:0,helloworld,Editor,C:/Users/User/CLionProjects/helloworld/main.cpp,,6,6,Default task
2021-06-22T16:55:06.177+09:00,User,KeyEvent,32:32:0,helloworld,Editor,C:/Users/User/CLionProjects/helloworld/main.cpp,,6,7,Default task
2021-06-22T16:55:06.705+09:00,User,KeyEvent,65535:16:1,helloworld,Editor,C:/Users/User/CLionProjects/helloworld/main.cpp,,6,8,Default task
2021-06-22T16:55:06.770+09:00,User,KeyEvent,62:46:1,helloworld,Editor,C:/Users/User/CLionProjects/helloworld/main.cpp,,6,8,Default task
2021-06-22T16:55:07.250+09:00,User,KeyEvent,65535:16:1,helloworld,Editor,C:/Users/User/CLionProjects/helloworld/main.cpp,,6,9,Default task
2021-06-22T16:55:07.297+09:00,User,KeyEvent,62:46:1,helloworld,Editor,C:/Users/User/CLionProjects/helloworld/main.cpp,,6,9,Default task
2021-06-22T16:55:07.465+09:00,User,KeyEvent,32:32:0,helloworld,Editor,C:/Users/User/CLionProjects/helloworld/main.cpp,,6,10,Default task
2021-06-22T16:55:07.633+09:00,User,KeyEvent,110:78:0,helloworld,Editor,C:/Users/User/CLionProjects/helloworld/main.cpp,,6,11,Default task
2021-06-22T16:55:07.753+09:00,User,KeyEvent,117:85:0,helloworld,Editor,C:/Users/User/CLionProjects/helloworld/main.cpp,,6,12,Default task
2021-06-22T16:55:07.929+09:00,User,KeyEvent,109:77:0,helloworld,Editor,C:/Users/User/CLionProjects/helloworld/main.cpp,,6,13,Default task
2021-06-22T16:55:08.081+09:00,User,KeyEvent,49:49:0,helloworld,Editor,C:/Users/User/CLionProjects/helloworld/main.cpp,,6,14,Default task
2021-06-22T16:55:08.673+09:00,User,KeyEvent,32:32:0,helloworld,Editor,C:/Users/User/CLionProjects/helloworld/main.cpp,,6,15,Default task
2021-06-22T16:55:08.849+09:00,User,KeyEvent,65535:16:1,helloworld,Editor,C:/Users/User/CLionProjects/helloworld/main.cpp,,6,16,Default task
2021-06-22T16:55:08.907+09:00,User,KeyEvent,62:46:1,helloworld,Editor,C:/Users/User/CLionProjects/helloworld/main.cpp,,6,16,Default task
2021-06-22T16:55:09.066+09:00,User,KeyEvent,62:46:1,helloworld,Editor,C:/Users/User/CLionProjects/helloworld/main.cpp,,6,17,Default task
2021-06-22T16:55:09.209+09:00,User,KeyEvent,32:32:0,helloworld,Editor,C:/Users/User/CLionProjects/helloworld/main.cpp,,6,18,Default task
2021-06-22T16:55:09.353+09:00,User,KeyEvent,110:78:0,helloworld,Editor,C:/Users/User/CLionProjects/helloworld/main.cpp,,6,19,Default task
2021-06-22T16:55:09.473+09:00,User,KeyEvent,117:85:0,helloworld,Editor,C:/Users/User/CLionProjects/helloworld/main.cpp,,6,20,Default task
2021-06-22T16:55:09.665+09:00,User,KeyEvent,109:77:0,helloworld,Editor,C:/Users/User/CLionProjects/helloworld/main.cpp,,6,21,Default task
2021-06-22T16:55:10.034+09:00,User,KeyEvent,50:50:0,helloworld,Editor,C:/Users/User/CLionProjects/helloworld/main.cpp,,6,22,Default task
2021-06-22T16:55:10.273+09:00,User,KeyEvent,32:32:0,helloworld,Editor,C:/Users/User/CLionProjects/helloworld/main.cpp,,6,23,Default task
2021-06-22T16:55:10.441+09:00,User,KeyEvent,65535:16:1,helloworld,Editor,C:/Users/User/CLionProjects/helloworld/main.cpp,,6,24,Default task
2021-06-22T16:55:10.489+09:00,User,KeyEvent,62:46:1,helloworld,Editor,C:/Users/User/CLionProjects/helloworld/main.cpp,,6,24,Default task
2021-06-22T16:55:10.658+09:00,User,KeyEvent,62:46:1,helloworld,Editor,C:/Users/User/CLionProjects/helloworld/main.cpp,,6,25,Default task
2021-06-22T16:55:10.845+09:00,User,KeyEvent,32:32:0,helloworld,Editor,C:/Users/User/CLionProjects/helloworld/main.cpp,,6,26,Default task
2021-06-22T16:55:10.963+09:00,User,KeyEvent,110:78:0,helloworld,Editor,C:/Users/User/CLionProjects/helloworld/main.cpp,,6,27,Default task
2021-06-22T16:55:11.049+09:00,User,KeyEvent,117:85:0,helloworld,Editor,C:/Users/User/CLionProjects/helloworld/main.cpp,,6,28,Default task
2021-06-22T16:55:11.321+09:00,User,KeyEvent,109:77:0,helloworld,Editor,C:/Users/User/CLionProjects/helloworld/main.cpp,,6,29,Default task
2021-06-22T16:55:11.698+09:00,User,KeyEvent,51:51:0,helloworld,Editor,C:/Users/User/CLionProjects/helloworld/main.cpp,,6,30,Default task
2021-06-22T16:55:12.047+09:00,User,KeyEvent,59:59:0,helloworld,Editor,C:/Users/User/CLionProjects/helloworld/main.cpp,,6,31,Default task
2021-06-22T16:55:12.226+09:00,User,Action,EditorEnter,helloworld,Editor,C:/Users/User/CLionProjects/helloworld/main.cpp,,6,32,Default task
2021-06-22T16:55:12.229+09:00,User,KeyEvent,10:10:0,helloworld,Editor,C:/Users/User/CLionProjects/helloworld/main.cpp,,7,4,Default task
2021-06-22T16:55:13.731+09:00,User,Action,EditorEnter,helloworld,Editor,C:/Users/User/CLionProjects/helloworld/main.cpp,,7,4,Default task
2021-06-22T16:55:13.739+09:00,User,KeyEvent,10:10:0,helloworld,Editor,C:/Users/User/CLionProjects/helloworld/main.cpp,,8,4,Default task
2021-06-22T16:55:14.406+09:00,User,Action,EditorUp,helloworld,Editor,C:/Users/User/CLionProjects/helloworld/main.cpp,,8,4,Default task
2021-06-22T16:55:14.407+09:00,User,KeyEvent,65535:38:0,helloworld,Editor,C:/Users/User/CLionProjects/helloworld/main.cpp,,7,4,Default task
2021-06-22T16:55:14.538+09:00,User,Action,EditorUp,helloworld,Editor,C:/Users/User/CLionProjects/helloworld/main.cpp,,7,4,Default task
2021-06-22T16:55:14.538+09:00,User,KeyEvent,65535:38:0,helloworld,Editor,C:/Users/User/CLionProjects/helloworld/main.cpp,,6,4,Default task
2021-06-22T16:55:14.700+09:00,User,Action,EditorUp,helloworld,Editor,C:/Users/User/CLionProjects/helloworld/main.cpp,,6,4,Default task
2021-06-22T16:55:14.702+09:00,User,KeyEvent,65535:38:0,helloworld,Editor,C:/Users/User/CLionProjects/helloworld/main.cpp,,5,4,Default task
2021-06-22T16:55:15.025+09:00,User,Action,EditorLeft,helloworld,Editor,C:/Users/User/CLionProjects/helloworld/main.cpp,,5,4,Default task
2021-06-22T16:55:15.026+09:00,User,KeyEvent,65535:37:0,helloworld,Editor,C:/Users/User/CLionProjects/helloworld/main.cpp,,5,3,Default task
2021-06-22T16:55:15.186+09:00,User,Action,EditorLeft,helloworld,Editor,C:/Users/User/CLionProjects/helloworld/main.cpp,,5,3,Default task
2021-06-22T16:55:15.186+09:00,User,KeyEvent,65535:37:0,helloworld,Editor,C:/Users/User/CLionProjects/helloworld/main.cpp,,5,2,Default task
2021-06-22T16:55:15.313+09:00,User,Action,EditorLeft,helloworld,Editor,C:/Users/User/CLionProjects/helloworld/main.cpp,,5,2,Default task
2021-06-22T16:55:15.314+09:00,User,KeyEvent,65535:37:0,helloworld,Editor,C:/Users/User/CLionProjects/helloworld/main.cpp,,5,1,Default task
2021-06-22T16:55:15.481+09:00,User,Action,EditorLeft,helloworld,Editor,C:/Users/User/CLionProjects/helloworld/main.cpp,,5,1,Default task
2021-06-22T16:55:15.482+09:00,User,KeyEvent,65535:37:0,helloworld,Editor,C:/Users/User/CLionProjects/helloworld/main.cpp,,5,0,Default task
2021-06-22T16:55:15.634+09:00,User,Action,EditorLeft,helloworld,Editor,C:/Users/User/CLionProjects/helloworld/main.cpp,,5,0,Default task
2021-06-22T16:55:15.635+09:00,User,KeyEvent,65535:37:0,helloworld,Editor,C:/Users/User/CLionProjects/helloworld/main.cpp,,4,25,Default task
2021-06-22T16:55:16.202+09:00,User,Action,EditorLeft,helloworld,Editor,C:/Users/User/CLionProjects/helloworld/main.cpp,,4,25,Default task
2021-06-22T16:55:16.202+09:00,User,KeyEvent,65535:37:0,helloworld,Editor,C:/Users/User/CLionProjects/helloworld/main.cpp,,4,24,Default task
2021-06-22T16:55:17.146+09:00,User,KeyEvent,44:44:0,helloworld,Editor,C:/Users/User/CLionProjects/helloworld/main.cpp,,4,24,Default task
2021-06-22T16:55:17.275+09:00,User,KeyEvent,32:32:0,helloworld,Editor,C:/Users/User/CLionProjects/helloworld/main.cpp,,4,25,Default task
2021-06-22T16:55:18.227+09:00,User,Action,EditorBackSpace,helloworld,Editor,C:/Users/User/CLionProjects/helloworld/main.cpp,,4,26,Default task
2021-06-22T16:55:18.231+09:00,User,KeyEvent,8:8:0,helloworld,Editor,C:/Users/User/CLionProjects/helloworld/main.cpp,,4,25,Default task
2021-06-22T16:55:18.371+09:00,User,Action,EditorBackSpace,helloworld,Editor,C:/Users/User/CLionProjects/helloworld/main.cpp,,4,25,Default task
2021-06-22T16:55:18.376+09:00,User,KeyEvent,8:8:0,helloworld,Editor,C:/Users/User/CLionProjects/helloworld/main.cpp,,4,24,Default task
2021-06-22T16:55:18.979+09:00,User,Action,EditorRight,helloworld,Editor,C:/Users/User/CLionProjects/helloworld/main.cpp,,4,24,Default task
2021-06-22T16:55:18.982+09:00,User,KeyEvent,65535:39:0,helloworld,Editor,C:/Users/User/CLionProjects/helloworld/main.cpp,,4,25,Default task
2021-06-22T16:55:19.499+09:00,User,Action,EditorEnter,helloworld,Editor,C:/Users/User/CLionProjects/helloworld/main.cpp,,4,25,Default task
2021-06-22T16:55:19.503+09:00,User,KeyEvent,10:10:0,helloworld,Editor,C:/Users/User/CLionProjects/helloworld/main.cpp,,5,4,Default task
2021-06-22T16:55:19.936+09:00,User,KeyEvent,105:73:0,helloworld,Editor,C:/Users/User/CLionProjects/helloworld/main.cpp,,5,4,Default task
2021-06-22T16:55:20.099+09:00,User,KeyEvent,110:78:0,helloworld,Editor,C:/Users/User/CLionProjects/helloworld/main.cpp,,5,5,Default task
2021-06-22T16:55:20.112+09:00,User,KeyEvent,116:84:0,helloworld,Editor,C:/Users/User/CLionProjects/helloworld/main.cpp,,5,6,Default task
2021-06-22T16:55:20.369+09:00,User,KeyEvent,32:32:0,helloworld,Editor,C:/Users/User/CLionProjects/helloworld/main.cpp,,5,7,Default task
2021-06-22T16:55:20.681+09:00,User,KeyEvent,115:83:0,helloworld,Editor,C:/Users/User/CLionProjects/helloworld/main.cpp,,5,8,Default task
2021-06-22T16:55:20.769+09:00,User,KeyEvent,117:85:0,helloworld,Editor,C:/Users/User/CLionProjects/helloworld/main.cpp,,5,9,Default task
2021-06-22T16:55:20.913+09:00,User,KeyEvent,109:77:0,helloworld,Editor,C:/Users/User/CLionProjects/helloworld/main.cpp,,5,10,Default task
2021-06-22T16:55:21.101+09:00,User,KeyEvent,32:32:0,helloworld,Editor,C:/Users/User/CLionProjects/helloworld/main.cpp,,5,11,Default task
2021-06-22T16:55:21.271+09:00,User,KeyEvent,61:61:0,helloworld,Editor,C:/Users/User/CLionProjects/helloworld/main.cpp,,5,12,Default task
2021-06-22T16:55:21.387+09:00,User,KeyEvent,32:32:0,helloworld,Editor,C:/Users/User/CLionProjects/helloworld/main.cpp,,5,13,Default task
2021-06-22T16:55:21.481+09:00,User,KeyEvent,48:48:0,helloworld,Editor,C:/Users/User/CLionProjects/helloworld/main.cpp,,5,14,Default task
2021-06-22T16:55:22.033+09:00,User,KeyEvent,59:59:0,helloworld,Editor,C:/Users/User/CLionProjects/helloworld/main.cpp,,5,15,Default task
2021-06-22T16:55:22.656+09:00,User,Action,EditorDown,helloworld,Editor,C:/Users/User/CLionProjects/helloworld/main.cpp,,5,16,Default task
2021-06-22T16:55:22.657+09:00,User,KeyEvent,65535:40:0,helloworld,Editor,C:/Users/User/CLionProjects/helloworld/main.cpp,,6,4,Default task
2021-06-22T16:55:22.770+09:00,User,Action,EditorDown,helloworld,Editor,C:/Users/User/CLionProjects/helloworld/main.cpp,,6,4,Default task
2021-06-22T16:55:22.770+09:00,User,KeyEvent,65535:40:0,helloworld,Editor,C:/Users/User/CLionProjects/helloworld/main.cpp,,7,16,Default task
2021-06-22T16:55:22.913+09:00,User,Action,EditorDown,helloworld,Editor,C:/Users/User/CLionProjects/helloworld/main.cpp,,7,16,Default task
2021-06-22T16:55:22.915+09:00,User,KeyEvent,65535:40:0,helloworld,Editor,C:/Users/User/CLionProjects/helloworld/main.cpp,,8,4,Default task
2021-06-22T16:55:24.123+09:00,User,KeyEvent,99:67:0,helloworld,Editor,C:/Users/User/CLionProjects/helloworld/main.cpp,,8,4,Default task
2021-06-22T16:55:24.252+09:00,User,KeyEvent,111:79:0,helloworld,Editor,C:/Users/User/CLionProjects/helloworld/main.cpp,,8,5,Default task
2021-06-22T16:55:24.401+09:00,User,KeyEvent,117:85:0,helloworld,Editor,C:/Users/User/CLionProjects/helloworld/main.cpp,,8,6,Default task
2021-06-22T16:55:24.689+09:00,User,Action,EditorBackSpace,helloworld,Editor,C:/Users/User/CLionProjects/helloworld/main.cpp,,8,7,Default task
2021-06-22T16:55:24.698+09:00,User,KeyEvent,8:8:0,helloworld,Editor,C:/Users/User/CLionProjects/helloworld/main.cpp,,8,6,Default task
2021-06-22T16:55:24.809+09:00,User,Action,EditorBackSpace,helloworld,Editor,C:/Users/User/CLionProjects/helloworld/main.cpp,,8,6,Default task
2021-06-22T16:55:24.823+09:00,User,KeyEvent,8:8:0,helloworld,Editor,C:/Users/User/CLionProjects/helloworld/main.cpp,,8,5,Default task
2021-06-22T16:55:24.945+09:00,User,Action,EditorBackSpace,helloworld,Editor,C:/Users/User/CLionProjects/helloworld/main.cpp,,8,5,Default task
2021-06-22T16:55:24.960+09:00,User,KeyEvent,8:8:0,helloworld,Editor,C:/Users/User/CLionProjects/helloworld/main.cpp,,8,4,Default task
2021-06-22T16:55:31.253+09:00,User,Action,EditorUp,helloworld,Editor,C:/Users/User/CLionProjects/helloworld/main.cpp,,8,4,Default task
2021-06-22T16:55:31.255+09:00,User,KeyEvent,65535:38:0,helloworld,Editor,C:/Users/User/CLionProjects/helloworld/main.cpp,,7,4,Default task
2021-06-22T16:55:31.436+09:00,User,Action,EditorUp,helloworld,Editor,C:/Users/User/CLionProjects/helloworld/main.cpp,,7,4,Default task
2021-06-22T16:55:31.438+09:00,User,KeyEvent,65535:38:0,helloworld,Editor,C:/Users/User/CLionProjects/helloworld/main.cpp,,6,4,Default task
2021-06-22T16:55:31.809+09:00,User,KeyEvent,65535:16:1,helloworld,Editor,C:/Users/User/CLionProjects/helloworld/main.cpp,,6,4,Default task
2021-06-22T16:55:31.875+09:00,User,Action,EditorUpWithSelection,helloworld,Editor,C:/Users/User/CLionProjects/helloworld/main.cpp,,6,4,Default task
2021-06-22T16:55:31.877+09:00,User,KeyEvent,65535:38:1,helloworld,Editor,C:/Users/User/CLionProjects/helloworld/main.cpp,,5,4,Default task
2021-06-22T16:55:33.579+09:00,User,Action,EditorDown,helloworld,Editor,C:/Users/User/CLionProjects/helloworld/main.cpp,,5,4,Default task
2021-06-22T16:55:33.579+09:00,User,KeyEvent,65535:40:0,helloworld,Editor,C:/Users/User/CLionProjects/helloworld/main.cpp,,6,4,Default task
2021-06-22T16:55:33.762+09:00,User,Action,EditorDown,helloworld,Editor,C:/Users/User/CLionProjects/helloworld/main.cpp,,6,4,Default task
2021-06-22T16:55:33.764+09:00,User,KeyEvent,65535:40:0,helloworld,Editor,C:/Users/User/CLionProjects/helloworld/main.cpp,,7,4,Default task
2021-06-22T16:55:34.739+09:00,User,Action,EditorDown,helloworld,Editor,C:/Users/User/CLionProjects/helloworld/main.cpp,,7,4,Default task
2021-06-22T16:55:34.741+09:00,User,KeyEvent,65535:40:0,helloworld,Editor,C:/Users/User/CLionProjects/helloworld/main.cpp,,8,4,Default task
2021-06-22T16:55:35.986+09:00,User,Action,EditorEnter,helloworld,Editor,C:/Users/User/CLionProjects/helloworld/main.cpp,,8,4,Default task
2021-06-22T16:55:35.989+09:00,User,KeyEvent,10:10:0,helloworld,Editor,C:/Users/User/CLionProjects/helloworld/main.cpp,,9,4,Default task
2021-06-22T16:55:36.306+09:00,User,KeyEvent,115:83:0,helloworld,Editor,C:/Users/User/CLionProjects/helloworld/main.cpp,,9,4,Default task
2021-06-22T16:55:36.385+09:00,User,KeyEvent,117:85:0,helloworld,Editor,C:/Users/User/CLionProjects/helloworld/main.cpp,,9,5,Default task
2021-06-22T16:55:36.674+09:00,User,KeyEvent,32:32:0,helloworld,Editor,C:/Users/User/CLionProjects/helloworld/main.cpp,,9,6,Default task
2021-06-22T16:55:37.049+09:00,User,Action,EditorBackSpace,helloworld,Editor,C:/Users/User/CLionProjects/helloworld/main.cpp,,9,7,Default task
2021-06-22T16:55:37.062+09:00,User,KeyEvent,8:8:0,helloworld,Editor,C:/Users/User/CLionProjects/helloworld/main.cpp,,9,6,Default task
2021-06-22T16:55:37.329+09:00,User,KeyEvent,109:77:0,helloworld,Editor,C:/Users/User/CLionProjects/helloworld/main.cpp,,9,6,Default task
2021-06-22T16:55:37.441+09:00,User,KeyEvent,32:32:0,helloworld,Editor,C:/Users/User/CLionProjects/helloworld/main.cpp,,9,7,Default task
2021-06-22T16:55:37.905+09:00,User,KeyEvent,61:61:0,helloworld,Editor,C:/Users/User/CLionProjects/helloworld/main.cpp,,9,8,Default task
2021-06-22T16:55:38.092+09:00,User,KeyEvent,32:32:0,helloworld,Editor,C:/Users/User/CLionProjects/helloworld/main.cpp,,9,9,Default task
2021-06-22T16:55:38.345+09:00,User,KeyEvent,110:78:0,helloworld,Editor,C:/Users/User/CLionProjects/helloworld/main.cpp,,9,10,Default task
2021-06-22T16:55:38.802+09:00,User,KeyEvent,117:85:0,helloworld,Editor,C:/Users/User/CLionProjects/helloworld/main.cpp,,9,11,Default task
2021-06-22T16:55:38.986+09:00,User,KeyEvent,109:77:0,helloworld,Editor,C:/Users/User/CLionProjects/helloworld/main.cpp,,9,12,Default task
2021-06-22T16:55:39.129+09:00,User,KeyEvent,49:49:0,helloworld,Editor,C:/Users/User/CLionProjects/helloworld/main.cpp,,9,13,Default task
2021-06-22T16:55:39.378+09:00,User,KeyEvent,32:32:0,helloworld,Editor,C:/Users/User/CLionProjects/helloworld/main.cpp,,9,14,Default task
2021-06-22T16:55:39.553+09:00,User,KeyEvent,65535:16:1,helloworld,Editor,C:/Users/User/CLionProjects/helloworld/main.cpp,,9,15,Default task
2021-06-22T16:55:39.913+09:00,User,KeyEvent,65535:16:1,helloworld,Editor,C:/Users/User/CLionProjects/helloworld/main.cpp,,9,15,Default task
2021-06-22T16:55:39.929+09:00,User,KeyEvent,43:61:1,helloworld,Editor,C:/Users/User/CLionProjects/helloworld/main.cpp,,9,15,Default task
2021-06-22T16:55:40.201+09:00,User,KeyEvent,32:32:0,helloworld,Editor,C:/Users/User/CLionProjects/helloworld/main.cpp,,9,16,Default task
2021-06-22T16:55:40.609+09:00,User,KeyEvent,110:78:0,helloworld,Editor,C:/Users/User/CLionProjects/helloworld/main.cpp,,9,17,Default task
2021-06-22T16:55:40.689+09:00,User,KeyEvent,117:85:0,helloworld,Editor,C:/Users/User/CLionProjects/helloworld/main.cpp,,9,18,Default task
2021-06-22T16:55:41.026+09:00,User,KeyEvent,109:77:0,helloworld,Editor,C:/Users/User/CLionProjects/helloworld/main.cpp,,9,19,Default task
2021-06-22T16:55:41.169+09:00,User,KeyEvent,50:50:0,helloworld,Editor,C:/Users/User/CLionProjects/helloworld/main.cpp,,9,20,Default task
2021-06-22T16:55:41.578+09:00,User,KeyEvent,65535:16:1,helloworld,Editor,C:/Users/User/CLionProjects/helloworld/main.cpp,,9,21,Default task
2021-06-22T16:55:41.978+09:00,User,KeyEvent,32:32:0,helloworld,Editor,C:/Users/User/CLionProjects/helloworld/main.cpp,,9,21,Default task
2021-06-22T16:55:42.145+09:00,User,KeyEvent,65535:16:1,helloworld,Editor,C:/Users/User/CLionProjects/helloworld/main.cpp,,9,22,Default task
2021-06-22T16:55:42.201+09:00,User,KeyEvent,43:61:1,helloworld,Editor,C:/Users/User/CLionProjects/helloworld/main.cpp,,9,22,Default task
2021-06-22T16:55:42.417+09:00,User,KeyEvent,32:32:0,helloworld,Editor,C:/Users/User/CLionProjects/helloworld/main.cpp,,9,23,Default task
2021-06-22T16:55:42.554+09:00,User,KeyEvent,110:78:0,helloworld,Editor,C:/Users/User/CLionProjects/helloworld/main.cpp,,9,24,Default task
2021-06-22T16:55:42.625+09:00,User,KeyEvent,117:85:0,helloworld,Editor,C:/Users/User/CLionProjects/helloworld/main.cpp,,9,25,Default task
2021-06-22T16:55:42.817+09:00,User,KeyEvent,109:77:0,helloworld,Editor,C:/Users/User/CLionProjects/helloworld/main.cpp,,9,26,Default task
2021-06-22T16:55:42.985+09:00,User,KeyEvent,51:51:0,helloworld,Editor,C:/Users/User/CLionProjects/helloworld/main.cpp,,9,27,Default task
2021-06-22T16:55:43.177+09:00,User,KeyEvent,59:59:0,helloworld,Editor,C:/Users/User/CLionProjects/helloworld/main.cpp,,9,28,Default task
2021-06-22T16:55:43.394+09:00,User,Action,EditorEnter,helloworld,Editor,C:/Users/User/CLionProjects/helloworld/main.cpp,,9,29,Default task
2021-06-22T16:55:43.397+09:00,User,KeyEvent,10:10:0,helloworld,Editor,C:/Users/User/CLionProjects/helloworld/main.cpp,,10,4,Default task
2021-06-22T16:55:43.970+09:00,User,Action,EditorEnter,helloworld,Editor,C:/Users/User/CLionProjects/helloworld/main.cpp,,10,4,Default task
2021-06-22T16:55:43.972+09:00,User,KeyEvent,10:10:0,helloworld,Editor,C:/Users/User/CLionProjects/helloworld/main.cpp,,11,4,Default task
2021-06-22T16:55:44.194+09:00,User,KeyEvent,99:67:0,helloworld,Editor,C:/Users/User/CLionProjects/helloworld/main.cpp,,11,4,Default task
2021-06-22T16:55:44.265+09:00,User,KeyEvent,111:79:0,helloworld,Editor,C:/Users/User/CLionProjects/helloworld/main.cpp,,11,5,Default task
2021-06-22T16:55:44.441+09:00,User,KeyEvent,117:85:0,helloworld,Editor,C:/Users/User/CLionProjects/helloworld/main.cpp,,11,6,Default task
2021-06-22T16:55:44.561+09:00,User,KeyEvent,116:84:0,helloworld,Editor,C:/Users/User/CLionProjects/helloworld/main.cpp,,11,7,Default task
2021-06-22T16:55:44.713+09:00,User,KeyEvent,32:32:0,helloworld,Editor,C:/Users/User/CLionProjects/helloworld/main.cpp,,11,8,Default task
2021-06-22T16:55:44.826+09:00,User,KeyEvent,65535:16:1,helloworld,Editor,C:/Users/User/CLionProjects/helloworld/main.cpp,,11,9,Default task
2021-06-22T16:55:44.873+09:00,User,KeyEvent,60:44:1,helloworld,Editor,C:/Users/User/CLionProjects/helloworld/main.cpp,,11,9,Default task
2021-06-22T16:55:45.017+09:00,User,KeyEvent,60:44:1,helloworld,Editor,C:/Users/User/CLionProjects/helloworld/main.cpp,,11,10,Default task
2021-06-22T16:55:45.210+09:00,User,KeyEvent,32:32:0,helloworld,Editor,C:/Users/User/CLionProjects/helloworld/main.cpp,,11,11,Default task
2021-06-22T16:55:45.826+09:00,User,KeyEvent,115:83:0,helloworld,Editor,C:/Users/User/CLionProjects/helloworld/main.cpp,,11,12,Default task
2021-06-22T16:55:45.905+09:00,User,KeyEvent,117:85:0,helloworld,Editor,C:/Users/User/CLionProjects/helloworld/main.cpp,,11,13,Default task
2021-06-22T16:55:46.073+09:00,User,KeyEvent,109:77:0,helloworld,Editor,C:/Users/User/CLionProjects/helloworld/main.cpp,,11,14,Default task
2021-06-22T16:55:46.233+09:00,User,KeyEvent,32:32:0,helloworld,Editor,C:/Users/User/CLionProjects/helloworld/main.cpp,,11,15,Default task
2021-06-22T16:55:46.386+09:00,User,KeyEvent,65535:16:1,helloworld,Editor,C:/Users/User/CLionProjects/helloworld/main.cpp,,11,16,Default task
2021-06-22T16:55:46.401+09:00,User,KeyEvent,60:44:1,helloworld,Editor,C:/Users/User/CLionProjects/helloworld/main.cpp,,11,16,Default task
2021-06-22T16:55:46.569+09:00,User,KeyEvent,60:44:1,helloworld,Editor,C:/Users/User/CLionProjects/helloworld/main.cpp,,11,17,Default task
2021-06-22T16:55:46.905+09:00,User,KeyEvent,101:69:0,helloworld,Editor,C:/Users/User/CLionProjects/helloworld/main.cpp,,11,18,Default task
2021-06-22T16:55:46.969+09:00,User,KeyEvent,110:78:0,helloworld,Editor,C:/Users/User/CLionProjects/helloworld/main.cpp,,11,19,Default task
2021-06-22T16:55:47.080+09:00,User,KeyEvent,100:68:0,helloworld,Editor,C:/Users/User/CLionProjects/helloworld/main.cpp,,11,20,Default task
2021-06-22T16:55:47.185+09:00,User,KeyEvent,108:76:0,helloworld,Editor,C:/Users/User/CLionProjects/helloworld/main.cpp,,11,21,Default task
2021-06-22T16:55:47.945+09:00,User,KeyEvent,59:59:0,helloworld,Editor,C:/Users/User/CLionProjects/helloworld/main.cpp,,11,22,Default task
2021-06-22T16:55:49.121+09:00,User,Action,EditorEnter,helloworld,Editor,C:/Users/User/CLionProjects/helloworld/main.cpp,,11,23,Default task
2021-06-22T16:55:49.124+09:00,User,KeyEvent,10:10:0,helloworld,Editor,C:/Users/User/CLionProjects/helloworld/main.cpp,,12,4,Default task
2021-06-22T16:55:49.297+09:00,User,Action,EditorEnter,helloworld,Editor,C:/Users/User/CLionProjects/helloworld/main.cpp,,12,4,Default task
2021-06-22T16:55:49.301+09:00,User,KeyEvent,10:10:0,helloworld,Editor,C:/Users/User/CLionProjects/helloworld/main.cpp,,13,4,Default task
2021-06-22T16:55:49.473+09:00,User,KeyEvent,114:82:0,helloworld,Editor,C:/Users/User/CLionProjects/helloworld/main.cpp,,13,4,Default task
2021-06-22T16:55:49.545+09:00,User,KeyEvent,101:69:0,helloworld,Editor,C:/Users/User/CLionProjects/helloworld/main.cpp,,13,5,Default task
2021-06-22T16:55:49.674+09:00,User,KeyEvent,116:84:0,helloworld,Editor,C:/Users/User/CLionProjects/helloworld/main.cpp,,13,6,Default task
2021-06-22T16:55:49.745+09:00,User,KeyEvent,117:85:0,helloworld,Editor,C:/Users/User/CLionProjects/helloworld/main.cpp,,13,7,Default task
2021-06-22T16:55:49.834+09:00,User,KeyEvent,114:82:0,helloworld,Editor,C:/Users/User/CLionProjects/helloworld/main.cpp,,13,8,Default task
2021-06-22T16:55:49.905+09:00,User,KeyEvent,110:78:0,helloworld,Editor,C:/Users/User/CLionProjects/helloworld/main.cpp,,13,9,Default task
2021-06-22T16:55:50.009+09:00,User,KeyEvent,32:32:0,helloworld,Editor,C:/Users/User/CLionProjects/helloworld/main.cpp,,13,10,Default task
2021-06-22T16:55:50.105+09:00,User,KeyEvent,48:48:0,helloworld,Editor,C:/Users/User/CLionProjects/helloworld/main.cpp,,13,11,Default task
2021-06-22T16:55:50.313+09:00,User,KeyEvent,59:59:0,helloworld,Editor,C:/Users/User/CLionProjects/helloworld/main.cpp,,13,12,Default task
2021-06-22T16:55:52.354+09:00,User,KeyEvent,65535:17:2,helloworld,Editor,C:/Users/User/CLionProjects/helloworld/main.cpp,,10,4,Default task
2021-06-22T16:55:52.666+09:00,User,Action,SaveAll,helloworld,Editor,C:/Users/User/CLionProjects/helloworld/main.cpp,,10,4,Default task
2021-06-22T16:55:52.679+09:00,User,KeyEvent,19:83:2,helloworld,Editor,C:/Users/User/CLionProjects/helloworld/main.cpp,,10,4,Default task
2021-06-22T16:56:01.410+09:00,User,KeyEvent,65535:17:2,helloworld,Editor,C:/Users/User/CLionProjects/helloworld/main.cpp,,10,4,Default task
2021-06-22T16:56:01.554+09:00,User,Action,SaveAll,helloworld,Editor,C:/Users/User/CLionProjects/helloworld/main.cpp,,10,4,Default task
2021-06-22T16:56:01.555+09:00,User,KeyEvent,19:83:2,helloworld,Editor,C:/Users/User/CLionProjects/helloworld/main.cpp,,10,4,Default task
2021-06-22T16:56:02.766+09:00,User,Action,Run,helloworld,Editor,C:/Users/User/CLionProjects/helloworld/main.cpp,,10,4,Default task
2021-06-22T16:56:03.646+09:00,User,Action,Build,helloworld,Editor,C:/Users/User/CLionProjects/helloworld/main.cpp,,10,4,Default task
2021-06-22T16:56:08.359+09:00,User,Action,Run,helloworld,Editor,C:/Users/User/CLionProjects/helloworld/main.cpp,,10,4,Default task
2021-06-22T16:56:12.331+09:00,User,KeyEvent,49:97:0,helloworld,Editor,C:/Users/User/CLionProjects/helloworld/main.cpp,,10,4,Default task
2021-06-22T16:56:12.489+09:00,User,KeyEvent,48:96:0,helloworld,Editor,C:/Users/User/CLionProjects/helloworld/main.cpp,,10,4,Default task
2021-06-22T16:56:12.619+09:00,User,KeyEvent,32:32:0,helloworld,Editor,C:/Users/User/CLionProjects/helloworld/main.cpp,,10,4,Default task
2021-06-22T16:56:12.809+09:00,User,KeyEvent,50:98:0,helloworld,Editor,C:/Users/User/CLionProjects/helloworld/main.cpp,,10,4,Default task
2021-06-22T16:56:13.201+09:00,User,KeyEvent,48:96:0,helloworld,Editor,C:/Users/User/CLionProjects/helloworld/main.cpp,,10,4,Default task
2021-06-22T16:56:14.316+09:00,User,KeyEvent,32:32:0,helloworld,Editor,C:/Users/User/CLionProjects/helloworld/main.cpp,,10,4,Default task
2021-06-22T16:56:14.426+09:00,User,KeyEvent,49:97:0,helloworld,Editor,C:/Users/User/CLionProjects/helloworld/main.cpp,,10,4,Default task
2021-06-22T16:56:14.828+09:00,User,KeyEvent,49:97:0,helloworld,Editor,C:/Users/User/CLionProjects/helloworld/main.cpp,,10,4,Default task
2021-06-22T16:56:15.018+09:00,User,KeyEvent,48:96:0,helloworld,Editor,C:/Users/User/CLionProjects/helloworld/main.cpp,,10,4,Default task
2021-06-22T16:56:24.090+09:00,User,Action,Build,helloworld,Editor,C:/Users/User/CLionProjects/helloworld/main.cpp,,10,4,Default task
2021-06-22T16:56:33.458+09:00,User,Action,Run,helloworld,Editor,C:/Users/User/CLionProjects/helloworld/main.cpp,,10,0,Default task
2021-06-22T16:56:38.162+09:00,User,KeyEvent,49:97:0,helloworld,Editor,C:/Users/User/CLionProjects/helloworld/main.cpp,,10,0,Default task
2021-06-22T16:56:38.338+09:00,User,KeyEvent,48:96:0,helloworld,Editor,C:/Users/User/CLionProjects/helloworld/main.cpp,,10,0,Default task
2021-06-22T16:56:38.506+09:00,User,KeyEvent,32:32:0,helloworld,Editor,C:/Users/User/CLionProjects/helloworld/main.cpp,,10,0,Default task
2021-06-22T16:56:38.706+09:00,User,KeyEvent,50:98:0,helloworld,Editor,C:/Users/User/CLionProjects/helloworld/main.cpp,,10,0,Default task
2021-06-22T16:56:38.786+09:00,User,KeyEvent,48:96:0,helloworld,Editor,C:/Users/User/CLionProjects/helloworld/main.cpp,,10,0,Default task
2021-06-22T16:56:38.938+09:00,User,KeyEvent,32:32:0,helloworld,Editor,C:/Users/User/CLionProjects/helloworld/main.cpp,,10,0,Default task
2021-06-22T16:56:39.146+09:00,User,KeyEvent,51:99:0,helloworld,Editor,C:/Users/User/CLionProjects/helloworld/main.cpp,,10,0,Default task
2021-06-22T16:56:39.219+09:00,User,KeyEvent,48:96:0,helloworld,Editor,C:/Users/User/CLionProjects/helloworld/main.cpp,,10,0,Default task
2021-06-22T16:56:39.509+09:00,User,KeyEvent,10:10:0,helloworld,Editor,C:/Users/User/CLionProjects/helloworld/main.cpp,,10,0,Default task
2021-06-22T16:56:42.034+09:00,User,Action,Run,helloworld,Editor,C:/Users/User/CLionProjects/helloworld/main.cpp,,10,0,Default task
2021-06-22T16:56:46.299+09:00,User,KeyEvent,49:97:0,helloworld,Editor,C:/Users/User/CLionProjects/helloworld/main.cpp,,10,0,Default task
2021-06-22T16:56:46.555+09:00,User,KeyEvent,32:32:0,helloworld,Editor,C:/Users/User/CLionProjects/helloworld/main.cpp,,10,0,Default task
2021-06-22T16:56:46.963+09:00,User,KeyEvent,50:98:0,helloworld,Editor,C:/Users/User/CLionProjects/helloworld/main.cpp,,10,0,Default task
2021-06-22T16:56:47.092+09:00,User,KeyEvent,32:32:0,helloworld,Editor,C:/Users/User/CLionProjects/helloworld/main.cpp,,10,0,Default task
2021-06-22T16:56:47.378+09:00,User,KeyEvent,51:99:0,helloworld,Editor,C:/Users/User/CLionProjects/helloworld/main.cpp,,10,0,Default task
2021-06-22T16:56:47.660+09:00,User,KeyEvent,10:10:0,helloworld,Editor,C:/Users/User/CLionProjects/helloworld/main.cpp,,10,0,Default task
2021-06-22T16:56:52.028+09:00,User,KeyEvent,65535:17:2,helloworld,Editor,C:/Users/User/CLionProjects/helloworld/main.cpp,,8,0,Default task
2021-06-22T16:56:52.194+09:00,User,Action,SaveAll,helloworld,Editor,C:/Users/User/CLionProjects/helloworld/main.cpp,,8,0,Default task
2021-06-22T16:56:52.194+09:00,User,KeyEvent,19:83:2,helloworld,Editor,C:/Users/User/CLionProjects/helloworld/main.cpp,,8,0,Default task
2021-06-22T16:57:06.121+09:00,User,KeyEvent,44:44:0,helloworld,Editor,C:/Users/User/CLionProjects/helloworld/main.cpp,,4,24,Default task
2021-06-22T16:57:06.362+09:00,User,KeyEvent,32:32:0,helloworld,Editor,C:/Users/User/CLionProjects/helloworld/main.cpp,,4,25,Default task
2021-06-22T16:57:06.497+09:00,User,KeyEvent,115:83:0,helloworld,Editor,C:/Users/User/CLionProjects/helloworld/main.cpp,,4,26,Default task
2021-06-22T16:57:06.554+09:00,User,KeyEvent,117:85:0,helloworld,Editor,C:/Users/User/CLionProjects/helloworld/main.cpp,,4,27,Default task
2021-06-22T16:57:06.744+09:00,User,KeyEvent,109:77:0,helloworld,Editor,C:/Users/User/CLionProjects/helloworld/main.cpp,,4,28,Default task
2021-06-22T16:57:07.579+09:00,User,Action,EditorDown,helloworld,Editor,C:/Users/User/CLionProjects/helloworld/main.cpp,,4,29,Default task
2021-06-22T16:57:07.582+09:00,User,KeyEvent,65535:40:0,helloworld,Editor,C:/Users/User/CLionProjects/helloworld/main.cpp,,5,16,Default task
2021-06-22T16:57:07.675+09:00,User,Action,EditorLeft,helloworld,Editor,C:/Users/User/CLionProjects/helloworld/main.cpp,,5,16,Default task
2021-06-22T16:57:07.676+09:00,User,KeyEvent,65535:37:0,helloworld,Editor,C:/Users/User/CLionProjects/helloworld/main.cpp,,5,15,Default task
2021-06-22T16:57:08.002+09:00,User,Action,EditorRight,helloworld,Editor,C:/Users/User/CLionProjects/helloworld/main.cpp,,5,15,Default task
2021-06-22T16:57:08.003+09:00,User,KeyEvent,65535:39:0,helloworld,Editor,C:/Users/User/CLionProjects/helloworld/main.cpp,,5,16,Default task
2021-06-22T16:57:08.195+09:00,User,KeyEvent,65535:16:1,helloworld,Editor,C:/Users/User/CLionProjects/helloworld/main.cpp,,5,16,Default task
2021-06-22T16:57:08.253+09:00,User,Action,EditorLeftWithSelection,helloworld,Editor,C:/Users/User/CLionProjects/helloworld/main.cpp,,5,16,Default task
2021-06-22T16:57:08.255+09:00,User,KeyEvent,65535:37:1,helloworld,Editor,C:/Users/User/CLionProjects/helloworld/main.cpp,,5,15,Default task
2021-06-22T16:57:08.752+09:00,User,Action,EditorLeftWithSelection,helloworld,Editor,C:/Users/User/CLionProjects/helloworld/main.cpp,,5,15,Default task
2021-06-22T16:57:08.753+09:00,User,KeyEvent,65535:37:1,helloworld,Editor,C:/Users/User/CLionProjects/helloworld/main.cpp,,5,14,Default task
2021-06-22T16:57:08.783+09:00,User,Action,EditorLeftWithSelection,helloworld,Editor,C:/Users/User/CLionProjects/helloworld/main.cpp,,5,14,Default task
2021-06-22T16:57:08.783+09:00,User,KeyEvent,65535:37:1,helloworld,Editor,C:/Users/User/CLionProjects/helloworld/main.cpp,,5,13,Default task
2021-06-22T16:57:08.830+09:00,User,Action,EditorLeftWithSelection,helloworld,Editor,C:/Users/User/CLionProjects/helloworld/main.cpp,,5,13,Default task
2021-06-22T16:57:08.831+09:00,User,KeyEvent,65535:37:1,helloworld,Editor,C:/Users/User/CLionProjects/helloworld/main.cpp,,5,12,Default task
2021-06-22T16:57:08.860+09:00,User,Action,EditorLeftWithSelection,helloworld,Editor,C:/Users/User/CLionProjects/helloworld/main.cpp,,5,12,Default task
2021-06-22T16:57:08.861+09:00,User,KeyEvent,65535:37:1,helloworld,Editor,C:/Users/User/CLionProjects/helloworld/main.cpp,,5,11,Default task
2021-06-22T16:57:08.892+09:00,User,Action,EditorLeftWithSelection,helloworld,Editor,C:/Users/User/CLionProjects/helloworld/main.cpp,,5,11,Default task
2021-06-22T16:57:08.893+09:00,User,KeyEvent,65535:37:1,helloworld,Editor,C:/Users/User/CLionProjects/helloworld/main.cpp,,5,10,Default task
2021-06-22T16:57:08.922+09:00,User,Action,EditorLeftWithSelection,helloworld,Editor,C:/Users/User/CLionProjects/helloworld/main.cpp,,5,10,Default task
2021-06-22T16:57:08.923+09:00,User,KeyEvent,65535:37:1,helloworld,Editor,C:/Users/User/CLionProjects/helloworld/main.cpp,,5,9,Default task
2021-06-22T16:57:08.953+09:00,User,Action,EditorLeftWithSelection,helloworld,Editor,C:/Users/User/CLionProjects/helloworld/main.cpp,,5,9,Default task
2021-06-22T16:57:08.954+09:00,User,KeyEvent,65535:37:1,helloworld,Editor,C:/Users/User/CLionProjects/helloworld/main.cpp,,5,8,Default task
2021-06-22T16:57:08.985+09:00,User,Action,EditorLeftWithSelection,helloworld,Editor,C:/Users/User/CLionProjects/helloworld/main.cpp,,5,8,Default task
2021-06-22T16:57:08.987+09:00,User,KeyEvent,65535:37:1,helloworld,Editor,C:/Users/User/CLionProjects/helloworld/main.cpp,,5,7,Default task
2021-06-22T16:57:09.029+09:00,User,Action,EditorLeftWithSelection,helloworld,Editor,C:/Users/User/CLionProjects/helloworld/main.cpp,,5,7,Default task
2021-06-22T16:57:09.030+09:00,User,KeyEvent,65535:37:1,helloworld,Editor,C:/Users/User/CLionProjects/helloworld/main.cpp,,5,6,Default task
2021-06-22T16:57:09.059+09:00,User,Action,EditorLeftWithSelection,helloworld,Editor,C:/Users/User/CLionProjects/helloworld/main.cpp,,5,6,Default task
2021-06-22T16:57:09.060+09:00,User,KeyEvent,65535:37:1,helloworld,Editor,C:/Users/User/CLionProjects/helloworld/main.cpp,,5,5,Default task
2021-06-22T16:57:09.092+09:00,User,Action,EditorLeftWithSelection,helloworld,Editor,C:/Users/User/CLionProjects/helloworld/main.cpp,,5,5,Default task
2021-06-22T16:57:09.093+09:00,User,KeyEvent,65535:37:1,helloworld,Editor,C:/Users/User/CLionProjects/helloworld/main.cpp,,5,4,Default task
2021-06-22T16:57:09.297+09:00,User,Action,EditorLeftWithSelection,helloworld,Editor,C:/Users/User/CLionProjects/helloworld/main.cpp,,5,4,Default task
2021-06-22T16:57:09.298+09:00,User,KeyEvent,65535:37:1,helloworld,Editor,C:/Users/User/CLionProjects/helloworld/main.cpp,,5,3,Default task
2021-06-22T16:57:09.473+09:00,User,Action,EditorLeftWithSelection,helloworld,Editor,C:/Users/User/CLionProjects/helloworld/main.cpp,,5,3,Default task
2021-06-22T16:57:09.474+09:00,User,KeyEvent,65535:37:1,helloworld,Editor,C:/Users/User/CLionProjects/helloworld/main.cpp,,5,2,Default task
2021-06-22T16:57:09.706+09:00,User,Action,EditorLeftWithSelection,helloworld,Editor,C:/Users/User/CLionProjects/helloworld/main.cpp,,5,2,Default task
2021-06-22T16:57:09.709+09:00,User,KeyEvent,65535:37:1,helloworld,Editor,C:/Users/User/CLionProjects/helloworld/main.cpp,,5,1,Default task
2021-06-22T16:57:10.003+09:00,User,Action,EditorLeftWithSelection,helloworld,Editor,C:/Users/User/CLionProjects/helloworld/main.cpp,,5,1,Default task
2021-06-22T16:57:10.005+09:00,User,KeyEvent,65535:37:1,helloworld,Editor,C:/Users/User/CLionProjects/helloworld/main.cpp,,5,0,Default task
2021-06-22T16:57:10.554+09:00,User,Action,EditorBackSpace,helloworld,Editor,C:/Users/User/CLionProjects/helloworld/main.cpp,,5,0,Default task
2021-06-22T16:57:10.556+09:00,User,KeyEvent,8:8:0,helloworld,Editor,C:/Users/User/CLionProjects/helloworld/main.cpp,,5,0,Default task
2021-06-22T16:57:10.977+09:00,User,Action,EditorBackSpace,helloworld,Editor,C:/Users/User/CLionProjects/helloworld/main.cpp,,5,0,Default task
2021-06-22T16:57:10.988+09:00,User,KeyEvent,8:8:0,helloworld,Editor,C:/Users/User/CLionProjects/helloworld/main.cpp,,4,30,Default task
2021-06-22T16:57:14.555+09:00,User,Action,EditorDown,helloworld,Editor,C:/Users/User/CLionProjects/helloworld/main.cpp,,4,30,Default task
2021-06-22T16:57:14.558+09:00,User,KeyEvent,65535:40:0,helloworld,Editor,C:/Users/User/CLionProjects/helloworld/main.cpp,,5,0,Default task
2021-06-22T16:57:14.756+09:00,User,Action,EditorDown,helloworld,Editor,C:/Users/User/CLionProjects/helloworld/main.cpp,,5,0,Default task
2021-06-22T16:57:14.758+09:00,User,KeyEvent,65535:40:0,helloworld,Editor,C:/Users/User/CLionProjects/helloworld/main.cpp,,6,30,Default task
2021-06-22T16:57:14.907+09:00,User,Action,EditorDown,helloworld,Editor,C:/Users/User/CLionProjects/helloworld/main.cpp,,6,30,Default task
2021-06-22T16:57:14.908+09:00,User,KeyEvent,65535:40:0,helloworld,Editor,C:/Users/User/CLionProjects/helloworld/main.cpp,,7,0,Default task
2021-06-22T16:57:15.083+09:00,User,Action,EditorDown,helloworld,Editor,C:/Users/User/CLionProjects/helloworld/main.cpp,,7,0,Default task
2021-06-22T16:57:15.085+09:00,User,KeyEvent,65535:40:0,helloworld,Editor,C:/Users/User/CLionProjects/helloworld/main.cpp,,8,29,Default task
2021-06-22T16:57:15.235+09:00,User,KeyEvent,65535:17:2,helloworld,Editor,C:/Users/User/CLionProjects/helloworld/main.cpp,,8,29,Default task
2021-06-22T16:57:15.641+09:00,User,Action,SaveAll,helloworld,Editor,C:/Users/User/CLionProjects/helloworld/main.cpp,,8,29,Default task
2021-06-22T16:57:15.654+09:00,User,KeyEvent,19:83:2,helloworld,Editor,C:/Users/User/CLionProjects/helloworld/main.cpp,,8,29,Default task
2021-06-22T16:57:19.684+09:00,User,Action,Build,helloworld,Editor,C:/Users/User/CLionProjects/helloworld/main.cpp,,8,29,Default task
2021-06-22T16:57:23.111+09:00,User,Action,Run,helloworld,Run,C:/Users/User/CLionProjects/helloworld/main.cpp,,8,29,Default task
2021-06-22T16:57:30.905+09:00,User,KeyEvent,49:97:0,helloworld,Editor,C:/Users/User/CLionProjects/helloworld/main.cpp,,8,29,Default task
2021-06-22T16:57:31.057+09:00,User,KeyEvent,48:96:0,helloworld,Editor,C:/Users/User/CLionProjects/helloworld/main.cpp,,8,29,Default task
2021-06-22T16:57:31.186+09:00,User,KeyEvent,32:32:0,helloworld,Editor,C:/Users/User/CLionProjects/helloworld/main.cpp,,8,29,Default task
2021-06-22T16:57:31.338+09:00,User,KeyEvent,50:98:0,helloworld,Editor,C:/Users/User/CLionProjects/helloworld/main.cpp,,8,29,Default task
2021-06-22T16:57:31.443+09:00,User,KeyEvent,48:96:0,helloworld,Editor,C:/Users/User/CLionProjects/helloworld/main.cpp,,8,29,Default task
2021-06-22T16:57:31.593+09:00,User,KeyEvent,32:32:0,helloworld,Editor,C:/Users/User/CLionProjects/helloworld/main.cpp,,8,29,Default task
2021-06-22T16:57:31.690+09:00,User,KeyEvent,51:99:0,helloworld,Editor,C:/Users/User/CLionProjects/helloworld/main.cpp,,8,29,Default task
2021-06-22T16:57:31.762+09:00,User,KeyEvent,48:96:0,helloworld,Editor,C:/Users/User/CLionProjects/helloworld/main.cpp,,8,29,Default task
2021-06-22T16:57:32.053+09:00,User,KeyEvent,10:10:0,helloworld,Editor,C:/Users/User/CLionProjects/helloworld/main.cpp,,8,29,Default task
2021-06-22T16:57:34.442+09:00,User,KeyEvent,65535:17:2,helloworld,Editor,C:/Users/User/CLionProjects/helloworld/main.cpp,,9,0,Default task
2021-06-22T16:57:34.769+09:00,User,Action,SaveAll,helloworld,Editor,C:/Users/User/CLionProjects/helloworld/main.cpp,,9,0,Default task
2021-06-22T16:57:34.770+09:00,User,KeyEvent,19:83:2,helloworld,Editor,C:/Users/User/CLionProjects/helloworld/main.cpp,,9,0,Default task
2021-06-22T16:57:49.049+09:00,User,Action,Run,helloworld,Editor,C:/Users/User/CLionProjects/helloworld/main.cpp,,12,13,Default task
2021-06-22T16:57:52.713+09:00,User,KeyEvent,49:97:0,helloworld,Editor,C:/Users/User/CLionProjects/helloworld/main.cpp,,12,13,Default task
2021-06-22T16:57:52.867+09:00,User,KeyEvent,32:32:0,helloworld,Editor,C:/Users/User/CLionProjects/helloworld/main.cpp,,12,13,Default task
2021-06-22T16:57:52.995+09:00,User,KeyEvent,50:98:0,helloworld,Editor,C:/Users/User/CLionProjects/helloworld/main.cpp,,12,13,Default task
2021-06-22T16:57:53.146+09:00,User,KeyEvent,32:32:0,helloworld,Editor,C:/Users/User/CLionProjects/helloworld/main.cpp,,12,13,Default task
2021-06-22T16:57:53.235+09:00,User,KeyEvent,51:99:0,helloworld,Editor,C:/Users/User/CLionProjects/helloworld/main.cpp,,12,13,Default task
2021-06-22T16:57:53.677+09:00,User,KeyEvent,10:10:0,helloworld,Editor,C:/Users/User/CLionProjects/helloworld/main.cpp,,12,13,Default task
2021-06-22T17:00:41.988+09:00,User,Action,CPP.CreateCMakeProject,helloworld,Editor,C:/Users/User/CLionProjects/helloworld/main.cpp,,14,1,Default task
2021-06-22T17:00:44.812+09:00,User,KeyEvent,65535:16:1,helloworld,Editor,C:/Users/User/CLionProjects/helloworld/main.cpp,,14,1,Default task
2021-06-22T17:00:44.957+09:00,User,KeyEvent,65535:37:1,helloworld,Editor,C:/Users/User/CLionProjects/helloworld/main.cpp,,14,1,Default task
2021-06-22T17:00:45.092+09:00,User,KeyEvent,65535:37:1,helloworld,Editor,C:/Users/User/CLionProjects/helloworld/main.cpp,,14,1,Default task
2021-06-22T17:00:45.228+09:00,User,KeyEvent,65535:37:1,helloworld,Editor,C:/Users/User/CLionProjects/helloworld/main.cpp,,14,1,Default task
2021-06-22T17:00:45.380+09:00,User,KeyEvent,65535:37:1,helloworld,Editor,C:/Users/User/CLionProjects/helloworld/main.cpp,,14,1,Default task
2021-06-22T17:00:45.500+09:00,User,KeyEvent,65535:37:1,helloworld,Editor,C:/Users/User/CLionProjects/helloworld/main.cpp,,14,1,Default task
2021-06-22T17:00:45.684+09:00,User,KeyEvent,65535:37:1,helloworld,Editor,C:/Users/User/CLionProjects/helloworld/main.cpp,,14,1,Default task
2021-06-22T17:00:45.972+09:00,User,KeyEvent,65535:37:1,helloworld,Editor,C:/Users/User/CLionProjects/helloworld/main.cpp,,14,1,Default task
2021-06-22T17:00:46.131+09:00,User,KeyEvent,65535:37:1,helloworld,Editor,C:/Users/User/CLionProjects/helloworld/main.cpp,,14,1,Default task
2021-06-22T17:00:46.729+09:00,User,Action,EditorBackSpace,helloworld,Editor,C:/Users/User/CLionProjects/helloworld/main.cpp,,14,1,Default task
2021-06-22T17:00:46.737+09:00,User,KeyEvent,8:8:0,helloworld,Editor,C:/Users/User/CLionProjects/helloworld/main.cpp,,14,1,Default task
2021-06-22T17:00:47.122+09:00,User,KeyEvent,112:80:0,helloworld,Editor,C:/Users/User/CLionProjects/helloworld/main.cpp,,14,1,Default task
2021-06-22T17:00:47.546+09:00,User,KeyEvent,111:79:0,helloworld,Editor,C:/Users/User/CLionProjects/helloworld/main.cpp,,14,1,Default task
2021-06-22T17:00:47.810+09:00,User,KeyEvent,105:73:0,helloworld,Editor,C:/Users/User/CLionProjects/helloworld/main.cpp,,14,1,Default task
2021-06-22T17:00:47.969+09:00,User,KeyEvent,110:78:0,helloworld,Editor,C:/Users/User/CLionProjects/helloworld/main.cpp,,14,1,Default task
2021-06-22T17:00:48.289+09:00,User,KeyEvent,116:84:0,helloworld,Editor,C:/Users/User/CLionProjects/helloworld/main.cpp,,14,1,Default task
2021-06-22T17:00:48.467+09:00,User,KeyEvent,101:69:0,helloworld,Editor,C:/Users/User/CLionProjects/helloworld/main.cpp,,14,1,Default task
2021-06-22T17:00:48.609+09:00,User,KeyEvent,114:82:0,helloworld,Editor,C:/Users/User/CLionProjects/helloworld/main.cpp,,14,1,Default task
2021-06-22T17:00:53.819+09:00,User,KeyEvent,10:10:0,pointer,Editor,C:/Users/User/CLionProjects/pointer/main.cpp,,0,0,Default task
2021-06-22T17:01:27.905+09:00,User,KeyEvent,65535:16:1,pointer,Editor,C:/Users/User/CLionProjects/pointer/main.cpp,,3,46,Default task
2021-06-22T17:01:28.121+09:00,User,Action,EditorUpWithSelection,pointer,Editor,C:/Users/User/CLionProjects/pointer/main.cpp,,3,46,Default task
2021-06-22T17:01:28.122+09:00,User,KeyEvent,65535:38:1,pointer,Editor,C:/Users/User/CLionProjects/pointer/main.cpp,,2,12,Default task
2021-06-22T17:01:28.411+09:00,User,Action,EditorRightWithSelection,pointer,Editor,C:/Users/User/CLionProjects/pointer/main.cpp,,2,12,Default task
2021-06-22T17:01:28.413+09:00,User,KeyEvent,65535:39:1,pointer,Editor,C:/Users/User/CLionProjects/pointer/main.cpp,,3,0,Default task
2021-06-22T17:01:29.113+09:00,User,Action,EditorDelete,pointer,Editor,C:/Users/User/CLionProjects/pointer/main.cpp,,3,0,Default task
2021-06-22T17:01:29.124+09:00,User,KeyEvent,127:127:0,pointer,Editor,C:/Users/User/CLionProjects/pointer/main.cpp,,3,0,Default task
2021-06-22T17:01:29.649+09:00,User,Action,EditorBackSpace,pointer,Editor,C:/Users/User/CLionProjects/pointer/main.cpp,,3,0,Default task
2021-06-22T17:01:29.651+09:00,User,KeyEvent,8:8:0,pointer,Editor,C:/Users/User/CLionProjects/pointer/main.cpp,,2,12,Default task
2021-06-22T17:01:30.009+09:00,User,Action,EditorEnter,pointer,Editor,C:/Users/User/CLionProjects/pointer/main.cpp,,2,12,Default task
2021-06-22T17:01:30.025+09:00,User,KeyEvent,10:10:0,pointer,Editor,C:/Users/User/CLionProjects/pointer/main.cpp,,3,4,Default task
2021-06-22T17:01:30.386+09:00,User,KeyEvent,105:73:0,pointer,Editor,C:/Users/User/CLionProjects/pointer/main.cpp,,3,4,Default task
2021-06-22T17:01:30.528+09:00,User,KeyEvent,110:78:0,pointer,Editor,C:/Users/User/CLionProjects/pointer/main.cpp,,3,5,Default task
2021-06-22T17:01:30.568+09:00,User,KeyEvent,116:84:0,pointer,Editor,C:/Users/User/CLionProjects/pointer/main.cpp,,3,6,Default task
2021-06-22T17:01:30.714+09:00,User,KeyEvent,32:32:0,pointer,Editor,C:/Users/User/CLionProjects/pointer/main.cpp,,3,7,Default task
2021-06-22T17:01:30.809+09:00,User,KeyEvent,110:78:0,pointer,Editor,C:/Users/User/CLionProjects/pointer/main.cpp,,3,8,Default task
2021-06-22T17:01:30.897+09:00,User,KeyEvent,117:85:0,pointer,Editor,C:/Users/User/CLionProjects/pointer/main.cpp,,3,9,Default task
2021-06-22T17:01:31.064+09:00,User,KeyEvent,109:77:0,pointer,Editor,C:/Users/User/CLionProjects/pointer/main.cpp,,3,10,Default task
2021-06-22T17:01:31.224+09:00,User,KeyEvent,49:49:0,pointer,Editor,C:/Users/User/CLionProjects/pointer/main.cpp,,3,11,Default task
2021-06-22T17:01:31.418+09:00,User,KeyEvent,44:44:0,pointer,Editor,C:/Users/User/CLionProjects/pointer/main.cpp,,3,12,Default task
2021-06-22T17:01:31.546+09:00,User,KeyEvent,32:32:0,pointer,Editor,C:/Users/User/CLionProjects/pointer/main.cpp,,3,13,Default task
2021-06-22T17:01:31.698+09:00,User,KeyEvent,110:78:0,pointer,Editor,C:/Users/User/CLionProjects/pointer/main.cpp,,3,14,Default task
2021-06-22T17:01:31.793+09:00,User,KeyEvent,117:85:0,pointer,Editor,C:/Users/User/CLionProjects/pointer/main.cpp,,3,15,Default task
2021-06-22T17:01:31.961+09:00,User,KeyEvent,109:77:0,pointer,Editor,C:/Users/User/CLionProjects/pointer/main.cpp,,3,16,Default task
2021-06-22T17:01:32.080+09:00,User,KeyEvent,50:50:0,pointer,Editor,C:/Users/User/CLionProjects/pointer/main.cpp,,3,17,Default task
2021-06-22T17:01:32.225+09:00,User,KeyEvent,44:44:0,pointer,Editor,C:/Users/User/CLionProjects/pointer/main.cpp,,3,18,Default task
2021-06-22T17:01:32.354+09:00,User,KeyEvent,32:32:0,pointer,Editor,C:/Users/User/CLionProjects/pointer/main.cpp,,3,19,Default task
2021-06-22T17:01:32.610+09:00,User,KeyEvent,110:78:0,pointer,Editor,C:/Users/User/CLionProjects/pointer/main.cpp,,3,20,Default task
2021-06-22T17:01:32.673+09:00,User,KeyEvent,117:85:0,pointer,Editor,C:/Users/User/CLionProjects/pointer/main.cpp,,3,21,Default task
2021-06-22T17:01:32.849+09:00,User,KeyEvent,109:77:0,pointer,Editor,C:/Users/User/CLionProjects/pointer/main.cpp,,3,22,Default task
2021-06-22T17:01:33.025+09:00,User,KeyEvent,51:51:0,pointer,Editor,C:/Users/User/CLionProjects/pointer/main.cpp,,3,23,Default task
2021-06-22T17:01:33.472+09:00,User,KeyEvent,44:44:0,pointer,Editor,C:/Users/User/CLionProjects/pointer/main.cpp,,3,24,Default task
2021-06-22T17:01:33.593+09:00,User,KeyEvent,32:32:0,pointer,Editor,C:/Users/User/CLionProjects/pointer/main.cpp,,3,25,Default task
2021-06-22T17:01:33.737+09:00,User,KeyEvent,115:83:0,pointer,Editor,C:/Users/User/CLionProjects/pointer/main.cpp,,3,26,Default task
2021-06-22T17:01:33.808+09:00,User,KeyEvent,117:85:0,pointer,Editor,C:/Users/User/CLionProjects/pointer/main.cpp,,3,27,Default task
2021-06-22T17:01:34.037+09:00,User,KeyEvent,109:77:0,pointer,Editor,C:/Users/User/CLionProjects/pointer/main.cpp,,3,28,Default task
2021-06-22T17:01:34.208+09:00,User,KeyEvent,59:59:0,pointer,Editor,C:/Users/User/CLionProjects/pointer/main.cpp,,3,29,Default task
2021-06-22T17:01:34.483+09:00,User,Action,EditorEnter,pointer,Editor,C:/Users/User/CLionProjects/pointer/main.cpp,,3,30,Default task
2021-06-22T17:01:34.487+09:00,User,KeyEvent,10:10:0,pointer,Editor,C:/Users/User/CLionProjects/pointer/main.cpp,,4,4,Default task
2021-06-22T17:01:35.258+09:00,User,Action,EditorEnter,pointer,Editor,C:/Users/User/CLionProjects/pointer/main.cpp,,4,4,Default task
2021-06-22T17:01:35.261+09:00,User,KeyEvent,10:10:0,pointer,Editor,C:/Users/User/CLionProjects/pointer/main.cpp,,5,4,Default task
2021-06-22T17:01:35.994+09:00,User,KeyEvent,99:67:0,pointer,Editor,C:/Users/User/CLionProjects/pointer/main.cpp,,5,4,Default task
2021-06-22T17:01:36.115+09:00,User,KeyEvent,105:73:0,pointer,Editor,C:/Users/User/CLionProjects/pointer/main.cpp,,5,5,Default task
2021-06-22T17:01:36.185+09:00,User,KeyEvent,110:78:0,pointer,Editor,C:/Users/User/CLionProjects/pointer/main.cpp,,5,6,Default task
2021-06-22T17:01:36.298+09:00,User,KeyEvent,32:32:0,pointer,Editor,C:/Users/User/CLionProjects/pointer/main.cpp,,5,7,Default task
2021-06-22T17:01:36.457+09:00,User,KeyEvent,65535:16:1,pointer,Editor,C:/Users/User/CLionProjects/pointer/main.cpp,,5,8,Default task
2021-06-22T17:01:36.562+09:00,User,KeyEvent,62:46:1,pointer,Editor,C:/Users/User/CLionProjects/pointer/main.cpp,,5,8,Default task
2021-06-22T17:01:36.682+09:00,User,KeyEvent,62:46:1,pointer,Editor,C:/Users/User/CLionProjects/pointer/main.cpp,,5,9,Default task
2021-06-22T17:01:36.954+09:00,User,KeyEvent,32:32:0,pointer,Editor,C:/Users/User/CLionProjects/pointer/main.cpp,,5,10,Default task
2021-06-22T17:01:39.666+09:00,User,Action,EditorUp,pointer,Editor,C:/Users/User/CLionProjects/pointer/main.cpp,,5,11,Default task
2021-06-22T17:01:39.666+09:00,User,KeyEvent,65535:38:0,pointer,Editor,C:/Users/User/CLionProjects/pointer/main.cpp,,4,4,Default task
2021-06-22T17:01:39.812+09:00,User,Action,EditorUp,pointer,Editor,C:/Users/User/CLionProjects/pointer/main.cpp,,4,4,Default task
2021-06-22T17:01:39.814+09:00,User,KeyEvent,65535:38:0,pointer,Editor,C:/Users/User/CLionProjects/pointer/main.cpp,,3,11,Default task
2021-06-22T17:01:39.946+09:00,User,Action,EditorUp,pointer,Editor,C:/Users/User/CLionProjects/pointer/main.cpp,,3,11,Default task
2021-06-22T17:01:39.948+09:00,User,KeyEvent,65535:38:0,pointer,Editor,C:/Users/User/CLionProjects/pointer/main.cpp,,2,11,Default task
2021-06-22T17:01:40.099+09:00,User,Action,EditorUp,pointer,Editor,C:/Users/User/CLionProjects/pointer/main.cpp,,2,11,Default task
2021-06-22T17:01:40.101+09:00,User,KeyEvent,65535:38:0,pointer,Editor,C:/Users/User/CLionProjects/pointer/main.cpp,,1,0,Default task
2021-06-22T17:01:40.369+09:00,User,Action,EditorUp,pointer,Editor,C:/Users/User/CLionProjects/pointer/main.cpp,,1,0,Default task
2021-06-22T17:01:40.370+09:00,User,KeyEvent,65535:38:0,pointer,Editor,C:/Users/User/CLionProjects/pointer/main.cpp,,0,11,Default task
2021-06-22T17:01:40.785+09:00,User,Action,EditorDown,pointer,Editor,C:/Users/User/CLionProjects/pointer/main.cpp,,0,11,Default task
2021-06-22T17:01:40.786+09:00,User,KeyEvent,65535:40:0,pointer,Editor,C:/Users/User/CLionProjects/pointer/main.cpp,,1,0,Default task
2021-06-22T17:01:41.066+09:00,User,Action,EditorEnter,pointer,Editor,C:/Users/User/CLionProjects/pointer/main.cpp,,1,0,Default task
2021-06-22T17:01:41.074+09:00,User,KeyEvent,10:10:0,pointer,Editor,C:/Users/User/CLionProjects/pointer/main.cpp,,2,0,Default task
2021-06-22T17:01:41.305+09:00,User,Action,EditorUp,pointer,Editor,C:/Users/User/CLionProjects/pointer/main.cpp,,2,0,Default task
2021-06-22T17:01:41.306+09:00,User,KeyEvent,65535:38:0,pointer,Editor,C:/Users/User/CLionProjects/pointer/main.cpp,,1,0,Default task
2021-06-22T17:01:57.122+09:00,User,KeyEvent,117:85:0,pointer,Editor,C:/Users/User/CLionProjects/pointer/main.cpp,,1,0,Default task
2021-06-22T17:01:57.244+09:00,User,KeyEvent,115:83:0,pointer,Editor,C:/Users/User/CLionProjects/pointer/main.cpp,,1,1,Default task
2021-06-22T17:01:57.369+09:00,User,KeyEvent,105:73:0,pointer,Editor,C:/Users/User/CLionProjects/pointer/main.cpp,,1,2,Default task
2021-06-22T17:01:57.473+09:00,User,KeyEvent,110:78:0,pointer,Editor,C:/Users/User/CLionProjects/pointer/main.cpp,,1,3,Default task
2021-06-22T17:01:57.561+09:00,User,KeyEvent,103:71:0,pointer,Editor,C:/Users/User/CLionProjects/pointer/main.cpp,,1,4,Default task
2021-06-22T17:01:57.697+09:00,User,KeyEvent,32:32:0,pointer,Editor,C:/Users/User/CLionProjects/pointer/main.cpp,,1,5,Default task
2021-06-22T17:01:57.832+09:00,User,KeyEvent,110:78:0,pointer,Editor,C:/Users/User/CLionProjects/pointer/main.cpp,,1,6,Default task
2021-06-22T17:01:57.929+09:00,User,KeyEvent,97:65:0,pointer,Editor,C:/Users/User/CLionProjects/pointer/main.cpp,,1,7,Default task
2021-06-22T17:01:58.073+09:00,User,KeyEvent,109:77:0,pointer,Editor,C:/Users/User/CLionProjects/pointer/main.cpp,,1,8,Default task
2021-06-22T17:01:58.337+09:00,User,KeyEvent,101:69:0,pointer,Editor,C:/Users/User/CLionProjects/pointer/main.cpp,,1,9,Default task
2021-06-22T17:01:58.576+09:00,User,KeyEvent,115:83:0,pointer,Editor,C:/Users/User/CLionProjects/pointer/main.cpp,,1,10,Default task
2021-06-22T17:01:58.697+09:00,User,KeyEvent,112:80:0,pointer,Editor,C:/Users/User/CLionProjects/pointer/main.cpp,,1,11,Default task
2021-06-22T17:01:58.841+09:00,User,KeyEvent,97:65:0,pointer,Editor,C:/Users/User/CLionProjects/pointer/main.cpp,,1,12,Default task
2021-06-22T17:01:59.000+09:00,User,KeyEvent,99:67:0,pointer,Editor,C:/Users/User/CLionProjects/pointer/main.cpp,,1,13,Default task
2021-06-22T17:01:59.185+09:00,User,KeyEvent,101:69:0,pointer,Editor,C:/Users/User/CLionProjects/pointer/main.cpp,,1,14,Default task
2021-06-22T17:01:59.385+09:00,User,KeyEvent,32:32:0,pointer,Editor,C:/Users/User/CLionProjects/pointer/main.cpp,,1,15,Default task
2021-06-22T17:01:59.570+09:00,User,KeyEvent,115:83:0,pointer,Editor,C:/Users/User/CLionProjects/pointer/main.cpp,,1,16,Default task
2021-06-22T17:01:59.721+09:00,User,KeyEvent,116:84:0,pointer,Editor,C:/Users/User/CLionProjects/pointer/main.cpp,,1,17,Default task
2021-06-22T17:01:59.865+09:00,User,KeyEvent,100:68:0,pointer,Editor,C:/Users/User/CLionProjects/pointer/main.cpp,,1,18,Default task
2021-06-22T17:02:00.105+09:00,User,KeyEvent,59:59:0,pointer,Editor,C:/Users/User/CLionProjects/pointer/main.cpp,,1,19,Default task
2021-06-22T17:02:01.009+09:00,User,Action,EditorDown,pointer,Editor,C:/Users/User/CLionProjects/pointer/main.cpp,,1,20,Default task
2021-06-22T17:02:01.011+09:00,User,KeyEvent,65535:40:0,pointer,Editor,C:/Users/User/CLionProjects/pointer/main.cpp,,2,0,Default task
2021-06-22T17:02:01.161+09:00,User,Action,EditorDown,pointer,Editor,C:/Users/User/CLionProjects/pointer/main.cpp,,2,0,Default task
2021-06-22T17:02:01.162+09:00,User,KeyEvent,65535:40:0,pointer,Editor,C:/Users/User/CLionProjects/pointer/main.cpp,,3,12,Default task
2021-06-22T17:02:01.346+09:00,User,Action,EditorDown,pointer,Editor,C:/Users/User/CLionProjects/pointer/main.cpp,,3,12,Default task
2021-06-22T17:02:01.348+09:00,User,KeyEvent,65535:40:0,pointer,Editor,C:/Users/User/CLionProjects/pointer/main.cpp,,4,20,Default task
2021-06-22T17:02:01.434+09:00,User,Action,EditorDown,pointer,Editor,C:/Users/User/CLionProjects/pointer/main.cpp,,4,20,Default task
2021-06-22T17:02:01.434+09:00,User,KeyEvent,65535:40:0,pointer,Editor,C:/Users/User/CLionProjects/pointer/main.cpp,,5,0,Default task
2021-06-22T17:02:03.323+09:00,User,Action,EditorDown,pointer,Editor,C:/Users/User/CLionProjects/pointer/main.cpp,,5,0,Default task
2021-06-22T17:02:03.325+09:00,User,KeyEvent,65535:40:0,pointer,Editor,C:/Users/User/CLionProjects/pointer/main.cpp,,6,10,Default task
2021-06-22T17:02:04.276+09:00,User,KeyEvent,32:32:0,pointer,Editor,C:/Users/User/CLionProjects/pointer/main.cpp,,6,10,Default task
2021-06-22T17:02:05.201+09:00,User,KeyEvent,110:78:0,pointer,Editor,C:/Users/User/CLionProjects/pointer/main.cpp,,6,11,Default task
2021-06-22T17:02:05.296+09:00,User,KeyEvent,117:85:0,pointer,Editor,C:/Users/User/CLionProjects/pointer/main.cpp,,6,12,Default task
2021-06-22T17:02:05.481+09:00,User,KeyEvent,109:77:0,pointer,Editor,C:/Users/User/CLionProjects/pointer/main.cpp,,6,13,Default task
2021-06-22T17:02:05.664+09:00,User,KeyEvent,49:49:0,pointer,Editor,C:/Users/User/CLionProjects/pointer/main.cpp,,6,14,Default task
2021-06-22T17:02:05.856+09:00,User,KeyEvent,32:32:0,pointer,Editor,C:/Users/User/CLionProjects/pointer/main.cpp,,6,15,Default task
2021-06-22T17:02:06.033+09:00,User,KeyEvent,65535:16:1,pointer,Editor,C:/Users/User/CLionProjects/pointer/main.cpp,,6,16,Default task
2021-06-22T17:02:06.248+09:00,User,KeyEvent,62:46:1,pointer,Editor,C:/Users/User/CLionProjects/pointer/main.cpp,,6,16,Default task
2021-06-22T17:02:06.384+09:00,User,KeyEvent,62:46:1,pointer,Editor,C:/Users/User/CLionProjects/pointer/main.cpp,,6,17,Default task
2021-06-22T17:02:06.634+09:00,User,KeyEvent,32:32:0,pointer,Editor,C:/Users/User/CLionProjects/pointer/main.cpp,,6,18,Default task
2021-06-22T17:02:06.913+09:00,User,KeyEvent,110:78:0,pointer,Editor,C:/Users/User/CLionProjects/pointer/main.cpp,,6,19,Default task
2021-06-22T17:02:06.985+09:00,User,KeyEvent,117:85:0,pointer,Editor,C:/Users/User/CLionProjects/pointer/main.cpp,,6,20,Default task
2021-06-22T17:02:07.160+09:00,User,KeyEvent,109:77:0,pointer,Editor,C:/Users/User/CLionProjects/pointer/main.cpp,,6,21,Default task
2021-06-22T17:02:07.305+09:00,User,KeyEvent,50:50:0,pointer,Editor,C:/Users/User/CLionProjects/pointer/main.cpp,,6,22,Default task
2021-06-22T17:02:07.529+09:00,User,KeyEvent,32:32:0,pointer,Editor,C:/Users/User/CLionProjects/pointer/main.cpp,,6,23,Default task
2021-06-22T17:02:07.674+09:00,User,KeyEvent,65535:16:1,pointer,Editor,C:/Users/User/CLionProjects/pointer/main.cpp,,6,24,Default task
2021-06-22T17:02:07.722+09:00,User,KeyEvent,62:46:1,pointer,Editor,C:/Users/User/CLionProjects/pointer/main.cpp,,6,24,Default task
2021-06-22T17:02:07.833+09:00,User,KeyEvent,62:46:1,pointer,Editor,C:/Users/User/CLionProjects/pointer/main.cpp,,6,25,Default task
2021-06-22T17:02:08.090+09:00,User,KeyEvent,32:32:0,pointer,Editor,C:/Users/User/CLionProjects/pointer/main.cpp,,6,26,Default task
2021-06-22T17:02:08.265+09:00,User,KeyEvent,110:78:0,pointer,Editor,C:/Users/User/CLionProjects/pointer/main.cpp,,6,27,Default task
2021-06-22T17:02:08.374+09:00,User,KeyEvent,117:85:0,pointer,Editor,C:/Users/User/CLionProjects/pointer/main.cpp,,6,28,Default task
2021-06-22T17:02:08.537+09:00,User,KeyEvent,109:77:0,pointer,Editor,C:/Users/User/CLionProjects/pointer/main.cpp,,6,29,Default task
2021-06-22T17:02:08.744+09:00,User,KeyEvent,51:51:0,pointer,Editor,C:/Users/User/CLionProjects/pointer/main.cpp,,6,30,Default task
2021-06-22T17:02:09.618+09:00,User,KeyEvent,59:59:0,pointer,Editor,C:/Users/User/CLionProjects/pointer/main.cpp,,6,31,Default task
2021-06-22T17:02:10.346+09:00,User,Action,EditorEnter,pointer,Editor,C:/Users/User/CLionProjects/pointer/main.cpp,,6,32,Default task
2021-06-22T17:02:10.349+09:00,User,KeyEvent,10:10:0,pointer,Editor,C:/Users/User/CLionProjects/pointer/main.cpp,,7,4,Default task
2021-06-22T17:02:10.497+09:00,User,Action,EditorEnter,pointer,Editor,C:/Users/User/CLionProjects/pointer/main.cpp,,7,4,Default task
2021-06-22T17:02:10.500+09:00,User,KeyEvent,10:10:0,pointer,Editor,C:/Users/User/CLionProjects/pointer/main.cpp,,8,4,Default task
2021-06-22T17:02:10.777+09:00,User,KeyEvent,115:83:0,pointer,Editor,C:/Users/User/CLionProjects/pointer/main.cpp,,8,4,Default task
2021-06-22T17:02:10.842+09:00,User,KeyEvent,117:85:0,pointer,Editor,C:/Users/User/CLionProjects/pointer/main.cpp,,8,5,Default task
2021-06-22T17:02:10.989+09:00,User,KeyEvent,109:77:0,pointer,Editor,C:/Users/User/CLionProjects/pointer/main.cpp,,8,6,Default task
2021-06-22T17:02:11.130+09:00,User,KeyEvent,32:32:0,pointer,Editor,C:/Users/User/CLionProjects/pointer/main.cpp,,8,7,Default task
2021-06-22T17:02:12.627+09:00,User,KeyEvent,61:61:0,pointer,Editor,C:/Users/User/CLionProjects/pointer/main.cpp,,8,8,Default task
2021-06-22T17:02:12.779+09:00,User,KeyEvent,32:32:0,pointer,Editor,C:/Users/User/CLionProjects/pointer/main.cpp,,8,9,Default task
2021-06-22T17:02:13.905+09:00,User,KeyEvent,110:78:0,pointer,Editor,C:/Users/User/CLionProjects/pointer/main.cpp,,8,10,Default task
2021-06-22T17:02:13.962+09:00,User,KeyEvent,117:85:0,pointer,Editor,C:/Users/User/CLionProjects/pointer/main.cpp,,8,11,Default task
2021-06-22T17:02:14.128+09:00,User,KeyEvent,109:77:0,pointer,Editor,C:/Users/User/CLionProjects/pointer/main.cpp,,8,12,Default task
2021-06-22T17:02:14.265+09:00,User,KeyEvent,49:49:0,pointer,Editor,C:/Users/User/CLionProjects/pointer/main.cpp,,8,13,Default task
2021-06-22T17:02:14.529+09:00,User,KeyEvent,65535:16:1,pointer,Editor,C:/Users/User/CLionProjects/pointer/main.cpp,,8,14,Default task
2021-06-22T17:02:14.729+09:00,User,KeyEvent,32:32:0,pointer,Editor,C:/Users/User/CLionProjects/pointer/main.cpp,,8,14,Default task
2021-06-22T17:02:14.955+09:00,User,KeyEvent,65535:16:1,pointer,Editor,C:/Users/User/CLionProjects/pointer/main.cpp,,8,15,Default task
2021-06-22T17:02:15.026+09:00,User,KeyEvent,43:61:1,pointer,Editor,C:/Users/User/CLionProjects/pointer/main.cpp,,8,15,Default task
2021-06-22T17:02:15.241+09:00,User,KeyEvent,32:32:0,pointer,Editor,C:/Users/User/CLionProjects/pointer/main.cpp,,8,16,Default task
2021-06-22T17:02:15.506+09:00,User,KeyEvent,110:78:0,pointer,Editor,C:/Users/User/CLionProjects/pointer/main.cpp,,8,17,Default task
2021-06-22T17:02:15.578+09:00,User,KeyEvent,117:85:0,pointer,Editor,C:/Users/User/CLionProjects/pointer/main.cpp,,8,18,Default task
2021-06-22T17:02:15.761+09:00,User,KeyEvent,109:77:0,pointer,Editor,C:/Users/User/CLionProjects/pointer/main.cpp,,8,19,Default task
2021-06-22T17:02:15.888+09:00,User,KeyEvent,50:50:0,pointer,Editor,C:/Users/User/CLionProjects/pointer/main.cpp,,8,20,Default task
2021-06-22T17:02:15.985+09:00,User,KeyEvent,32:32:0,pointer,Editor,C:/Users/User/CLionProjects/pointer/main.cpp,,8,21,Default task
2021-06-22T17:02:16.497+09:00,User,KeyEvent,65535:16:1,pointer,Editor,C:/Users/User/CLionProjects/pointer/main.cpp,,8,22,Default task
2021-06-22T17:02:16.634+09:00,User,KeyEvent,43:61:1,pointer,Editor,C:/Users/User/CLionProjects/pointer/main.cpp,,8,22,Default task
2021-06-22T17:02:16.841+09:00,User,KeyEvent,32:32:0,pointer,Editor,C:/Users/User/CLionProjects/pointer/main.cpp,,8,23,Default task
2021-06-22T17:02:16.965+09:00,User,KeyEvent,110:78:0,pointer,Editor,C:/Users/User/CLionProjects/pointer/main.cpp,,8,24,Default task
2021-06-22T17:02:17.035+09:00,User,KeyEvent,117:85:0,pointer,Editor,C:/Users/User/CLionProjects/pointer/main.cpp,,8,25,Default task
2021-06-22T17:02:17.217+09:00,User,KeyEvent,109:77:0,pointer,Editor,C:/Users/User/CLionProjects/pointer/main.cpp,,8,26,Default task
2021-06-22T17:02:17.353+09:00,User,KeyEvent,51:51:0,pointer,Editor,C:/Users/User/CLionProjects/pointer/main.cpp,,8,27,Default task
2021-06-22T17:02:17.681+09:00,User,KeyEvent,59:59:0,pointer,Editor,C:/Users/User/CLionProjects/pointer/main.cpp,,8,28,Default task
2021-06-22T17:02:18.386+09:00,User,Action,EditorEnter,pointer,Editor,C:/Users/User/CLionProjects/pointer/main.cpp,,8,29,Default task
2021-06-22T17:02:18.388+09:00,User,KeyEvent,10:10:0,pointer,Editor,C:/Users/User/CLionProjects/pointer/main.cpp,,9,4,Default task
2021-06-22T17:02:18.578+09:00,User,Action,EditorEnter,pointer,Editor,C:/Users/User/CLionProjects/pointer/main.cpp,,9,4,Default task
2021-06-22T17:02:18.583+09:00,User,KeyEvent,10:10:0,pointer,Editor,C:/Users/User/CLionProjects/pointer/main.cpp,,10,4,Default task
2021-06-22T17:02:18.873+09:00,User,KeyEvent,99:67:0,pointer,Editor,C:/Users/User/CLionProjects/pointer/main.cpp,,10,4,Default task
2021-06-22T17:02:18.982+09:00,User,KeyEvent,111:79:0,pointer,Editor,C:/Users/User/CLionProjects/pointer/main.cpp,,10,5,Default task
2021-06-22T17:02:19.112+09:00,User,KeyEvent,117:85:0,pointer,Editor,C:/Users/User/CLionProjects/pointer/main.cpp,,10,6,Default task
2021-06-22T17:02:19.233+09:00,User,KeyEvent,116:84:0,pointer,Editor,C:/Users/User/CLionProjects/pointer/main.cpp,,10,7,Default task
2021-06-22T17:02:19.449+09:00,User,KeyEvent,32:32:0,pointer,Editor,C:/Users/User/CLionProjects/pointer/main.cpp,,10,8,Default task
2021-06-22T17:02:19.691+09:00,User,KeyEvent,65535:16:1,pointer,Editor,C:/Users/User/CLionProjects/pointer/main.cpp,,10,9,Default task
2021-06-22T17:02:19.771+09:00,User,KeyEvent,60:44:1,pointer,Editor,C:/Users/User/CLionProjects/pointer/main.cpp,,10,9,Default task
2021-06-22T17:02:19.913+09:00,User,KeyEvent,60:44:1,pointer,Editor,C:/Users/User/CLionProjects/pointer/main.cpp,,10,10,Default task
2021-06-22T17:02:20.273+09:00,User,Action,EditorBackSpace,pointer,Editor,C:/Users/User/CLionProjects/pointer/main.cpp,,10,11,Default task
2021-06-22T17:02:20.279+09:00,User,KeyEvent,8:8:0,pointer,Editor,C:/Users/User/CLionProjects/pointer/main.cpp,,10,10,Default task
2021-06-22T17:02:20.409+09:00,User,Action,EditorBackSpace,pointer,Editor,C:/Users/User/CLionProjects/pointer/main.cpp,,10,10,Default task
2021-06-22T17:02:20.411+09:00,User,KeyEvent,8:8:0,pointer,Editor,C:/Users/User/CLionProjects/pointer/main.cpp,,10,9,Default task
2021-06-22T17:02:20.545+09:00,User,Action,EditorBackSpace,pointer,Editor,C:/Users/User/CLionProjects/pointer/main.cpp,,10,9,Default task
2021-06-22T17:02:20.546+09:00,User,KeyEvent,8:8:0,pointer,Editor,C:/Users/User/CLionProjects/pointer/main.cpp,,10,8,Default task
2021-06-22T17:02:20.827+09:00,User,KeyEvent,65535:16:1,pointer,Editor,C:/Users/User/CLionProjects/pointer/main.cpp,,10,8,Default task
2021-06-22T17:02:20.944+09:00,User,KeyEvent,60:44:1,pointer,Editor,C:/Users/User/CLionProjects/pointer/main.cpp,,10,8,Default task
2021-06-22T17:02:21.162+09:00,User,KeyEvent,60:44:1,pointer,Editor,C:/Users/User/CLionProjects/pointer/main.cpp,,10,9,Default task
2021-06-22T17:02:22.465+09:00,User,KeyEvent,115:83:0,pointer,Editor,C:/Users/User/CLionProjects/pointer/main.cpp,,10,10,Default task
2021-06-22T17:02:22.529+09:00,User,KeyEvent,117:85:0,pointer,Editor,C:/Users/User/CLionProjects/pointer/main.cpp,,10,11,Default task
2021-06-22T17:02:22.720+09:00,User,KeyEvent,109:77:0,pointer,Editor,C:/Users/User/CLionProjects/pointer/main.cpp,,10,12,Default task
2021-06-22T17:02:23.152+09:00,User,KeyEvent,65535:16:1,pointer,Editor,C:/Users/User/CLionProjects/pointer/main.cpp,,10,13,Default task
2021-06-22T17:02:23.216+09:00,User,KeyEvent,60:44:1,pointer,Editor,C:/Users/User/CLionProjects/pointer/main.cpp,,10,13,Default task
2021-06-22T17:02:23.369+09:00,User,KeyEvent,60:44:1,pointer,Editor,C:/Users/User/CLionProjects/pointer/main.cpp,,10,14,Default task
2021-06-22T17:02:23.538+09:00,User,KeyEvent,101:69:0,pointer,Editor,C:/Users/User/CLionProjects/pointer/main.cpp,,10,15,Default task
2021-06-22T17:02:23.609+09:00,User,KeyEvent,110:78:0,pointer,Editor,C:/Users/User/CLionProjects/pointer/main.cpp,,10,16,Default task
2021-06-22T17:02:23.733+09:00,User,KeyEvent,100:68:0,pointer,Editor,C:/Users/User/CLionProjects/pointer/main.cpp,,10,17,Default task
2021-06-22T17:02:23.793+09:00,User,KeyEvent,108:76:0,pointer,Editor,C:/Users/User/CLionProjects/pointer/main.cpp,,10,18,Default task
2021-06-22T17:02:23.969+09:00,User,KeyEvent,59:59:0,pointer,Editor,C:/Users/User/CLionProjects/pointer/main.cpp,,10,19,Default task
2021-06-22T17:02:24.225+09:00,User,Action,EditorEnter,pointer,Editor,C:/Users/User/CLionProjects/pointer/main.cpp,,10,20,Default task
2021-06-22T17:02:24.230+09:00,User,KeyEvent,10:10:0,pointer,Editor,C:/Users/User/CLionProjects/pointer/main.cpp,,11,4,Default task
2021-06-22T17:02:25.345+09:00,User,KeyEvent,65535:17:2,pointer,Editor,C:/Users/User/CLionProjects/pointer/main.cpp,,11,4,Default task
2021-06-22T17:02:25.548+09:00,User,Action,SaveAll,pointer,Editor,C:/Users/User/CLionProjects/pointer/main.cpp,,11,4,Default task
2021-06-22T17:02:25.560+09:00,User,KeyEvent,19:83:2,pointer,Editor,C:/Users/User/CLionProjects/pointer/main.cpp,,11,4,Default task
2021-06-22T17:02:26.929+09:00,User,Action,Run,pointer,Editor,C:/Users/User/CLionProjects/pointer/main.cpp,,11,4,Default task
2021-06-22T17:02:36.330+09:00,User,KeyEvent,49:97:0,pointer,Editor,C:/Users/User/CLionProjects/pointer/main.cpp,,11,4,Default task
2021-06-22T17:02:36.539+09:00,User,KeyEvent,32:32:0,pointer,Editor,C:/Users/User/CLionProjects/pointer/main.cpp,,11,4,Default task
2021-06-22T17:02:36.746+09:00,User,KeyEvent,50:98:0,pointer,Editor,C:/Users/User/CLionProjects/pointer/main.cpp,,11,4,Default task
2021-06-22T17:02:36.890+09:00,User,KeyEvent,32:32:0,pointer,Editor,C:/Users/User/CLionProjects/pointer/main.cpp,,11,4,Default task
2021-06-22T17:02:37.066+09:00,User,KeyEvent,51:99:0,pointer,Editor,C:/Users/User/CLionProjects/pointer/main.cpp,,11,4,Default task
2021-06-22T17:02:37.474+09:00,User,KeyEvent,10:10:0,pointer,Editor,C:/Users/User/CLionProjects/pointer/main.cpp,,11,4,Default task
2021-06-22T17:03:54.661+09:00,User,Action,Roll Tracking Log,,,,,-1,-1,
