2021-06-24T15:42:56.239+09:00,User,Action,Clear Tracking Log,,,,,-1,-1,
2021-06-24T15:43:06.609+09:00,User,Action,EditorUp,hello,Editor,C:/Users/User/CLionProjects/hello/main.cpp,,5,1,Default task
2021-06-24T15:43:06.610+09:00,User,KeyEvent,65535:38:0,hello,Editor,C:/Users/User/CLionProjects/hello/main.cpp,,4,1,Default task
2021-06-24T15:43:06.784+09:00,User,Action,EditorUp,hello,Editor,C:/Users/User/CLionProjects/hello/main.cpp,,4,1,Default task
2021-06-24T15:43:06.785+09:00,User,KeyEvent,65535:38:0,hello,Editor,C:/Users/User/CLionProjects/hello/main.cpp,,3,0,Default task
2021-06-24T15:43:07.050+09:00,User,Action,EditorUp,hello,Editor,C:/Users/User/CLionProjects/hello/main.cpp,,3,0,Default task
2021-06-24T15:43:07.052+09:00,User,KeyEvent,65535:38:0,hello,Editor,C:/Users/User/CLionProjects/hello/main.cpp,,2,1,Default task
2021-06-24T15:43:07.433+09:00,User,Action,EditorUp,hello,Editor,C:/Users/User/CLionProjects/hello/main.cpp,,2,1,Default task
2021-06-24T15:43:07.434+09:00,User,KeyEvent,65535:38:0,hello,Editor,C:/Users/User/CLionProjects/hello/main.cpp,,1,0,Default task
2021-06-24T15:43:07.793+09:00,User,KeyEvent,65535:16:1,hello,Editor,C:/Users/User/CLionProjects/hello/main.cpp,,1,0,Default task
2021-06-24T15:43:07.905+09:00,User,KeyEvent,35:51:1,hello,Editor,C:/Users/User/CLionProjects/hello/main.cpp,,1,0,Default task
2021-06-24T15:43:08.120+09:00,User,KeyEvent,105:73:0,hello,Editor,C:/Users/User/CLionProjects/hello/main.cpp,,1,1,Default task
2021-06-24T15:43:08.256+09:00,User,KeyEvent,110:78:0,hello,Editor,C:/Users/User/CLionProjects/hello/main.cpp,,1,2,Default task
2021-06-24T15:43:08.440+09:00,User,KeyEvent,99:67:0,hello,Editor,C:/Users/User/CLionProjects/hello/main.cpp,,1,3,Default task
2021-06-24T15:43:08.674+09:00,User,KeyEvent,108:76:0,hello,Editor,C:/Users/User/CLionProjects/hello/main.cpp,,1,4,Default task
2021-06-24T15:43:08.849+09:00,User,KeyEvent,117:85:0,hello,Editor,C:/Users/User/CLionProjects/hello/main.cpp,,1,5,Default task
2021-06-24T15:43:08.977+09:00,User,KeyEvent,100:68:0,hello,Editor,C:/Users/User/CLionProjects/hello/main.cpp,,1,6,Default task
2021-06-24T15:43:09.145+09:00,User,KeyEvent,101:69:0,hello,Editor,C:/Users/User/CLionProjects/hello/main.cpp,,1,7,Default task
2021-06-24T15:43:09.449+09:00,User,KeyEvent,65535:16:1,hello,Editor,C:/Users/User/CLionProjects/hello/main.cpp,,1,8,Default task
2021-06-24T15:43:09.482+09:00,User,KeyEvent,60:44:1,hello,Editor,C:/Users/User/CLionProjects/hello/main.cpp,,1,8,Default task
2021-06-24T15:43:09.897+09:00,User,Action,EditorBackSpace,hello,Editor,C:/Users/User/CLionProjects/hello/main.cpp,,1,9,Default task
2021-06-24T15:43:09.910+09:00,User,KeyEvent,8:8:0,hello,Editor,C:/Users/User/CLionProjects/hello/main.cpp,,1,8,Default task
2021-06-24T15:43:10.064+09:00,User,KeyEvent,32:32:0,hello,Editor,C:/Users/User/CLionProjects/hello/main.cpp,,1,8,Default task
2021-06-24T15:43:10.176+09:00,User,KeyEvent,65535:16:1,hello,Editor,C:/Users/User/CLionProjects/hello/main.cpp,,1,9,Default task
2021-06-24T15:43:10.232+09:00,User,KeyEvent,60:44:1,hello,Editor,C:/Users/User/CLionProjects/hello/main.cpp,,1,9,Default task
2021-06-24T15:43:10.609+09:00,User,KeyEvent,97:65:0,hello,Editor,C:/Users/User/CLionProjects/hello/main.cpp,,1,10,Default task
2021-06-24T15:43:10.716+09:00,User,KeyEvent,108:76:0,hello,Editor,C:/Users/User/CLionProjects/hello/main.cpp,,1,11,Default task
2021-06-24T15:43:10.841+09:00,User,KeyEvent,103:71:0,hello,Editor,C:/Users/User/CLionProjects/hello/main.cpp,,1,12,Default task
2021-06-24T15:43:10.944+09:00,User,KeyEvent,111:79:0,hello,Editor,C:/Users/User/CLionProjects/hello/main.cpp,,1,13,Default task
2021-06-24T15:43:11.056+09:00,User,KeyEvent,114:82:0,hello,Editor,C:/Users/User/CLionProjects/hello/main.cpp,,1,14,Default task
2021-06-24T15:43:11.281+09:00,User,Action,EditorChooseLookupItem,hello,Editor,C:/Users/User/CLionProjects/hello/main.cpp,,1,15,Default task
2021-06-24T15:43:11.307+09:00,User,KeyEvent,10:10:0,hello,Editor,C:/Users/User/CLionProjects/hello/main.cpp,,1,20,Default task
2021-06-24T15:43:11.824+09:00,User,Action,EditorEnter,hello,Editor,C:/Users/User/CLionProjects/hello/main.cpp,,1,20,Default task
2021-06-24T15:43:11.842+09:00,User,KeyEvent,10:10:0,hello,Editor,C:/Users/User/CLionProjects/hello/main.cpp,,2,0,Default task
2021-06-24T15:43:12.112+09:00,User,KeyEvent,65535:16:1,hello,Editor,C:/Users/User/CLionProjects/hello/main.cpp,,2,0,Default task
2021-06-24T15:43:12.226+09:00,User,KeyEvent,35:51:1,hello,Editor,C:/Users/User/CLionProjects/hello/main.cpp,,2,0,Default task
2021-06-24T15:43:12.417+09:00,User,KeyEvent,105:73:0,hello,Editor,C:/Users/User/CLionProjects/hello/main.cpp,,2,1,Default task
2021-06-24T15:43:12.545+09:00,User,KeyEvent,110:78:0,hello,Editor,C:/Users/User/CLionProjects/hello/main.cpp,,2,2,Default task
2021-06-24T15:43:12.705+09:00,User,KeyEvent,99:67:0,hello,Editor,C:/Users/User/CLionProjects/hello/main.cpp,,2,3,Default task
2021-06-24T15:43:12.840+09:00,User,KeyEvent,108:76:0,hello,Editor,C:/Users/User/CLionProjects/hello/main.cpp,,2,4,Default task
2021-06-24T15:43:13.048+09:00,User,KeyEvent,117:85:0,hello,Editor,C:/Users/User/CLionProjects/hello/main.cpp,,2,5,Default task
2021-06-24T15:43:13.192+09:00,User,KeyEvent,100:68:0,hello,Editor,C:/Users/User/CLionProjects/hello/main.cpp,,2,6,Default task
2021-06-24T15:43:13.321+09:00,User,KeyEvent,101:69:0,hello,Editor,C:/Users/User/CLionProjects/hello/main.cpp,,2,7,Default task
2021-06-24T15:43:13.489+09:00,User,KeyEvent,32:32:0,hello,Editor,C:/Users/User/CLionProjects/hello/main.cpp,,2,8,Default task
2021-06-24T15:43:13.833+09:00,User,KeyEvent,65535:16:1,hello,Editor,C:/Users/User/CLionProjects/hello/main.cpp,,2,9,Default task
2021-06-24T15:43:13.944+09:00,User,KeyEvent,60:44:1,hello,Editor,C:/Users/User/CLionProjects/hello/main.cpp,,2,9,Default task
2021-06-24T15:43:14.616+09:00,User,KeyEvent,118:86:0,hello,Editor,C:/Users/User/CLionProjects/hello/main.cpp,,2,10,Default task
2021-06-24T15:43:14.752+09:00,User,KeyEvent,101:69:0,hello,Editor,C:/Users/User/CLionProjects/hello/main.cpp,,2,11,Default task
2021-06-24T15:43:14.928+09:00,User,KeyEvent,99:67:0,hello,Editor,C:/Users/User/CLionProjects/hello/main.cpp,,2,12,Default task
2021-06-24T15:43:15.193+09:00,User,Action,EditorChooseLookupItem,hello,Editor,C:/Users/User/CLionProjects/hello/main.cpp,,2,13,Default task
2021-06-24T15:43:15.207+09:00,User,KeyEvent,10:10:0,hello,Editor,C:/Users/User/CLionProjects/hello/main.cpp,,2,17,Default task
2021-06-24T15:43:15.928+09:00,User,Action,EditorEnter,hello,Editor,C:/Users/User/CLionProjects/hello/main.cpp,,2,17,Default task
2021-06-24T15:43:16.038+09:00,User,KeyEvent,10:10:0,hello,Editor,C:/Users/User/CLionProjects/hello/main.cpp,,3,0,Default task
2021-06-24T15:43:16.504+09:00,User,Action,EditorDown,hello,Editor,C:/Users/User/CLionProjects/hello/main.cpp,,3,0,Default task
2021-06-24T15:43:16.506+09:00,User,KeyEvent,65535:40:0,hello,Editor,C:/Users/User/CLionProjects/hello/main.cpp,,4,0,Default task
2021-06-24T15:43:16.616+09:00,User,Action,EditorDown,hello,Editor,C:/Users/User/CLionProjects/hello/main.cpp,,4,0,Default task
2021-06-24T15:43:16.616+09:00,User,KeyEvent,65535:40:0,hello,Editor,C:/Users/User/CLionProjects/hello/main.cpp,,5,0,Default task
2021-06-24T15:43:16.760+09:00,User,Action,EditorDown,hello,Editor,C:/Users/User/CLionProjects/hello/main.cpp,,5,0,Default task
2021-06-24T15:43:16.761+09:00,User,KeyEvent,65535:40:0,hello,Editor,C:/Users/User/CLionProjects/hello/main.cpp,,6,0,Default task
2021-06-24T15:43:16.880+09:00,User,Action,EditorDown,hello,Editor,C:/Users/User/CLionProjects/hello/main.cpp,,6,0,Default task
2021-06-24T15:43:16.881+09:00,User,KeyEvent,65535:40:0,hello,Editor,C:/Users/User/CLionProjects/hello/main.cpp,,7,0,Default task
2021-06-24T15:43:17.392+09:00,User,Action,EditorRight,hello,Editor,C:/Users/User/CLionProjects/hello/main.cpp,,7,0,Default task
2021-06-24T15:43:17.393+09:00,User,KeyEvent,65535:39:0,hello,Editor,C:/Users/User/CLionProjects/hello/main.cpp,,7,1,Default task
2021-06-24T15:43:17.992+09:00,User,Action,EditorEnter,hello,Editor,C:/Users/User/CLionProjects/hello/main.cpp,,7,1,Default task
2021-06-24T15:43:17.995+09:00,User,KeyEvent,10:10:0,hello,Editor,C:/Users/User/CLionProjects/hello/main.cpp,,8,4,Default task
2021-06-24T15:43:18.472+09:00,User,KeyEvent,118:86:0,hello,Editor,C:/Users/User/CLionProjects/hello/main.cpp,,8,4,Default task
2021-06-24T15:43:18.603+09:00,User,KeyEvent,101:69:0,hello,Editor,C:/Users/User/CLionProjects/hello/main.cpp,,8,5,Default task
2021-06-24T15:43:18.800+09:00,User,KeyEvent,99:67:0,hello,Editor,C:/Users/User/CLionProjects/hello/main.cpp,,8,6,Default task
2021-06-24T15:43:19.208+09:00,User,KeyEvent,116:84:0,hello,Editor,C:/Users/User/CLionProjects/hello/main.cpp,,8,7,Default task
2021-06-24T15:43:19.304+09:00,User,KeyEvent,111:79:0,hello,Editor,C:/Users/User/CLionProjects/hello/main.cpp,,8,8,Default task
2021-06-24T15:43:19.392+09:00,User,KeyEvent,114:82:0,hello,Editor,C:/Users/User/CLionProjects/hello/main.cpp,,8,9,Default task
2021-06-24T15:43:19.529+09:00,User,KeyEvent,32:32:0,hello,Editor,C:/Users/User/CLionProjects/hello/main.cpp,,8,10,Default task
2021-06-24T15:43:19.832+09:00,User,KeyEvent,65535:16:1,hello,Editor,C:/Users/User/CLionProjects/hello/main.cpp,,8,11,Default task
2021-06-24T15:43:19.876+09:00,User,KeyEvent,60:44:1,hello,Editor,C:/Users/User/CLionProjects/hello/main.cpp,,8,11,Default task
2021-06-24T15:43:20.096+09:00,User,KeyEvent,105:73:0,hello,Editor,C:/Users/User/CLionProjects/hello/main.cpp,,8,12,Default task
2021-06-24T15:43:20.216+09:00,User,KeyEvent,110:78:0,hello,Editor,C:/Users/User/CLionProjects/hello/main.cpp,,8,13,Default task
2021-06-24T15:43:20.304+09:00,User,KeyEvent,116:84:0,hello,Editor,C:/Users/User/CLionProjects/hello/main.cpp,,8,14,Default task
2021-06-24T15:43:20.424+09:00,User,KeyEvent,32:32:0,hello,Editor,C:/Users/User/CLionProjects/hello/main.cpp,,8,15,Default task
2021-06-24T15:43:20.760+09:00,User,Action,EditorBackSpace,hello,Editor,C:/Users/User/CLionProjects/hello/main.cpp,,8,16,Default task
2021-06-24T15:43:20.776+09:00,User,KeyEvent,8:8:0,hello,Editor,C:/Users/User/CLionProjects/hello/main.cpp,,8,15,Default task
2021-06-24T15:43:20.985+09:00,User,KeyEvent,65535:16:1,hello,Editor,C:/Users/User/CLionProjects/hello/main.cpp,,8,15,Default task
2021-06-24T15:43:21.034+09:00,User,KeyEvent,62:46:1,hello,Editor,C:/Users/User/CLionProjects/hello/main.cpp,,8,15,Default task
2021-06-24T15:43:21.145+09:00,User,KeyEvent,32:32:0,hello,Editor,C:/Users/User/CLionProjects/hello/main.cpp,,8,16,Default task
2021-06-24T15:43:23.393+09:00,User,KeyEvent,110:78:0,hello,Editor,C:/Users/User/CLionProjects/hello/main.cpp,,8,17,Default task
2021-06-24T15:43:23.441+09:00,User,KeyEvent,117:85:0,hello,Editor,C:/Users/User/CLionProjects/hello/main.cpp,,8,18,Default task
2021-06-24T15:43:23.600+09:00,User,KeyEvent,109:77:0,hello,Editor,C:/Users/User/CLionProjects/hello/main.cpp,,8,19,Default task
2021-06-24T15:43:24.146+09:00,User,KeyEvent,59:59:0,hello,Editor,C:/Users/User/CLionProjects/hello/main.cpp,,8,20,Default task
2021-06-24T15:43:24.297+09:00,User,Action,EditorEnter,hello,Editor,C:/Users/User/CLionProjects/hello/main.cpp,,8,21,Default task
2021-06-24T15:43:24.300+09:00,User,KeyEvent,10:10:0,hello,Editor,C:/Users/User/CLionProjects/hello/main.cpp,,9,4,Default task
2021-06-24T15:43:26.056+09:00,User,KeyEvent,105:73:0,hello,Editor,C:/Users/User/CLionProjects/hello/main.cpp,,9,4,Default task
2021-06-24T15:43:26.121+09:00,User,KeyEvent,110:78:0,hello,Editor,C:/Users/User/CLionProjects/hello/main.cpp,,9,5,Default task
2021-06-24T15:43:26.336+09:00,User,KeyEvent,116:84:0,hello,Editor,C:/Users/User/CLionProjects/hello/main.cpp,,9,6,Default task
2021-06-24T15:43:26.594+09:00,User,KeyEvent,32:32:0,hello,Editor,C:/Users/User/CLionProjects/hello/main.cpp,,9,7,Default task
2021-06-24T15:43:26.688+09:00,User,KeyEvent,65535:20:0,hello,Editor,C:/Users/User/CLionProjects/hello/main.cpp,,9,8,Default task
2021-06-24T15:43:26.984+09:00,User,KeyEvent,83:83:0,hello,Editor,C:/Users/User/CLionProjects/hello/main.cpp,,9,8,Default task
2021-06-24T15:43:27.089+09:00,User,KeyEvent,73:73:0,hello,Editor,C:/Users/User/CLionProjects/hello/main.cpp,,9,9,Default task
2021-06-24T15:43:27.136+09:00,User,KeyEvent,90:90:0,hello,Editor,C:/Users/User/CLionProjects/hello/main.cpp,,9,10,Default task
2021-06-24T15:43:27.216+09:00,User,KeyEvent,69:69:0,hello,Editor,C:/Users/User/CLionProjects/hello/main.cpp,,9,11,Default task
2021-06-24T15:43:27.505+09:00,User,KeyEvent,44:44:0,hello,Editor,C:/Users/User/CLionProjects/hello/main.cpp,,9,12,Default task
2021-06-24T15:43:27.609+09:00,User,KeyEvent,32:32:0,hello,Editor,C:/Users/User/CLionProjects/hello/main.cpp,,9,13,Default task
2021-06-24T15:43:27.780+09:00,User,KeyEvent,65535:20:0,hello,Editor,C:/Users/User/CLionProjects/hello/main.cpp,,9,14,Default task
2021-06-24T15:43:28.233+09:00,User,KeyEvent,105:73:0,hello,Editor,C:/Users/User/CLionProjects/hello/main.cpp,,9,14,Default task
2021-06-24T15:43:28.304+09:00,User,KeyEvent,110:78:0,hello,Editor,C:/Users/User/CLionProjects/hello/main.cpp,,9,15,Default task
2021-06-24T15:43:28.424+09:00,User,KeyEvent,112:80:0,hello,Editor,C:/Users/User/CLionProjects/hello/main.cpp,,9,16,Default task
2021-06-24T15:43:28.560+09:00,User,KeyEvent,117:85:0,hello,Editor,C:/Users/User/CLionProjects/hello/main.cpp,,9,17,Default task
2021-06-24T15:43:28.664+09:00,User,KeyEvent,116:84:0,hello,Editor,C:/Users/User/CLionProjects/hello/main.cpp,,9,18,Default task
2021-06-24T15:43:28.864+09:00,User,KeyEvent,59:59:0,hello,Editor,C:/Users/User/CLionProjects/hello/main.cpp,,9,19,Default task
2021-06-24T15:43:29.008+09:00,User,Action,EditorEnter,hello,Editor,C:/Users/User/CLionProjects/hello/main.cpp,,9,20,Default task
2021-06-24T15:43:29.010+09:00,User,KeyEvent,10:10:0,hello,Editor,C:/Users/User/CLionProjects/hello/main.cpp,,10,4,Default task
2021-06-24T15:43:29.577+09:00,User,Action,EditorEnter,hello,Editor,C:/Users/User/CLionProjects/hello/main.cpp,,10,4,Default task
2021-06-24T15:43:29.579+09:00,User,KeyEvent,10:10:0,hello,Editor,C:/Users/User/CLionProjects/hello/main.cpp,,11,4,Default task
2021-06-24T15:43:30.040+09:00,User,KeyEvent,99:67:0,hello,Editor,C:/Users/User/CLionProjects/hello/main.cpp,,11,4,Default task
2021-06-24T15:43:30.104+09:00,User,KeyEvent,105:73:0,hello,Editor,C:/Users/User/CLionProjects/hello/main.cpp,,11,5,Default task
2021-06-24T15:43:30.256+09:00,User,KeyEvent,110:78:0,hello,Editor,C:/Users/User/CLionProjects/hello/main.cpp,,11,6,Default task
2021-06-24T15:43:30.658+09:00,User,KeyEvent,32:32:0,hello,Editor,C:/Users/User/CLionProjects/hello/main.cpp,,11,7,Default task
2021-06-24T15:43:30.811+09:00,User,KeyEvent,65535:16:1,hello,Editor,C:/Users/User/CLionProjects/hello/main.cpp,,11,8,Default task
2021-06-24T15:43:30.888+09:00,User,KeyEvent,62:46:1,hello,Editor,C:/Users/User/CLionProjects/hello/main.cpp,,11,8,Default task
2021-06-24T15:43:31.016+09:00,User,KeyEvent,62:46:1,hello,Editor,C:/Users/User/CLionProjects/hello/main.cpp,,11,9,Default task
2021-06-24T15:43:31.186+09:00,User,KeyEvent,65535:20:0,hello,Editor,C:/Users/User/CLionProjects/hello/main.cpp,,11,10,Default task
2021-06-24T15:43:31.416+09:00,User,KeyEvent,32:32:0,hello,Editor,C:/Users/User/CLionProjects/hello/main.cpp,,11,10,Default task
2021-06-24T15:43:31.537+09:00,User,KeyEvent,83:83:0,hello,Editor,C:/Users/User/CLionProjects/hello/main.cpp,,11,11,Default task
2021-06-24T15:43:31.698+09:00,User,KeyEvent,73:73:0,hello,Editor,C:/Users/User/CLionProjects/hello/main.cpp,,11,12,Default task
2021-06-24T15:43:31.784+09:00,User,KeyEvent,90:90:0,hello,Editor,C:/Users/User/CLionProjects/hello/main.cpp,,11,13,Default task
2021-06-24T15:43:31.840+09:00,User,KeyEvent,69:69:0,hello,Editor,C:/Users/User/CLionProjects/hello/main.cpp,,11,14,Default task
2021-06-24T15:43:32.048+09:00,User,KeyEvent,59:59:0,hello,Editor,C:/Users/User/CLionProjects/hello/main.cpp,,11,15,Default task
2021-06-24T15:43:32.201+09:00,User,Action,EditorEnter,hello,Editor,C:/Users/User/CLionProjects/hello/main.cpp,,11,16,Default task
2021-06-24T15:43:32.203+09:00,User,KeyEvent,10:10:0,hello,Editor,C:/Users/User/CLionProjects/hello/main.cpp,,12,4,Default task
2021-06-24T15:43:32.816+09:00,User,Action,EditorEnter,hello,Editor,C:/Users/User/CLionProjects/hello/main.cpp,,12,4,Default task
2021-06-24T15:43:32.818+09:00,User,KeyEvent,10:10:0,hello,Editor,C:/Users/User/CLionProjects/hello/main.cpp,,13,4,Default task
2021-06-24T15:43:33.513+09:00,User,KeyEvent,65535:20:0,hello,Editor,C:/Users/User/CLionProjects/hello/main.cpp,,13,4,Default task
2021-06-24T15:43:33.745+09:00,User,KeyEvent,102:70:0,hello,Editor,C:/Users/User/CLionProjects/hello/main.cpp,,13,4,Default task
2021-06-24T15:43:33.881+09:00,User,KeyEvent,111:79:0,hello,Editor,C:/Users/User/CLionProjects/hello/main.cpp,,13,5,Default task
2021-06-24T15:43:33.952+09:00,User,KeyEvent,114:82:0,hello,Editor,C:/Users/User/CLionProjects/hello/main.cpp,,13,6,Default task
2021-06-24T15:43:34.193+09:00,User,KeyEvent,65535:16:1,hello,Editor,C:/Users/User/CLionProjects/hello/main.cpp,,13,7,Default task
2021-06-24T15:43:34.275+09:00,User,KeyEvent,40:57:1,hello,Editor,C:/Users/User/CLionProjects/hello/main.cpp,,13,7,Default task
2021-06-24T15:43:35.034+09:00,User,KeyEvent,105:73:0,hello,Editor,C:/Users/User/CLionProjects/hello/main.cpp,,13,8,Default task
2021-06-24T15:43:35.104+09:00,User,KeyEvent,110:78:0,hello,Editor,C:/Users/User/CLionProjects/hello/main.cpp,,13,9,Default task
2021-06-24T15:43:35.202+09:00,User,KeyEvent,116:84:0,hello,Editor,C:/Users/User/CLionProjects/hello/main.cpp,,13,10,Default task
2021-06-24T15:43:35.353+09:00,User,KeyEvent,32:32:0,hello,Editor,C:/Users/User/CLionProjects/hello/main.cpp,,13,11,Default task
2021-06-24T15:43:35.426+09:00,User,KeyEvent,105:73:0,hello,Editor,C:/Users/User/CLionProjects/hello/main.cpp,,13,12,Default task
2021-06-24T15:43:35.648+09:00,User,KeyEvent,61:61:0,hello,Editor,C:/Users/User/CLionProjects/hello/main.cpp,,13,13,Default task
2021-06-24T15:43:35.888+09:00,User,KeyEvent,48:48:0,hello,Editor,C:/Users/User/CLionProjects/hello/main.cpp,,13,14,Default task
2021-06-24T15:43:36.209+09:00,User,KeyEvent,59:59:0,hello,Editor,C:/Users/User/CLionProjects/hello/main.cpp,,13,15,Default task
2021-06-24T15:43:36.329+09:00,User,KeyEvent,32:32:0,hello,Editor,C:/Users/User/CLionProjects/hello/main.cpp,,13,16,Default task
2021-06-24T15:43:36.440+09:00,User,KeyEvent,105:73:0,hello,Editor,C:/Users/User/CLionProjects/hello/main.cpp,,13,17,Default task
2021-06-24T15:43:36.865+09:00,User,KeyEvent,65535:16:1,hello,Editor,C:/Users/User/CLionProjects/hello/main.cpp,,13,18,Default task
2021-06-24T15:43:36.937+09:00,User,KeyEvent,60:44:1,hello,Editor,C:/Users/User/CLionProjects/hello/main.cpp,,13,18,Default task
2021-06-24T15:43:37.305+09:00,User,KeyEvent,119:87:0,hello,Editor,C:/Users/User/CLionProjects/hello/main.cpp,,13,19,Default task
2021-06-24T15:43:37.314+09:00,User,KeyEvent,115:83:0,hello,Editor,C:/Users/User/CLionProjects/hello/main.cpp,,13,20,Default task
2021-06-24T15:43:37.673+09:00,User,Action,EditorBackSpace,hello,Editor,C:/Users/User/CLionProjects/hello/main.cpp,,13,21,Default task
2021-06-24T15:43:37.680+09:00,User,KeyEvent,8:8:0,hello,Editor,C:/Users/User/CLionProjects/hello/main.cpp,,13,20,Default task
2021-06-24T15:43:37.841+09:00,User,Action,EditorBackSpace,hello,Editor,C:/Users/User/CLionProjects/hello/main.cpp,,13,20,Default task
2021-06-24T15:43:37.849+09:00,User,KeyEvent,8:8:0,hello,Editor,C:/Users/User/CLionProjects/hello/main.cpp,,13,19,Default task
2021-06-24T15:43:38.059+09:00,User,KeyEvent,65535:20:0,hello,Editor,C:/Users/User/CLionProjects/hello/main.cpp,,13,19,Default task
2021-06-24T15:43:38.312+09:00,User,KeyEvent,83:83:0,hello,Editor,C:/Users/User/CLionProjects/hello/main.cpp,,13,19,Default task
2021-06-24T15:43:38.447+09:00,User,KeyEvent,73:73:0,hello,Editor,C:/Users/User/CLionProjects/hello/main.cpp,,13,20,Default task
2021-06-24T15:43:38.520+09:00,User,KeyEvent,90:90:0,hello,Editor,C:/Users/User/CLionProjects/hello/main.cpp,,13,21,Default task
2021-06-24T15:43:38.584+09:00,User,KeyEvent,69:69:0,hello,Editor,C:/Users/User/CLionProjects/hello/main.cpp,,13,22,Default task
2021-06-24T15:43:38.921+09:00,User,KeyEvent,59:59:0,hello,Editor,C:/Users/User/CLionProjects/hello/main.cpp,,13,23,Default task
2021-06-24T15:43:39.051+09:00,User,KeyEvent,32:32:0,hello,Editor,C:/Users/User/CLionProjects/hello/main.cpp,,13,24,Default task
2021-06-24T15:43:39.305+09:00,User,KeyEvent,65535:20:0,hello,Editor,C:/Users/User/CLionProjects/hello/main.cpp,,13,25,Default task
2021-06-24T15:43:39.440+09:00,User,KeyEvent,105:73:0,hello,Editor,C:/Users/User/CLionProjects/hello/main.cpp,,13,25,Default task
2021-06-24T15:43:39.745+09:00,User,KeyEvent,65535:16:1,hello,Editor,C:/Users/User/CLionProjects/hello/main.cpp,,13,26,Default task
2021-06-24T15:43:40.072+09:00,User,KeyEvent,43:61:1,hello,Editor,C:/Users/User/CLionProjects/hello/main.cpp,,13,26,Default task
2021-06-24T15:43:40.224+09:00,User,KeyEvent,43:61:1,hello,Editor,C:/Users/User/CLionProjects/hello/main.cpp,,13,27,Default task
2021-06-24T15:43:40.377+09:00,User,KeyEvent,41:48:1,hello,Editor,C:/Users/User/CLionProjects/hello/main.cpp,,13,28,Default task
2021-06-24T15:43:40.856+09:00,User,Action,EditorEnter,hello,Editor,C:/Users/User/CLionProjects/hello/main.cpp,,13,29,Default task
2021-06-24T15:43:40.865+09:00,User,KeyEvent,10:10:0,hello,Editor,C:/Users/User/CLionProjects/hello/main.cpp,,14,8,Default task
2021-06-24T15:43:41.113+09:00,User,KeyEvent,65535:16:1,hello,Editor,C:/Users/User/CLionProjects/hello/main.cpp,,14,8,Default task
2021-06-24T15:43:41.201+09:00,User,KeyEvent,123:91:1,hello,Editor,C:/Users/User/CLionProjects/hello/main.cpp,,14,8,Default task
2021-06-24T15:43:41.352+09:00,User,Action,EditorEnter,hello,Editor,C:/Users/User/CLionProjects/hello/main.cpp,,14,5,Default task
2021-06-24T15:43:41.356+09:00,User,KeyEvent,10:10:0,hello,Editor,C:/Users/User/CLionProjects/hello/main.cpp,,15,8,Default task
2021-06-24T15:43:44.168+09:00,User,KeyEvent,99:67:0,hello,Editor,C:/Users/User/CLionProjects/hello/main.cpp,,15,8,Default task
2021-06-24T15:43:44.264+09:00,User,KeyEvent,105:73:0,hello,Editor,C:/Users/User/CLionProjects/hello/main.cpp,,15,9,Default task
2021-06-24T15:43:44.336+09:00,User,KeyEvent,110:78:0,hello,Editor,C:/Users/User/CLionProjects/hello/main.cpp,,15,10,Default task
2021-06-24T15:43:44.921+09:00,User,KeyEvent,32:32:0,hello,Editor,C:/Users/User/CLionProjects/hello/main.cpp,,15,11,Default task
2021-06-24T15:43:45.043+09:00,User,KeyEvent,65535:16:1,hello,Editor,C:/Users/User/CLionProjects/hello/main.cpp,,15,12,Default task
2021-06-24T15:43:45.088+09:00,User,KeyEvent,62:46:1,hello,Editor,C:/Users/User/CLionProjects/hello/main.cpp,,15,12,Default task
2021-06-24T15:43:45.217+09:00,User,KeyEvent,62:46:1,hello,Editor,C:/Users/User/CLionProjects/hello/main.cpp,,15,13,Default task
2021-06-24T15:43:45.504+09:00,User,KeyEvent,105:73:0,hello,Editor,C:/Users/User/CLionProjects/hello/main.cpp,,15,14,Default task
2021-06-24T15:43:45.624+09:00,User,KeyEvent,110:78:0,hello,Editor,C:/Users/User/CLionProjects/hello/main.cpp,,15,15,Default task
2021-06-24T15:43:45.750+09:00,User,KeyEvent,112:80:0,hello,Editor,C:/Users/User/CLionProjects/hello/main.cpp,,15,16,Default task
2021-06-24T15:43:45.912+09:00,User,KeyEvent,117:85:0,hello,Editor,C:/Users/User/CLionProjects/hello/main.cpp,,15,17,Default task
2021-06-24T15:43:46.048+09:00,User,KeyEvent,116:84:0,hello,Editor,C:/Users/User/CLionProjects/hello/main.cpp,,15,18,Default task
2021-06-24T15:43:46.160+09:00,User,KeyEvent,59:59:0,hello,Editor,C:/Users/User/CLionProjects/hello/main.cpp,,15,19,Default task
2021-06-24T15:43:46.304+09:00,User,Action,EditorEnter,hello,Editor,C:/Users/User/CLionProjects/hello/main.cpp,,15,20,Default task
2021-06-24T15:43:46.306+09:00,User,KeyEvent,10:10:0,hello,Editor,C:/Users/User/CLionProjects/hello/main.cpp,,16,8,Default task
2021-06-24T15:43:48.745+09:00,User,KeyEvent,110:78:0,hello,Editor,C:/Users/User/CLionProjects/hello/main.cpp,,16,8,Default task
2021-06-24T15:43:48.819+09:00,User,KeyEvent,117:85:0,hello,Editor,C:/Users/User/CLionProjects/hello/main.cpp,,16,9,Default task
2021-06-24T15:43:48.988+09:00,User,KeyEvent,109:77:0,hello,Editor,C:/Users/User/CLionProjects/hello/main.cpp,,16,10,Default task
2021-06-24T15:43:49.208+09:00,User,KeyEvent,46:46:0,hello,Editor,C:/Users/User/CLionProjects/hello/main.cpp,,16,11,Default task
2021-06-24T15:43:49.432+09:00,User,KeyEvent,112:80:0,hello,Editor,C:/Users/User/CLionProjects/hello/main.cpp,,16,12,Default task
2021-06-24T15:43:49.584+09:00,User,KeyEvent,117:85:0,hello,Editor,C:/Users/User/CLionProjects/hello/main.cpp,,16,13,Default task
2021-06-24T15:43:49.904+09:00,User,Action,EditorChooseLookupItem,hello,Editor,C:/Users/User/CLionProjects/hello/main.cpp,,16,14,Default task
2021-06-24T15:43:49.917+09:00,User,KeyEvent,10:10:0,hello,Editor,C:/Users/User/CLionProjects/hello/main.cpp,,16,22,Default task
2021-06-24T15:43:52.489+09:00,User,KeyEvent,105:73:0,hello,Editor,C:/Users/User/CLionProjects/hello/main.cpp,,16,22,Default task
2021-06-24T15:43:52.576+09:00,User,KeyEvent,110:78:0,hello,Editor,C:/Users/User/CLionProjects/hello/main.cpp,,16,23,Default task
2021-06-24T15:43:52.711+09:00,User,KeyEvent,112:80:0,hello,Editor,C:/Users/User/CLionProjects/hello/main.cpp,,16,24,Default task
2021-06-24T15:43:52.824+09:00,User,KeyEvent,117:85:0,hello,Editor,C:/Users/User/CLionProjects/hello/main.cpp,,16,25,Default task
2021-06-24T15:43:53.000+09:00,User,KeyEvent,116:84:0,hello,Editor,C:/Users/User/CLionProjects/hello/main.cpp,,16,26,Default task
2021-06-24T15:43:53.216+09:00,User,KeyEvent,65535:16:1,hello,Editor,C:/Users/User/CLionProjects/hello/main.cpp,,16,27,Default task
2021-06-24T15:43:53.360+09:00,User,KeyEvent,41:48:1,hello,Editor,C:/Users/User/CLionProjects/hello/main.cpp,,16,27,Default task
2021-06-24T15:43:53.665+09:00,User,KeyEvent,59:59:0,hello,Editor,C:/Users/User/CLionProjects/hello/main.cpp,,16,28,Default task
2021-06-24T15:43:53.816+09:00,User,Action,EditorEnter,hello,Editor,C:/Users/User/CLionProjects/hello/main.cpp,,16,29,Default task
2021-06-24T15:43:53.820+09:00,User,KeyEvent,10:10:0,hello,Editor,C:/Users/User/CLionProjects/hello/main.cpp,,17,8,Default task
2021-06-24T15:43:54.280+09:00,User,Action,EditorBackSpace,hello,Editor,C:/Users/User/CLionProjects/hello/main.cpp,,17,8,Default task
2021-06-24T15:43:54.291+09:00,User,KeyEvent,8:8:0,hello,Editor,C:/Users/User/CLionProjects/hello/main.cpp,,16,29,Default task
2021-06-24T15:43:54.432+09:00,User,Action,EditorBackSpace,hello,Editor,C:/Users/User/CLionProjects/hello/main.cpp,,16,29,Default task
2021-06-24T15:43:54.433+09:00,User,KeyEvent,8:8:0,hello,Editor,C:/Users/User/CLionProjects/hello/main.cpp,,16,28,Default task
2021-06-24T15:43:55.345+09:00,User,Action,EditorDown,hello,Editor,C:/Users/User/CLionProjects/hello/main.cpp,,16,28,Default task
2021-06-24T15:43:55.345+09:00,User,KeyEvent,65535:40:0,hello,Editor,C:/Users/User/CLionProjects/hello/main.cpp,,17,5,Default task
2021-06-24T15:43:55.801+09:00,User,Action,EditorEnter,hello,Editor,C:/Users/User/CLionProjects/hello/main.cpp,,17,5,Default task
2021-06-24T15:43:55.805+09:00,User,KeyEvent,10:10:0,hello,Editor,C:/Users/User/CLionProjects/hello/main.cpp,,18,4,Default task
2021-06-24T15:43:58.300+09:00,User,Action,EditorLeft,hello,Editor,C:/Users/User/CLionProjects/hello/main.cpp,,18,4,Default task
2021-06-24T15:43:58.301+09:00,User,KeyEvent,65535:37:0,hello,Editor,C:/Users/User/CLionProjects/hello/main.cpp,,18,3,Default task
2021-06-24T15:43:58.362+09:00,User,Action,EditorUp,hello,Editor,C:/Users/User/CLionProjects/hello/main.cpp,,18,3,Default task
2021-06-24T15:43:58.363+09:00,User,KeyEvent,65535:38:0,hello,Editor,C:/Users/User/CLionProjects/hello/main.cpp,,17,3,Default task
2021-06-24T15:43:58.408+09:00,User,Action,EditorLeft,hello,Editor,C:/Users/User/CLionProjects/hello/main.cpp,,17,3,Default task
2021-06-24T15:43:58.410+09:00,User,KeyEvent,65535:37:0,hello,Editor,C:/Users/User/CLionProjects/hello/main.cpp,,17,2,Default task
2021-06-24T15:43:58.753+09:00,User,Action,EditorLeft,hello,Editor,C:/Users/User/CLionProjects/hello/main.cpp,,17,2,Default task
2021-06-24T15:43:58.754+09:00,User,KeyEvent,65535:37:0,hello,Editor,C:/Users/User/CLionProjects/hello/main.cpp,,17,1,Default task
2021-06-24T15:43:58.953+09:00,User,Action,EditorLeft,hello,Editor,C:/Users/User/CLionProjects/hello/main.cpp,,17,1,Default task
2021-06-24T15:43:58.955+09:00,User,KeyEvent,65535:37:0,hello,Editor,C:/Users/User/CLionProjects/hello/main.cpp,,17,0,Default task
2021-06-24T15:43:59.266+09:00,User,Action,EditorLeft,hello,Editor,C:/Users/User/CLionProjects/hello/main.cpp,,17,0,Default task
2021-06-24T15:43:59.267+09:00,User,KeyEvent,65535:37:0,hello,Editor,C:/Users/User/CLionProjects/hello/main.cpp,,16,28,Default task
2021-06-24T15:43:59.952+09:00,User,KeyEvent,59:59:0,hello,Editor,C:/Users/User/CLionProjects/hello/main.cpp,,16,28,Default task
2021-06-24T15:44:00.384+09:00,User,Action,EditorDown,hello,Editor,C:/Users/User/CLionProjects/hello/main.cpp,,16,29,Default task
2021-06-24T15:44:00.385+09:00,User,KeyEvent,65535:40:0,hello,Editor,C:/Users/User/CLionProjects/hello/main.cpp,,17,5,Default task
2021-06-24T15:44:00.809+09:00,User,Action,EditorEnter,hello,Editor,C:/Users/User/CLionProjects/hello/main.cpp,,17,5,Default task
2021-06-24T15:44:00.811+09:00,User,KeyEvent,10:10:0,hello,Editor,C:/Users/User/CLionProjects/hello/main.cpp,,18,4,Default task
2021-06-24T15:44:01.752+09:00,User,KeyEvent,115:83:0,hello,Editor,C:/Users/User/CLionProjects/hello/main.cpp,,18,4,Default task
2021-06-24T15:44:01.840+09:00,User,KeyEvent,111:79:0,hello,Editor,C:/Users/User/CLionProjects/hello/main.cpp,,18,5,Default task
2021-06-24T15:44:01.961+09:00,User,KeyEvent,114:82:0,hello,Editor,C:/Users/User/CLionProjects/hello/main.cpp,,18,6,Default task
2021-06-24T15:44:02.126+09:00,User,KeyEvent,116:84:0,hello,Editor,C:/Users/User/CLionProjects/hello/main.cpp,,18,7,Default task
2021-06-24T15:44:02.424+09:00,User,KeyEvent,65535:16:1,hello,Editor,C:/Users/User/CLionProjects/hello/main.cpp,,18,8,Default task
2021-06-24T15:44:02.544+09:00,User,KeyEvent,40:57:1,hello,Editor,C:/Users/User/CLionProjects/hello/main.cpp,,18,8,Default task
2021-06-24T15:44:03.585+09:00,User,KeyEvent,110:78:0,hello,Editor,C:/Users/User/CLionProjects/hello/main.cpp,,18,9,Default task
2021-06-24T15:44:03.640+09:00,User,KeyEvent,117:85:0,hello,Editor,C:/Users/User/CLionProjects/hello/main.cpp,,18,10,Default task
2021-06-24T15:44:03.784+09:00,User,KeyEvent,109:77:0,hello,Editor,C:/Users/User/CLionProjects/hello/main.cpp,,18,11,Default task
2021-06-24T15:44:04.209+09:00,User,KeyEvent,46:46:0,hello,Editor,C:/Users/User/CLionProjects/hello/main.cpp,,18,12,Default task
2021-06-24T15:44:04.913+09:00,User,KeyEvent,98:66:0,hello,Editor,C:/Users/User/CLionProjects/hello/main.cpp,,18,13,Default task
2021-06-24T15:44:05.104+09:00,User,KeyEvent,101:69:0,hello,Editor,C:/Users/User/CLionProjects/hello/main.cpp,,18,14,Default task
2021-06-24T15:44:05.400+09:00,User,Action,EditorChooseLookupItem,hello,Editor,C:/Users/User/CLionProjects/hello/main.cpp,,18,15,Default task
2021-06-24T15:44:05.419+09:00,User,KeyEvent,10:10:0,hello,Editor,C:/Users/User/CLionProjects/hello/main.cpp,,18,20,Default task
2021-06-24T15:44:05.880+09:00,User,KeyEvent,44:44:0,hello,Editor,C:/Users/User/CLionProjects/hello/main.cpp,,18,20,Default task
2021-06-24T15:44:05.977+09:00,User,KeyEvent,32:32:0,hello,Editor,C:/Users/User/CLionProjects/hello/main.cpp,,18,21,Default task
2021-06-24T15:44:06.298+09:00,User,KeyEvent,110:78:0,hello,Editor,C:/Users/User/CLionProjects/hello/main.cpp,,18,22,Default task
2021-06-24T15:44:06.496+09:00,User,KeyEvent,117:85:0,hello,Editor,C:/Users/User/CLionProjects/hello/main.cpp,,18,23,Default task
2021-06-24T15:44:06.511+09:00,User,KeyEvent,105:73:0,hello,Editor,C:/Users/User/CLionProjects/hello/main.cpp,,18,24,Default task
2021-06-24T15:44:06.992+09:00,User,Action,EditorBackSpace,hello,Editor,C:/Users/User/CLionProjects/hello/main.cpp,,18,25,Default task
2021-06-24T15:44:06.994+09:00,User,KeyEvent,8:8:0,hello,Editor,C:/Users/User/CLionProjects/hello/main.cpp,,18,24,Default task
2021-06-24T15:44:07.297+09:00,User,KeyEvent,109:77:0,hello,Editor,C:/Users/User/CLionProjects/hello/main.cpp,,18,24,Default task
2021-06-24T15:44:07.448+09:00,User,KeyEvent,46:46:0,hello,Editor,C:/Users/User/CLionProjects/hello/main.cpp,,18,25,Default task
2021-06-24T15:44:07.700+09:00,User,KeyEvent,101:69:0,hello,Editor,C:/Users/User/CLionProjects/hello/main.cpp,,18,26,Default task
2021-06-24T15:44:07.840+09:00,User,KeyEvent,110:78:0,hello,Editor,C:/Users/User/CLionProjects/hello/main.cpp,,18,27,Default task
2021-06-24T15:44:07.936+09:00,User,KeyEvent,100:68:0,hello,Editor,C:/Users/User/CLionProjects/hello/main.cpp,,18,28,Default task
2021-06-24T15:44:08.464+09:00,User,Action,EditorChooseLookupItem,hello,Editor,C:/Users/User/CLionProjects/hello/main.cpp,,18,29,Default task
2021-06-24T15:44:08.532+09:00,User,KeyEvent,10:10:0,hello,Editor,C:/Users/User/CLionProjects/hello/main.cpp,,18,31,Default task
2021-06-24T15:44:09.666+09:00,User,Action,EditorRight,hello,Editor,C:/Users/User/CLionProjects/hello/main.cpp,,18,31,Default task
2021-06-24T15:44:09.667+09:00,User,KeyEvent,65535:39:0,hello,Editor,C:/Users/User/CLionProjects/hello/main.cpp,,18,32,Default task
2021-06-24T15:44:20.857+09:00,User,Action,EditorEnter,hello,Editor,C:/Users/User/CLionProjects/hello/main.cpp,,18,32,Default task
2021-06-24T15:44:20.860+09:00,User,KeyEvent,10:10:0,hello,Editor,C:/Users/User/CLionProjects/hello/main.cpp,,19,4,Default task
2021-06-24T15:44:21.352+09:00,User,Action,EditorEnter,hello,Editor,C:/Users/User/CLionProjects/hello/main.cpp,,19,4,Default task
2021-06-24T15:44:21.365+09:00,User,KeyEvent,10:10:0,hello,Editor,C:/Users/User/CLionProjects/hello/main.cpp,,20,4,Default task
2021-06-24T15:44:21.552+09:00,User,KeyEvent,102:70:0,hello,Editor,C:/Users/User/CLionProjects/hello/main.cpp,,20,4,Default task
2021-06-24T15:44:21.657+09:00,User,KeyEvent,111:79:0,hello,Editor,C:/Users/User/CLionProjects/hello/main.cpp,,20,5,Default task
2021-06-24T15:44:21.767+09:00,User,KeyEvent,114:82:0,hello,Editor,C:/Users/User/CLionProjects/hello/main.cpp,,20,6,Default task
2021-06-24T15:44:22.153+09:00,User,KeyEvent,65535:16:1,hello,Editor,C:/Users/User/CLionProjects/hello/main.cpp,,20,7,Default task
2021-06-24T15:44:22.272+09:00,User,KeyEvent,40:57:1,hello,Editor,C:/Users/User/CLionProjects/hello/main.cpp,,20,7,Default task
2021-06-24T15:44:22.576+09:00,User,KeyEvent,105:73:0,hello,Editor,C:/Users/User/CLionProjects/hello/main.cpp,,20,8,Default task
2021-06-24T15:44:22.664+09:00,User,KeyEvent,110:78:0,hello,Editor,C:/Users/User/CLionProjects/hello/main.cpp,,20,9,Default task
2021-06-24T15:44:22.773+09:00,User,KeyEvent,116:84:0,hello,Editor,C:/Users/User/CLionProjects/hello/main.cpp,,20,10,Default task
2021-06-24T15:44:22.872+09:00,User,KeyEvent,32:32:0,hello,Editor,C:/Users/User/CLionProjects/hello/main.cpp,,20,11,Default task
2021-06-24T15:44:22.977+09:00,User,KeyEvent,105:73:0,hello,Editor,C:/Users/User/CLionProjects/hello/main.cpp,,20,12,Default task
2021-06-24T15:44:23.104+09:00,User,KeyEvent,32:32:0,hello,Editor,C:/Users/User/CLionProjects/hello/main.cpp,,20,13,Default task
2021-06-24T15:44:23.232+09:00,User,KeyEvent,61:61:0,hello,Editor,C:/Users/User/CLionProjects/hello/main.cpp,,20,14,Default task
2021-06-24T15:44:23.568+09:00,User,KeyEvent,48:48:0,hello,Editor,C:/Users/User/CLionProjects/hello/main.cpp,,20,15,Default task
2021-06-24T15:44:24.032+09:00,User,KeyEvent,59:59:0,hello,Editor,C:/Users/User/CLionProjects/hello/main.cpp,,20,16,Default task
2021-06-24T15:44:24.169+09:00,User,KeyEvent,32:32:0,hello,Editor,C:/Users/User/CLionProjects/hello/main.cpp,,20,17,Default task
2021-06-24T15:44:24.441+09:00,User,KeyEvent,105:73:0,hello,Editor,C:/Users/User/CLionProjects/hello/main.cpp,,20,18,Default task
2021-06-24T15:44:24.786+09:00,User,KeyEvent,65535:16:1,hello,Editor,C:/Users/User/CLionProjects/hello/main.cpp,,20,19,Default task
2021-06-24T15:44:24.840+09:00,User,KeyEvent,60:44:1,hello,Editor,C:/Users/User/CLionProjects/hello/main.cpp,,20,19,Default task
2021-06-24T15:44:24.986+09:00,User,KeyEvent,65535:20:0,hello,Editor,C:/Users/User/CLionProjects/hello/main.cpp,,20,20,Default task
2021-06-24T15:44:25.161+09:00,User,KeyEvent,83:83:0,hello,Editor,C:/Users/User/CLionProjects/hello/main.cpp,,20,20,Default task
2021-06-24T15:44:25.240+09:00,User,KeyEvent,73:73:0,hello,Editor,C:/Users/User/CLionProjects/hello/main.cpp,,20,21,Default task
2021-06-24T15:44:25.346+09:00,User,KeyEvent,90:90:0,hello,Editor,C:/Users/User/CLionProjects/hello/main.cpp,,20,22,Default task
2021-06-24T15:44:25.384+09:00,User,KeyEvent,69:69:0,hello,Editor,C:/Users/User/CLionProjects/hello/main.cpp,,20,23,Default task
2021-06-24T15:44:25.544+09:00,User,KeyEvent,59:59:0,hello,Editor,C:/Users/User/CLionProjects/hello/main.cpp,,20,24,Default task
2021-06-24T15:44:25.650+09:00,User,KeyEvent,32:32:0,hello,Editor,C:/Users/User/CLionProjects/hello/main.cpp,,20,25,Default task
2021-06-24T15:44:25.793+09:00,User,KeyEvent,65535:20:0,hello,Editor,C:/Users/User/CLionProjects/hello/main.cpp,,20,26,Default task
2021-06-24T15:44:25.929+09:00,User,KeyEvent,105:73:0,hello,Editor,C:/Users/User/CLionProjects/hello/main.cpp,,20,26,Default task
2021-06-24T15:44:26.200+09:00,User,KeyEvent,65535:16:1,hello,Editor,C:/Users/User/CLionProjects/hello/main.cpp,,20,27,Default task
2021-06-24T15:44:26.201+09:00,User,KeyEvent,43:61:1,hello,Editor,C:/Users/User/CLionProjects/hello/main.cpp,,20,27,Default task
2021-06-24T15:44:26.378+09:00,User,KeyEvent,43:61:1,hello,Editor,C:/Users/User/CLionProjects/hello/main.cpp,,20,28,Default task
2021-06-24T15:44:26.609+09:00,User,KeyEvent,41:48:1,hello,Editor,C:/Users/User/CLionProjects/hello/main.cpp,,20,29,Default task
2021-06-24T15:44:26.952+09:00,User,Action,EditorEnter,hello,Editor,C:/Users/User/CLionProjects/hello/main.cpp,,20,30,Default task
2021-06-24T15:44:26.972+09:00,User,KeyEvent,10:10:0,hello,Editor,C:/Users/User/CLionProjects/hello/main.cpp,,21,8,Default task
2021-06-24T15:44:27.152+09:00,User,KeyEvent,65535:16:1,hello,Editor,C:/Users/User/CLionProjects/hello/main.cpp,,21,8,Default task
2021-06-24T15:44:27.308+09:00,User,KeyEvent,123:91:1,hello,Editor,C:/Users/User/CLionProjects/hello/main.cpp,,21,8,Default task
2021-06-24T15:44:27.440+09:00,User,Action,EditorEnter,hello,Editor,C:/Users/User/CLionProjects/hello/main.cpp,,21,5,Default task
2021-06-24T15:44:27.444+09:00,User,KeyEvent,10:10:0,hello,Editor,C:/Users/User/CLionProjects/hello/main.cpp,,22,8,Default task
2021-06-24T15:44:29.113+09:00,User,KeyEvent,99:67:0,hello,Editor,C:/Users/User/CLionProjects/hello/main.cpp,,22,8,Default task
2021-06-24T15:44:29.200+09:00,User,KeyEvent,111:79:0,hello,Editor,C:/Users/User/CLionProjects/hello/main.cpp,,22,9,Default task
2021-06-24T15:44:29.360+09:00,User,KeyEvent,117:85:0,hello,Editor,C:/Users/User/CLionProjects/hello/main.cpp,,22,10,Default task
2021-06-24T15:44:29.560+09:00,User,KeyEvent,116:84:0,hello,Editor,C:/Users/User/CLionProjects/hello/main.cpp,,22,11,Default task
2021-06-24T15:44:31.050+09:00,User,Action,EditorUp,hello,Editor,C:/Users/User/CLionProjects/hello/main.cpp,,22,12,Default task
2021-06-24T15:44:31.056+09:00,User,KeyEvent,65535:38:0,hello,Editor,C:/Users/User/CLionProjects/hello/main.cpp,,22,12,Default task
2021-06-24T15:44:31.232+09:00,User,Action,EditorUp,hello,Editor,C:/Users/User/CLionProjects/hello/main.cpp,,22,12,Default task
2021-06-24T15:44:31.235+09:00,User,KeyEvent,65535:38:0,hello,Editor,C:/Users/User/CLionProjects/hello/main.cpp,,22,12,Default task
2021-06-24T15:44:31.378+09:00,User,Action,EditorEscape,hello,Editor,C:/Users/User/CLionProjects/hello/main.cpp,,22,12,Default task
2021-06-24T15:44:31.385+09:00,User,KeyEvent,27:27:0,hello,Editor,C:/Users/User/CLionProjects/hello/main.cpp,,22,12,Default task
2021-06-24T15:44:31.481+09:00,User,Action,EditorUp,hello,Editor,C:/Users/User/CLionProjects/hello/main.cpp,,22,12,Default task
2021-06-24T15:44:31.483+09:00,User,KeyEvent,65535:38:0,hello,Editor,C:/Users/User/CLionProjects/hello/main.cpp,,21,5,Default task
2021-06-24T15:44:31.601+09:00,User,Action,EditorLeft,hello,Editor,C:/Users/User/CLionProjects/hello/main.cpp,,21,5,Default task
2021-06-24T15:44:31.602+09:00,User,KeyEvent,65535:37:0,hello,Editor,C:/Users/User/CLionProjects/hello/main.cpp,,21,4,Default task
2021-06-24T15:44:31.699+09:00,User,Action,EditorUp,hello,Editor,C:/Users/User/CLionProjects/hello/main.cpp,,21,4,Default task
2021-06-24T15:44:31.700+09:00,User,KeyEvent,65535:38:0,hello,Editor,C:/Users/User/CLionProjects/hello/main.cpp,,20,4,Default task
2021-06-24T15:44:31.793+09:00,User,Action,EditorLeft,hello,Editor,C:/Users/User/CLionProjects/hello/main.cpp,,20,4,Default task
2021-06-24T15:44:31.794+09:00,User,KeyEvent,65535:37:0,hello,Editor,C:/Users/User/CLionProjects/hello/main.cpp,,20,3,Default task
2021-06-24T15:44:32.001+09:00,User,Action,EditorLeft,hello,Editor,C:/Users/User/CLionProjects/hello/main.cpp,,20,3,Default task
2021-06-24T15:44:32.001+09:00,User,KeyEvent,65535:37:0,hello,Editor,C:/Users/User/CLionProjects/hello/main.cpp,,20,2,Default task
2021-06-24T15:44:32.193+09:00,User,Action,EditorLeft,hello,Editor,C:/Users/User/CLionProjects/hello/main.cpp,,20,2,Default task
2021-06-24T15:44:32.195+09:00,User,KeyEvent,65535:37:0,hello,Editor,C:/Users/User/CLionProjects/hello/main.cpp,,20,1,Default task
2021-06-24T15:44:32.497+09:00,User,Action,EditorUp,hello,Editor,C:/Users/User/CLionProjects/hello/main.cpp,,20,1,Default task
2021-06-24T15:44:32.498+09:00,User,KeyEvent,65535:38:0,hello,Editor,C:/Users/User/CLionProjects/hello/main.cpp,,19,1,Default task
2021-06-24T15:44:32.625+09:00,User,Action,EditorLeft,hello,Editor,C:/Users/User/CLionProjects/hello/main.cpp,,19,1,Default task
2021-06-24T15:44:32.626+09:00,User,KeyEvent,65535:37:0,hello,Editor,C:/Users/User/CLionProjects/hello/main.cpp,,19,0,Default task
2021-06-24T15:44:33.273+09:00,User,Action,EditorLeft,hello,Editor,C:/Users/User/CLionProjects/hello/main.cpp,,19,0,Default task
2021-06-24T15:44:33.273+09:00,User,KeyEvent,65535:37:0,hello,Editor,C:/Users/User/CLionProjects/hello/main.cpp,,18,32,Default task
2021-06-24T15:44:33.920+09:00,User,KeyEvent,59:59:0,hello,Editor,C:/Users/User/CLionProjects/hello/main.cpp,,18,32,Default task
2021-06-24T15:44:34.329+09:00,User,Action,EditorDown,hello,Editor,C:/Users/User/CLionProjects/hello/main.cpp,,18,33,Default task
2021-06-24T15:44:34.329+09:00,User,KeyEvent,65535:40:0,hello,Editor,C:/Users/User/CLionProjects/hello/main.cpp,,19,4,Default task
2021-06-24T15:44:34.472+09:00,User,Action,EditorDown,hello,Editor,C:/Users/User/CLionProjects/hello/main.cpp,,19,4,Default task
2021-06-24T15:44:34.472+09:00,User,KeyEvent,65535:40:0,hello,Editor,C:/Users/User/CLionProjects/hello/main.cpp,,20,30,Default task
2021-06-24T15:44:34.610+09:00,User,Action,EditorDown,hello,Editor,C:/Users/User/CLionProjects/hello/main.cpp,,20,30,Default task
2021-06-24T15:44:34.612+09:00,User,KeyEvent,65535:40:0,hello,Editor,C:/Users/User/CLionProjects/hello/main.cpp,,21,5,Default task
2021-06-24T15:44:34.800+09:00,User,Action,EditorDown,hello,Editor,C:/Users/User/CLionProjects/hello/main.cpp,,21,5,Default task
2021-06-24T15:44:34.801+09:00,User,KeyEvent,65535:40:0,hello,Editor,C:/Users/User/CLionProjects/hello/main.cpp,,22,12,Default task
2021-06-24T15:44:36.113+09:00,User,KeyEvent,65535:16:1,hello,Editor,C:/Users/User/CLionProjects/hello/main.cpp,,22,12,Default task
2021-06-24T15:44:36.312+09:00,User,KeyEvent,60:44:1,hello,Editor,C:/Users/User/CLionProjects/hello/main.cpp,,22,12,Default task
2021-06-24T15:44:36.472+09:00,User,KeyEvent,60:44:1,hello,Editor,C:/Users/User/CLionProjects/hello/main.cpp,,22,13,Default task
2021-06-24T15:44:36.952+09:00,User,KeyEvent,110:78:0,hello,Editor,C:/Users/User/CLionProjects/hello/main.cpp,,22,14,Default task
2021-06-24T15:44:37.009+09:00,User,KeyEvent,117:85:0,hello,Editor,C:/Users/User/CLionProjects/hello/main.cpp,,22,15,Default task
2021-06-24T15:44:37.185+09:00,User,KeyEvent,109:77:0,hello,Editor,C:/Users/User/CLionProjects/hello/main.cpp,,22,16,Default task
2021-06-24T15:44:37.504+09:00,User,KeyEvent,91:91:0,hello,Editor,C:/Users/User/CLionProjects/hello/main.cpp,,22,17,Default task
2021-06-24T15:44:37.817+09:00,User,KeyEvent,65535:20:0,hello,Editor,C:/Users/User/CLionProjects/hello/main.cpp,,22,18,Default task
2021-06-24T15:44:37.904+09:00,User,KeyEvent,73:73:0,hello,Editor,C:/Users/User/CLionProjects/hello/main.cpp,,22,18,Default task
2021-06-24T15:44:38.337+09:00,User,KeyEvent,93:93:0,hello,Editor,C:/Users/User/CLionProjects/hello/main.cpp,,22,19,Default task
2021-06-24T15:44:38.880+09:00,User,Action,EditorBackSpace,hello,Editor,C:/Users/User/CLionProjects/hello/main.cpp,,22,20,Default task
2021-06-24T15:44:38.881+09:00,User,KeyEvent,8:8:0,hello,Editor,C:/Users/User/CLionProjects/hello/main.cpp,,22,19,Default task
2021-06-24T15:44:39.008+09:00,User,Action,EditorBackSpace,hello,Editor,C:/Users/User/CLionProjects/hello/main.cpp,,22,19,Default task
2021-06-24T15:44:39.021+09:00,User,KeyEvent,8:8:0,hello,Editor,C:/Users/User/CLionProjects/hello/main.cpp,,22,18,Default task
2021-06-24T15:44:39.104+09:00,User,KeyEvent,65535:20:0,hello,Editor,C:/Users/User/CLionProjects/hello/main.cpp,,22,18,Default task
2021-06-24T15:44:39.239+09:00,User,KeyEvent,105:73:0,hello,Editor,C:/Users/User/CLionProjects/hello/main.cpp,,22,18,Default task
2021-06-24T15:44:39.697+09:00,User,KeyEvent,93:93:0,hello,Editor,C:/Users/User/CLionProjects/hello/main.cpp,,22,19,Default task
2021-06-24T15:44:40.015+09:00,User,KeyEvent,65535:16:1,hello,Editor,C:/Users/User/CLionProjects/hello/main.cpp,,22,20,Default task
2021-06-24T15:44:40.072+09:00,User,KeyEvent,60:44:1,hello,Editor,C:/Users/User/CLionProjects/hello/main.cpp,,22,20,Default task
2021-06-24T15:44:40.216+09:00,User,KeyEvent,60:44:1,hello,Editor,C:/Users/User/CLionProjects/hello/main.cpp,,22,21,Default task
2021-06-24T15:44:40.361+09:00,User,KeyEvent,101:69:0,hello,Editor,C:/Users/User/CLionProjects/hello/main.cpp,,22,22,Default task
2021-06-24T15:44:40.448+09:00,User,KeyEvent,110:78:0,hello,Editor,C:/Users/User/CLionProjects/hello/main.cpp,,22,23,Default task
2021-06-24T15:44:40.537+09:00,User,KeyEvent,100:68:0,hello,Editor,C:/Users/User/CLionProjects/hello/main.cpp,,22,24,Default task
2021-06-24T15:44:40.608+09:00,User,KeyEvent,108:76:0,hello,Editor,C:/Users/User/CLionProjects/hello/main.cpp,,22,25,Default task
2021-06-24T15:44:40.760+09:00,User,KeyEvent,59:59:0,hello,Editor,C:/Users/User/CLionProjects/hello/main.cpp,,22,26,Default task
2021-06-24T15:44:42.537+09:00,User,KeyEvent,65535:17:2,hello,Editor,C:/Users/User/CLionProjects/hello/main.cpp,,22,27,Default task
2021-06-24T15:44:42.720+09:00,User,Action,SaveAll,hello,Editor,C:/Users/User/CLionProjects/hello/main.cpp,,22,27,Default task
2021-06-24T15:44:42.730+09:00,User,KeyEvent,19:83:2,hello,Editor,C:/Users/User/CLionProjects/hello/main.cpp,,22,27,Default task
2021-06-24T15:44:44.034+09:00,User,Action,Run,hello,Editor,C:/Users/User/CLionProjects/hello/main.cpp,,22,27,Default task
2021-06-24T15:44:55.136+09:00,User,KeyEvent,65535:17:2,hello,Editor,C:/Users/User/CLionProjects/hello/main.cpp,,22,27,Default task
2021-06-24T15:44:55.280+09:00,User,KeyEvent,22:86:2,hello,Editor,C:/Users/User/CLionProjects/hello/main.cpp,,22,27,Default task
2021-06-24T15:44:56.220+09:00,User,KeyEvent,10:10:0,hello,Editor,C:/Users/User/CLionProjects/hello/main.cpp,,22,27,Default task
2021-06-24T15:44:59.435+09:00,User,Action,EditorLeft,hello,Editor,C:/Users/User/CLionProjects/hello/main.cpp,,22,27,Default task
2021-06-24T15:44:59.436+09:00,User,KeyEvent,65535:37:0,hello,Editor,C:/Users/User/CLionProjects/hello/main.cpp,,22,26,Default task
2021-06-24T15:44:59.720+09:00,User,Action,EditorBackSpace,hello,Editor,C:/Users/User/CLionProjects/hello/main.cpp,,22,26,Default task
2021-06-24T15:44:59.722+09:00,User,KeyEvent,8:8:0,hello,Editor,C:/Users/User/CLionProjects/hello/main.cpp,,22,25,Default task
2021-06-24T15:44:59.856+09:00,User,Action,EditorBackSpace,hello,Editor,C:/Users/User/CLionProjects/hello/main.cpp,,22,25,Default task
2021-06-24T15:44:59.870+09:00,User,KeyEvent,8:8:0,hello,Editor,C:/Users/User/CLionProjects/hello/main.cpp,,22,24,Default task
2021-06-24T15:44:59.992+09:00,User,Action,EditorBackSpace,hello,Editor,C:/Users/User/CLionProjects/hello/main.cpp,,22,24,Default task
2021-06-24T15:45:00.006+09:00,User,KeyEvent,8:8:0,hello,Editor,C:/Users/User/CLionProjects/hello/main.cpp,,22,23,Default task
2021-06-24T15:45:00.144+09:00,User,Action,EditorBackSpace,hello,Editor,C:/Users/User/CLionProjects/hello/main.cpp,,22,23,Default task
2021-06-24T15:45:00.156+09:00,User,KeyEvent,8:8:0,hello,Editor,C:/Users/User/CLionProjects/hello/main.cpp,,22,22,Default task
2021-06-24T15:45:00.536+09:00,User,KeyEvent,65535:16:1,hello,Editor,C:/Users/User/CLionProjects/hello/main.cpp,,22,22,Default task
2021-06-24T15:45:00.640+09:00,User,KeyEvent,34:222:1,hello,Editor,C:/Users/User/CLionProjects/hello/main.cpp,,22,22,Default task
2021-06-24T15:45:00.810+09:00,User,KeyEvent,32:32:0,hello,Editor,C:/Users/User/CLionProjects/hello/main.cpp,,22,23,Default task
2021-06-24T15:45:00.977+09:00,User,KeyEvent,65535:16:1,hello,Editor,C:/Users/User/CLionProjects/hello/main.cpp,,22,24,Default task
2021-06-24T15:45:01.017+09:00,User,KeyEvent,34:222:1,hello,Editor,C:/Users/User/CLionProjects/hello/main.cpp,,22,24,Default task
2021-06-24T15:45:01.130+09:00,User,KeyEvent,32:32:0,hello,Editor,C:/Users/User/CLionProjects/hello/main.cpp,,22,25,Default task
2021-06-24T15:45:02.169+09:00,User,Action,EditorBackSpace,hello,Editor,C:/Users/User/CLionProjects/hello/main.cpp,,22,26,Default task
2021-06-24T15:45:02.172+09:00,User,KeyEvent,8:8:0,hello,Editor,C:/Users/User/CLionProjects/hello/main.cpp,,22,25,Default task
2021-06-24T15:45:02.624+09:00,User,KeyEvent,65535:17:2,hello,Editor,C:/Users/User/CLionProjects/hello/main.cpp,,22,25,Default task
2021-06-24T15:45:02.936+09:00,User,Action,SaveAll,hello,Editor,C:/Users/User/CLionProjects/hello/main.cpp,,22,25,Default task
2021-06-24T15:45:02.955+09:00,User,KeyEvent,19:83:2,hello,Editor,C:/Users/User/CLionProjects/hello/main.cpp,,22,25,Default task
2021-06-24T15:45:07.570+09:00,User,Action,Run,hello,Editor,C:/Users/User/CLionProjects/hello/main.cpp,,22,25,Default task
2021-06-24T15:45:10.426+09:00,User,KeyEvent,65535:17:2,hello,Editor,C:/Users/User/CLionProjects/hello/main.cpp,,22,25,Default task
2021-06-24T15:45:10.523+09:00,User,KeyEvent,22:86:2,hello,Editor,C:/Users/User/CLionProjects/hello/main.cpp,,22,25,Default task
2021-06-24T15:45:10.899+09:00,User,KeyEvent,10:10:0,hello,Editor,C:/Users/User/CLionProjects/hello/main.cpp,,22,25,Default task
2021-06-24T15:45:14.839+09:00,User,Action,Run,hello,Editor,C:/Users/User/CLionProjects/hello/main.cpp,,22,25,Default task
2021-06-24T15:45:16.545+09:00,User,KeyEvent,65535:17:2,hello,Editor,C:/Users/User/CLionProjects/hello/main.cpp,,22,25,Default task
2021-06-24T15:45:16.673+09:00,User,KeyEvent,22:86:2,hello,Editor,C:/Users/User/CLionProjects/hello/main.cpp,,22,25,Default task
2021-06-24T15:45:17.162+09:00,User,KeyEvent,10:10:0,hello,Editor,C:/Users/User/CLionProjects/hello/main.cpp,,22,25,Default task
2021-06-24T15:45:19.328+09:00,User,KeyEvent,65535:17:2,hello,Editor,C:/Users/User/CLionProjects/hello/main.cpp,,25,6,Default task
2021-06-24T15:45:19.536+09:00,User,Action,SaveAll,hello,Editor,C:/Users/User/CLionProjects/hello/main.cpp,,25,6,Default task
2021-06-24T15:45:19.536+09:00,User,KeyEvent,19:83:2,hello,Editor,C:/Users/User/CLionProjects/hello/main.cpp,,25,6,Default task
