2021-06-28T16:03:46.022+09:00,User,IdeState,Inactive,,,,,-1,-1,
2021-06-28T16:03:47.474+09:00,User,IdeState,NoProject,,,,,-1,-1,
2021-06-28T16:03:48.485+09:00,User,IdeState,NoProject,,,,,-1,-1,
2021-06-28T16:03:49.971+09:00,User,IdeState,Active,go,Popup,,,-1,-1,Default task
2021-06-28T16:03:51.092+09:00,User,IdeState,Active,go,Popup,C:/Users/User/CLionProjects/go/CMakeLists.txt,,0,0,Default task
2021-06-28T16:03:53.548+09:00,User,IdeState,Active,go,Editor,C:/Users/User/CLionProjects/go/main.cpp,,6,0,Default task
2021-06-28T16:03:55.505+09:00,User,IdeState,Active,go,Editor,C:/Users/User/CLionProjects/go/main.cpp,,6,0,Default task
2021-06-28T16:03:56.513+09:00,User,IdeState,Active,go,Editor,C:/Users/User/CLionProjects/go/main.cpp,,6,0,Default task
2021-06-28T16:03:57.529+09:00,User,IdeState,Active,go,Editor,C:/Users/User/CLionProjects/go/main.cpp,,6,0,Default task
2021-06-28T16:03:58.534+09:00,User,IdeState,Active,go,Editor,C:/Users/User/CLionProjects/go/main.cpp,,6,0,Default task
2021-06-28T16:03:59.542+09:00,User,IdeState,Active,go,Editor,C:/Users/User/CLionProjects/go/main.cpp,,6,0,Default task
2021-06-28T16:04:00.554+09:00,User,IdeState,Active,go,Editor,C:/Users/User/CLionProjects/go/main.cpp,,6,0,Default task
2021-06-28T16:04:01.558+09:00,User,IdeState,Active,go,Editor,C:/Users/User/CLionProjects/go/main.cpp,,6,0,Default task
2021-06-28T16:04:02.677+09:00,User,IdeState,Inactive,,,,,-1,-1,
2021-06-28T16:04:03.680+09:00,User,IdeState,Inactive,,,,,-1,-1,
2021-06-28T16:04:04.690+09:00,User,IdeState,Inactive,,,,,-1,-1,
2021-06-28T16:04:05.704+09:00,User,IdeState,Inactive,,,,,-1,-1,
2021-06-28T16:04:06.714+09:00,User,IdeState,Inactive,,,,,-1,-1,
2021-06-28T16:04:07.721+09:00,User,IdeState,Inactive,,,,,-1,-1,
2021-06-28T16:04:08.736+09:00,User,IdeState,Inactive,,,,,-1,-1,
2021-06-28T16:04:09.739+09:00,User,IdeState,Active,go,Editor,C:/Users/User/CLionProjects/go/main.cpp,,6,0,Default task
2021-06-28T16:04:10.744+09:00,User,IdeState,Active,go,Editor,C:/Users/User/CLionProjects/go/main.cpp,,6,0,Default task
2021-06-28T16:04:11.758+09:00,User,IdeState,Inactive,,,,,-1,-1,
2021-06-28T16:04:12.766+09:00,User,IdeState,Active,go,Editor,C:/Users/User/CLionProjects/go/main.cpp,,6,0,Default task
2021-06-28T16:04:13.779+09:00,User,IdeState,Active,go,Editor,C:/Users/User/CLionProjects/go/main.cpp,,6,0,Default task
2021-06-28T16:04:14.785+09:00,User,IdeState,Inactive,,,,,-1,-1,
2021-06-28T16:04:15.790+09:00,User,IdeState,Inactive,,,,,-1,-1,
2021-06-28T16:04:16.795+09:00,User,IdeState,Inactive,,,,,-1,-1,
2021-06-28T16:04:17.804+09:00,User,IdeState,Inactive,,,,,-1,-1,
2021-06-28T16:04:18.809+09:00,User,IdeState,Inactive,,,,,-1,-1,
2021-06-28T16:04:19.823+09:00,User,IdeState,Inactive,,,,,-1,-1,
2021-06-28T16:04:20.831+09:00,User,IdeState,Inactive,,,,,-1,-1,
2021-06-28T16:04:21.844+09:00,User,IdeState,Active,go,Editor,C:/Users/User/CLionProjects/go/main.cpp,,6,0,Default task
2021-06-28T16:04:22.851+09:00,User,IdeState,Active,go,Editor,C:/Users/User/CLionProjects/go/main.cpp,,6,0,Default task
2021-06-28T16:04:23.856+09:00,User,IdeState,Active,go,Editor,C:/Users/User/CLionProjects/go/main.cpp,,6,0,Default task
2021-06-28T16:04:24.862+09:00,User,IdeState,Active,go,Editor,C:/Users/User/CLionProjects/go/main.cpp,,6,0,Default task
2021-06-28T16:04:25.869+09:00,User,IdeState,Active,go,Editor,C:/Users/User/CLionProjects/go/main.cpp,,6,0,Default task
2021-06-28T16:04:26.872+09:00,User,IdeState,Active,go,Editor,C:/Users/User/CLionProjects/go/main.cpp,,6,0,Default task
2021-06-28T16:04:27.882+09:00,User,IdeState,Active,go,Editor,C:/Users/User/CLionProjects/go/main.cpp,,6,0,Default task
2021-06-28T16:04:28.894+09:00,User,IdeState,Active,go,Editor,C:/Users/User/CLionProjects/go/main.cpp,,6,0,Default task
2021-06-28T16:04:29.909+09:00,User,IdeState,Active,go,Editor,C:/Users/User/CLionProjects/go/main.cpp,,6,0,Default task
2021-06-28T16:04:30.922+09:00,User,IdeState,Active,go,Editor,C:/Users/User/CLionProjects/go/main.cpp,,6,0,Default task
2021-06-28T16:04:31.926+09:00,User,IdeState,Active,go,Editor,C:/Users/User/CLionProjects/go/main.cpp,,6,0,Default task
2021-06-28T16:04:32.940+09:00,User,IdeState,Active,go,Editor,C:/Users/User/CLionProjects/go/main.cpp,,6,0,Default task
2021-06-28T16:04:33.952+09:00,User,IdeState,Active,go,Editor,C:/Users/User/CLionProjects/go/main.cpp,,6,0,Default task
2021-06-28T16:04:35.022+09:00,User,IdeState,Active,go,Editor,C:/Users/User/CLionProjects/go/main.cpp,,0,19,Default task
2021-06-28T16:04:36.045+09:00,User,IdeState,Active,go,Editor,C:/Users/User/CLionProjects/go/main.cpp,,0,19,Default task
2021-06-28T16:04:37.066+09:00,User,IdeState,Active,go,Editor,C:/Users/User/CLionProjects/go/main.cpp,,0,19,Default task
2021-06-28T16:04:38.073+09:00,User,IdeState,Active,go,Editor,C:/Users/User/CLionProjects/go/main.cpp,,0,19,Default task
2021-06-28T16:04:39.090+09:00,User,IdeState,Active,go,Editor,C:/Users/User/CLionProjects/go/main.cpp,,0,19,Default task
2021-06-28T16:04:40.097+09:00,User,IdeState,Inactive,,,,,-1,-1,
2021-06-28T16:04:41.098+09:00,User,IdeState,Inactive,,,,,-1,-1,
2021-06-28T16:04:42.109+09:00,User,IdeState,Inactive,,,,,-1,-1,
2021-06-28T16:04:43.130+09:00,User,IdeState,Inactive,,,,,-1,-1,
2021-06-28T16:04:44.134+09:00,User,IdeState,Inactive,,,,,-1,-1,
2021-06-28T16:04:45.147+09:00,User,IdeState,Inactive,,,,,-1,-1,
2021-06-28T16:04:46.159+09:00,User,IdeState,Inactive,,,,,-1,-1,
2021-06-28T16:04:47.176+09:00,User,IdeState,Inactive,,,,,-1,-1,
2021-06-28T16:04:48.182+09:00,User,IdeState,Inactive,,,,,-1,-1,
2021-06-28T16:04:49.189+09:00,User,IdeState,Inactive,,,,,-1,-1,
2021-06-28T16:04:50.261+09:00,User,IdeState,Active,go,Popup,C:/Users/User/CLionProjects/go/main.cpp,,0,19,Default task
2021-06-28T16:04:51.321+09:00,User,IdeState,Active,go,Popup,C:/Users/User/CLionProjects/go/main.cpp,,0,19,Default task
2021-06-28T16:04:52.322+09:00,User,IdeState,Active,go,Popup,C:/Users/User/CLionProjects/go/main.cpp,,0,19,Default task
2021-06-28T16:04:53.342+09:00,User,IdeState,Inactive,,,,,-1,-1,
2021-06-28T16:04:54.351+09:00,User,IdeState,Inactive,,,,,-1,-1,
2021-06-28T16:04:55.366+09:00,User,IdeState,Inactive,,,,,-1,-1,
2021-06-28T16:04:56.379+09:00,User,IdeState,Active,go,Popup,C:/Users/User/CLionProjects/go/main.cpp,,0,19,Default task
2021-06-28T16:04:57.383+09:00,User,IdeState,Active,go,Popup,C:/Users/User/CLionProjects/go/main.cpp,,0,19,Default task
2021-06-28T16:04:58.394+09:00,User,IdeState,Active,go,Popup,C:/Users/User/CLionProjects/go/main.cpp,,0,19,Default task
2021-06-28T16:04:59.405+09:00,User,IdeState,Active,go,Popup,C:/Users/User/CLionProjects/go/main.cpp,,0,19,Default task
2021-06-28T16:05:00.413+09:00,User,IdeState,Active,go,Editor,C:/Users/User/CLionProjects/go/main.cpp,,6,0,Default task
2021-06-28T16:05:01.426+09:00,User,IdeState,Active,go,Editor,C:/Users/User/CLionProjects/go/main.cpp,,6,0,Default task
2021-06-28T16:05:02.433+09:00,User,IdeState,Active,go,Editor,C:/Users/User/CLionProjects/go/main.cpp,,6,0,Default task
2021-06-28T16:05:03.441+09:00,User,IdeState,Active,go,Editor,C:/Users/User/CLionProjects/go/main.cpp,,6,0,Default task
2021-06-28T16:05:04.445+09:00,User,IdeState,Active,go,Editor,C:/Users/User/CLionProjects/go/main.cpp,,6,0,Default task
2021-06-28T16:05:05.452+09:00,User,IdeState,Inactive,,,,,-1,-1,
2021-06-28T16:05:06.462+09:00,User,IdeState,Inactive,,,,,-1,-1,
2021-06-28T16:05:07.468+09:00,User,IdeState,Inactive,,,,,-1,-1,
2021-06-28T16:05:08.480+09:00,User,IdeState,Inactive,,,,,-1,-1,
2021-06-28T16:05:09.485+09:00,User,IdeState,Inactive,,,,,-1,-1,
2021-06-28T16:05:10.499+09:00,User,IdeState,Active,go,Popup,C:/Users/User/CLionProjects/go/main.cpp,,6,0,Default task
2021-06-28T16:05:11.508+09:00,User,IdeState,Active,go,Popup,C:/Users/User/CLionProjects/go/main.cpp,,6,0,Default task
2021-06-28T16:05:13.015+09:00,User,IdeState,Active,go,Popup,C:/Users/User/CLionProjects/go/main.cpp,,6,0,Default task
2021-06-28T16:05:14.022+09:00,User,IdeState,Active,go,Popup,C:/Users/User/CLionProjects/go/main.cpp,,6,0,Default task
2021-06-28T16:05:24.386+09:00,User,KeyEvent,65535:16:1,go,Editor,C:/Users/User/CLionProjects/go/main.cpp,,1,0,Default task
2021-06-28T16:05:24.557+09:00,User,KeyEvent,35:51:1,go,Editor,C:/Users/User/CLionProjects/go/main.cpp,,1,0,Default task
2021-06-28T16:05:24.798+09:00,User,KeyEvent,105:73:0,go,Editor,C:/Users/User/CLionProjects/go/main.cpp,,1,1,Default task
2021-06-28T16:05:25.007+09:00,User,KeyEvent,110:78:0,go,Editor,C:/Users/User/CLionProjects/go/main.cpp,,1,2,Default task
2021-06-28T16:05:25.111+09:00,User,KeyEvent,99:67:0,go,Editor,C:/Users/User/CLionProjects/go/main.cpp,,1,3,Default task
2021-06-28T16:05:25.194+09:00,User,KeyEvent,108:76:0,go,Editor,C:/Users/User/CLionProjects/go/main.cpp,,1,4,Default task
2021-06-28T16:05:25.347+09:00,User,KeyEvent,117:85:0,go,Editor,C:/Users/User/CLionProjects/go/main.cpp,,1,5,Default task
2021-06-28T16:05:25.450+09:00,User,KeyEvent,100:68:0,go,Editor,C:/Users/User/CLionProjects/go/main.cpp,,1,6,Default task
2021-06-28T16:05:25.682+09:00,User,KeyEvent,101:69:0,go,Editor,C:/Users/User/CLionProjects/go/main.cpp,,1,7,Default task
2021-06-28T16:05:25.753+09:00,User,KeyEvent,32:32:0,go,Editor,C:/Users/User/CLionProjects/go/main.cpp,,1,8,Default task
2021-06-28T16:05:25.835+09:00,User,KeyEvent,65535:16:1,go,Editor,C:/Users/User/CLionProjects/go/main.cpp,,1,9,Default task
2021-06-28T16:05:25.891+09:00,User,KeyEvent,60:44:1,go,Editor,C:/Users/User/CLionProjects/go/main.cpp,,1,9,Default task
2021-06-28T16:05:26.122+09:00,User,KeyEvent,118:86:0,go,Editor,C:/Users/User/CLionProjects/go/main.cpp,,1,10,Default task
2021-06-28T16:05:26.235+09:00,User,KeyEvent,101:69:0,go,Editor,C:/Users/User/CLionProjects/go/main.cpp,,1,11,Default task
2021-06-28T16:05:26.442+09:00,User,KeyEvent,99:67:0,go,Editor,C:/Users/User/CLionProjects/go/main.cpp,,1,12,Default task
2021-06-28T16:05:26.618+09:00,User,KeyEvent,116:84:0,go,Editor,C:/Users/User/CLionProjects/go/main.cpp,,1,13,Default task
2021-06-28T16:05:26.731+09:00,User,KeyEvent,111:79:0,go,Editor,C:/Users/User/CLionProjects/go/main.cpp,,1,14,Default task
2021-06-28T16:05:26.818+09:00,User,KeyEvent,114:82:0,go,Editor,C:/Users/User/CLionProjects/go/main.cpp,,1,15,Default task
2021-06-28T16:05:27.659+09:00,User,KeyEvent,65535:16:1,go,Editor,C:/Users/User/CLionProjects/go/main.cpp,,1,16,Default task
2021-06-28T16:05:27.739+09:00,User,KeyEvent,62:46:1,go,Editor,C:/Users/User/CLionProjects/go/main.cpp,,1,16,Default task
2021-06-28T16:05:27.935+09:00,User,Action,EditorEnter,go,Editor,C:/Users/User/CLionProjects/go/main.cpp,,1,17,Default task
2021-06-28T16:05:28.013+09:00,User,KeyEvent,10:10:0,go,Editor,C:/Users/User/CLionProjects/go/main.cpp,,2,0,Default task
2021-06-28T16:05:28.219+09:00,User,KeyEvent,65535:16:1,go,Editor,C:/Users/User/CLionProjects/go/main.cpp,,2,0,Default task
2021-06-28T16:05:28.323+09:00,User,KeyEvent,35:51:1,go,Editor,C:/Users/User/CLionProjects/go/main.cpp,,2,0,Default task
2021-06-28T16:05:28.491+09:00,User,KeyEvent,105:73:0,go,Editor,C:/Users/User/CLionProjects/go/main.cpp,,2,1,Default task
2021-06-28T16:05:28.618+09:00,User,KeyEvent,110:78:0,go,Editor,C:/Users/User/CLionProjects/go/main.cpp,,2,2,Default task
2021-06-28T16:05:28.764+09:00,User,KeyEvent,99:67:0,go,Editor,C:/Users/User/CLionProjects/go/main.cpp,,2,3,Default task
2021-06-28T16:05:28.842+09:00,User,KeyEvent,108:76:0,go,Editor,C:/Users/User/CLionProjects/go/main.cpp,,2,4,Default task
2021-06-28T16:05:28.995+09:00,User,KeyEvent,117:85:0,go,Editor,C:/Users/User/CLionProjects/go/main.cpp,,2,5,Default task
2021-06-28T16:05:29.091+09:00,User,KeyEvent,100:68:0,go,Editor,C:/Users/User/CLionProjects/go/main.cpp,,2,6,Default task
2021-06-28T16:05:29.596+09:00,User,KeyEvent,101:69:0,go,Editor,C:/Users/User/CLionProjects/go/main.cpp,,2,7,Default task
2021-06-28T16:05:29.795+09:00,User,KeyEvent,32:32:0,go,Editor,C:/Users/User/CLionProjects/go/main.cpp,,2,8,Default task
2021-06-28T16:05:29.914+09:00,User,KeyEvent,65535:16:1,go,Editor,C:/Users/User/CLionProjects/go/main.cpp,,2,9,Default task
2021-06-28T16:05:29.978+09:00,User,KeyEvent,60:44:1,go,Editor,C:/Users/User/CLionProjects/go/main.cpp,,2,9,Default task
2021-06-28T16:05:30.227+09:00,User,KeyEvent,97:65:0,go,Editor,C:/Users/User/CLionProjects/go/main.cpp,,2,10,Default task
2021-06-28T16:05:30.377+09:00,User,KeyEvent,108:76:0,go,Editor,C:/Users/User/CLionProjects/go/main.cpp,,2,11,Default task
2021-06-28T16:05:30.426+09:00,User,KeyEvent,103:71:0,go,Editor,C:/Users/User/CLionProjects/go/main.cpp,,2,12,Default task
2021-06-28T16:05:30.539+09:00,User,KeyEvent,111:79:0,go,Editor,C:/Users/User/CLionProjects/go/main.cpp,,2,13,Default task
2021-06-28T16:05:30.658+09:00,User,KeyEvent,114:82:0,go,Editor,C:/Users/User/CLionProjects/go/main.cpp,,2,14,Default task
2021-06-28T16:05:31.035+09:00,User,Action,EditorChooseLookupItem,go,Editor,C:/Users/User/CLionProjects/go/main.cpp,,2,15,Default task
2021-06-28T16:05:31.081+09:00,User,KeyEvent,10:10:0,go,Editor,C:/Users/User/CLionProjects/go/main.cpp,,2,20,Default task
2021-06-28T16:05:32.115+09:00,User,Action,EditorEnter,go,Editor,C:/Users/User/CLionProjects/go/main.cpp,,2,20,Default task
2021-06-28T16:05:32.130+09:00,User,KeyEvent,10:10:0,go,Editor,C:/Users/User/CLionProjects/go/main.cpp,,3,0,Default task
2021-06-28T16:05:32.315+09:00,User,KeyEvent,65535:16:1,go,Editor,C:/Users/User/CLionProjects/go/main.cpp,,3,0,Default task
2021-06-28T16:05:32.435+09:00,User,KeyEvent,51:51:0,go,Editor,C:/Users/User/CLionProjects/go/main.cpp,,3,0,Default task
2021-06-28T16:05:32.578+09:00,User,KeyEvent,105:73:0,go,Editor,C:/Users/User/CLionProjects/go/main.cpp,,3,1,Default task
2021-06-28T16:05:32.739+09:00,User,KeyEvent,110:78:0,go,Editor,C:/Users/User/CLionProjects/go/main.cpp,,3,2,Default task
2021-06-28T16:05:33.161+09:00,User,Action,EditorBackSpace,go,Editor,C:/Users/User/CLionProjects/go/main.cpp,,3,3,Default task
2021-06-28T16:05:33.203+09:00,User,KeyEvent,8:8:0,go,Editor,C:/Users/User/CLionProjects/go/main.cpp,,3,2,Default task
2021-06-28T16:05:33.291+09:00,User,Action,EditorBackSpace,go,Editor,C:/Users/User/CLionProjects/go/main.cpp,,3,2,Default task
2021-06-28T16:05:33.295+09:00,User,KeyEvent,8:8:0,go,Editor,C:/Users/User/CLionProjects/go/main.cpp,,3,1,Default task
2021-06-28T16:05:33.419+09:00,User,Action,EditorBackSpace,go,Editor,C:/Users/User/CLionProjects/go/main.cpp,,3,1,Default task
2021-06-28T16:05:33.422+09:00,User,KeyEvent,8:8:0,go,Editor,C:/Users/User/CLionProjects/go/main.cpp,,3,0,Default task
2021-06-28T16:05:33.619+09:00,User,KeyEvent,65535:16:1,go,Editor,C:/Users/User/CLionProjects/go/main.cpp,,3,0,Default task
2021-06-28T16:05:33.659+09:00,User,KeyEvent,35:51:1,go,Editor,C:/Users/User/CLionProjects/go/main.cpp,,3,0,Default task
2021-06-28T16:05:34.411+09:00,User,KeyEvent,105:73:0,go,Editor,C:/Users/User/CLionProjects/go/main.cpp,,3,1,Default task
2021-06-28T16:05:34.490+09:00,User,KeyEvent,110:78:0,go,Editor,C:/Users/User/CLionProjects/go/main.cpp,,3,2,Default task
2021-06-28T16:05:34.595+09:00,User,KeyEvent,99:67:0,go,Editor,C:/Users/User/CLionProjects/go/main.cpp,,3,3,Default task
2021-06-28T16:05:34.714+09:00,User,KeyEvent,108:76:0,go,Editor,C:/Users/User/CLionProjects/go/main.cpp,,3,4,Default task
2021-06-28T16:05:34.875+09:00,User,KeyEvent,117:85:0,go,Editor,C:/Users/User/CLionProjects/go/main.cpp,,3,5,Default task
2021-06-28T16:05:34.955+09:00,User,KeyEvent,100:68:0,go,Editor,C:/Users/User/CLionProjects/go/main.cpp,,3,6,Default task
2021-06-28T16:05:35.147+09:00,User,KeyEvent,101:69:0,go,Editor,C:/Users/User/CLionProjects/go/main.cpp,,3,7,Default task
2021-06-28T16:05:35.267+09:00,User,KeyEvent,32:32:0,go,Editor,C:/Users/User/CLionProjects/go/main.cpp,,3,8,Default task
2021-06-28T16:05:35.387+09:00,User,KeyEvent,65535:16:1,go,Editor,C:/Users/User/CLionProjects/go/main.cpp,,3,9,Default task
2021-06-28T16:05:35.450+09:00,User,KeyEvent,60:44:1,go,Editor,C:/Users/User/CLionProjects/go/main.cpp,,3,9,Default task
2021-06-28T16:05:36.019+09:00,User,KeyEvent,105:73:0,go,Editor,C:/Users/User/CLionProjects/go/main.cpp,,3,10,Default task
2021-06-28T16:05:36.123+09:00,User,KeyEvent,116:84:0,go,Editor,C:/Users/User/CLionProjects/go/main.cpp,,3,11,Default task
2021-06-28T16:05:36.262+09:00,User,KeyEvent,101:69:0,go,Editor,C:/Users/User/CLionProjects/go/main.cpp,,3,12,Default task
2021-06-28T16:05:36.346+09:00,User,KeyEvent,114:82:0,go,Editor,C:/Users/User/CLionProjects/go/main.cpp,,3,13,Default task
2021-06-28T16:05:36.770+09:00,User,Action,EditorChooseLookupItem,go,Editor,C:/Users/User/CLionProjects/go/main.cpp,,3,14,Default task
2021-06-28T16:05:36.806+09:00,User,KeyEvent,10:10:0,go,Editor,C:/Users/User/CLionProjects/go/main.cpp,,3,19,Default task
2021-06-28T16:05:37.523+09:00,User,Action,EditorEnter,go,Editor,C:/Users/User/CLionProjects/go/main.cpp,,3,19,Default task
2021-06-28T16:05:37.543+09:00,User,KeyEvent,10:10:0,go,Editor,C:/Users/User/CLionProjects/go/main.cpp,,4,0,Default task
2021-06-28T16:05:39.635+09:00,User,Action,EditorEnter,go,Editor,C:/Users/User/CLionProjects/go/main.cpp,,4,0,Default task
2021-06-28T16:05:39.654+09:00,User,KeyEvent,10:10:0,go,Editor,C:/Users/User/CLionProjects/go/main.cpp,,5,0,Default task
2021-06-28T16:05:40.027+09:00,User,KeyEvent,117:85:0,go,Editor,C:/Users/User/CLionProjects/go/main.cpp,,5,0,Default task
2021-06-28T16:05:40.131+09:00,User,KeyEvent,115:83:0,go,Editor,C:/Users/User/CLionProjects/go/main.cpp,,5,1,Default task
2021-06-28T16:05:40.272+09:00,User,KeyEvent,105:73:0,go,Editor,C:/Users/User/CLionProjects/go/main.cpp,,5,2,Default task
2021-06-28T16:05:40.353+09:00,User,KeyEvent,110:78:0,go,Editor,C:/Users/User/CLionProjects/go/main.cpp,,5,3,Default task
2021-06-28T16:05:40.411+09:00,User,KeyEvent,103:71:0,go,Editor,C:/Users/User/CLionProjects/go/main.cpp,,5,4,Default task
2021-06-28T16:05:40.539+09:00,User,KeyEvent,32:32:0,go,Editor,C:/Users/User/CLionProjects/go/main.cpp,,5,5,Default task
2021-06-28T16:05:40.651+09:00,User,KeyEvent,110:78:0,go,Editor,C:/Users/User/CLionProjects/go/main.cpp,,5,6,Default task
2021-06-28T16:05:40.912+09:00,User,KeyEvent,97:65:0,go,Editor,C:/Users/User/CLionProjects/go/main.cpp,,5,7,Default task
2021-06-28T16:05:40.920+09:00,User,KeyEvent,109:77:0,go,Editor,C:/Users/User/CLionProjects/go/main.cpp,,5,8,Default task
2021-06-28T16:05:41.048+09:00,User,KeyEvent,101:69:0,go,Editor,C:/Users/User/CLionProjects/go/main.cpp,,5,9,Default task
2021-06-28T16:05:41.443+09:00,User,Action,EditorChooseLookupItem,go,Editor,C:/Users/User/CLionProjects/go/main.cpp,,5,10,Default task
2021-06-28T16:05:41.465+09:00,User,KeyEvent,10:10:0,go,Editor,C:/Users/User/CLionProjects/go/main.cpp,,5,16,Default task
2021-06-28T16:05:42.090+09:00,User,KeyEvent,115:83:0,go,Editor,C:/Users/User/CLionProjects/go/main.cpp,,5,16,Default task
2021-06-28T16:05:42.155+09:00,User,KeyEvent,116:84:0,go,Editor,C:/Users/User/CLionProjects/go/main.cpp,,5,17,Default task
2021-06-28T16:05:42.251+09:00,User,KeyEvent,100:68:0,go,Editor,C:/Users/User/CLionProjects/go/main.cpp,,5,18,Default task
2021-06-28T16:05:42.370+09:00,User,KeyEvent,59:59:0,go,Editor,C:/Users/User/CLionProjects/go/main.cpp,,5,19,Default task
2021-06-28T16:05:42.565+09:00,User,Action,EditorEnter,go,Editor,C:/Users/User/CLionProjects/go/main.cpp,,5,20,Default task
2021-06-28T16:05:42.571+09:00,User,KeyEvent,10:10:0,go,Editor,C:/Users/User/CLionProjects/go/main.cpp,,6,0,Default task
2021-06-28T16:05:44.431+09:00,User,Action,EditorLeft,go,Editor,C:/Users/User/CLionProjects/go/main.cpp,,9,13,Default task
2021-06-28T16:05:44.434+09:00,User,KeyEvent,65535:37:0,go,Editor,C:/Users/User/CLionProjects/go/main.cpp,,9,12,Default task
2021-06-28T16:05:44.531+09:00,User,Action,EditorLeft,go,Editor,C:/Users/User/CLionProjects/go/main.cpp,,9,12,Default task
2021-06-28T16:05:44.533+09:00,User,KeyEvent,65535:37:0,go,Editor,C:/Users/User/CLionProjects/go/main.cpp,,9,11,Default task
2021-06-28T16:05:44.675+09:00,User,Action,EditorLeft,go,Editor,C:/Users/User/CLionProjects/go/main.cpp,,9,11,Default task
2021-06-28T16:05:44.676+09:00,User,KeyEvent,65535:37:0,go,Editor,C:/Users/User/CLionProjects/go/main.cpp,,9,10,Default task
2021-06-28T16:05:44.811+09:00,User,Action,EditorLeft,go,Editor,C:/Users/User/CLionProjects/go/main.cpp,,9,10,Default task
2021-06-28T16:05:44.812+09:00,User,KeyEvent,65535:37:0,go,Editor,C:/Users/User/CLionProjects/go/main.cpp,,9,9,Default task
2021-06-28T16:05:44.947+09:00,User,Action,EditorLeft,go,Editor,C:/Users/User/CLionProjects/go/main.cpp,,9,9,Default task
2021-06-28T16:05:44.948+09:00,User,KeyEvent,65535:37:0,go,Editor,C:/Users/User/CLionProjects/go/main.cpp,,9,8,Default task
2021-06-28T16:05:45.091+09:00,User,Action,EditorLeft,go,Editor,C:/Users/User/CLionProjects/go/main.cpp,,9,8,Default task
2021-06-28T16:05:45.092+09:00,User,KeyEvent,65535:37:0,go,Editor,C:/Users/User/CLionProjects/go/main.cpp,,9,7,Default task
2021-06-28T16:05:45.227+09:00,User,Action,EditorLeft,go,Editor,C:/Users/User/CLionProjects/go/main.cpp,,9,7,Default task
2021-06-28T16:05:45.228+09:00,User,KeyEvent,65535:37:0,go,Editor,C:/Users/User/CLionProjects/go/main.cpp,,9,6,Default task
2021-06-28T16:05:45.371+09:00,User,Action,EditorLeft,go,Editor,C:/Users/User/CLionProjects/go/main.cpp,,9,6,Default task
2021-06-28T16:05:45.372+09:00,User,KeyEvent,65535:37:0,go,Editor,C:/Users/User/CLionProjects/go/main.cpp,,9,5,Default task
2021-06-28T16:05:45.738+09:00,User,Action,EditorLeft,go,Editor,C:/Users/User/CLionProjects/go/main.cpp,,9,5,Default task
2021-06-28T16:05:45.739+09:00,User,KeyEvent,65535:37:0,go,Editor,C:/Users/User/CLionProjects/go/main.cpp,,9,4,Default task
2021-06-28T16:05:45.858+09:00,User,KeyEvent,65535:16:1,go,Editor,C:/Users/User/CLionProjects/go/main.cpp,,9,4,Default task
2021-06-28T16:05:45.963+09:00,User,Action,EditorUpWithSelection,go,Editor,C:/Users/User/CLionProjects/go/main.cpp,,9,4,Default task
2021-06-28T16:05:45.965+09:00,User,KeyEvent,65535:38:1,go,Editor,C:/Users/User/CLionProjects/go/main.cpp,,8,4,Default task
2021-06-28T16:05:46.148+09:00,User,Action,EditorDelete,go,Editor,C:/Users/User/CLionProjects/go/main.cpp,,8,4,Default task
2021-06-28T16:05:46.160+09:00,User,KeyEvent,127:127:0,go,Editor,C:/Users/User/CLionProjects/go/main.cpp,,8,4,Default task
2021-06-28T16:05:46.694+09:00,User,Action,EditorEnter,go,Editor,C:/Users/User/CLionProjects/go/main.cpp,,8,4,Default task
2021-06-28T16:05:46.704+09:00,User,KeyEvent,10:10:0,go,Editor,C:/Users/User/CLionProjects/go/main.cpp,,9,4,Default task
2021-06-28T16:05:46.826+09:00,User,Action,EditorEnter,go,Editor,C:/Users/User/CLionProjects/go/main.cpp,,9,4,Default task
2021-06-28T16:05:46.831+09:00,User,KeyEvent,10:10:0,go,Editor,C:/Users/User/CLionProjects/go/main.cpp,,10,4,Default task
2021-06-28T16:05:46.938+09:00,User,Action,EditorEnter,go,Editor,C:/Users/User/CLionProjects/go/main.cpp,,10,4,Default task
2021-06-28T16:05:46.943+09:00,User,KeyEvent,10:10:0,go,Editor,C:/Users/User/CLionProjects/go/main.cpp,,11,4,Default task
2021-06-28T16:05:47.125+09:00,User,Action,EditorUp,go,Editor,C:/Users/User/CLionProjects/go/main.cpp,,11,4,Default task
2021-06-28T16:05:47.128+09:00,User,KeyEvent,65535:38:0,go,Editor,C:/Users/User/CLionProjects/go/main.cpp,,10,4,Default task
2021-06-28T16:05:47.283+09:00,User,Action,EditorUp,go,Editor,C:/Users/User/CLionProjects/go/main.cpp,,10,4,Default task
2021-06-28T16:05:47.285+09:00,User,KeyEvent,65535:38:0,go,Editor,C:/Users/User/CLionProjects/go/main.cpp,,9,4,Default task
2021-06-28T16:05:47.410+09:00,User,Action,EditorUp,go,Editor,C:/Users/User/CLionProjects/go/main.cpp,,9,4,Default task
2021-06-28T16:05:47.412+09:00,User,KeyEvent,65535:38:0,go,Editor,C:/Users/User/CLionProjects/go/main.cpp,,8,4,Default task
2021-06-28T16:05:51.498+09:00,User,KeyEvent,105:73:0,go,Editor,C:/Users/User/CLionProjects/go/main.cpp,,8,4,Default task
2021-06-28T16:05:51.571+09:00,User,KeyEvent,110:78:0,go,Editor,C:/Users/User/CLionProjects/go/main.cpp,,8,5,Default task
2021-06-28T16:05:51.644+09:00,User,KeyEvent,116:84:0,go,Editor,C:/Users/User/CLionProjects/go/main.cpp,,8,6,Default task
2021-06-28T16:05:51.755+09:00,User,KeyEvent,32:32:0,go,Editor,C:/Users/User/CLionProjects/go/main.cpp,,8,7,Default task
2021-06-28T16:05:51.980+09:00,User,KeyEvent,65535:20:0,go,Editor,C:/Users/User/CLionProjects/go/main.cpp,,8,8,Default task
2021-06-28T16:05:52.108+09:00,User,KeyEvent,78:78:0,go,Editor,C:/Users/User/CLionProjects/go/main.cpp,,8,8,Default task
2021-06-28T16:05:52.282+09:00,User,KeyEvent,44:44:0,go,Editor,C:/Users/User/CLionProjects/go/main.cpp,,8,9,Default task
2021-06-28T16:05:53.531+09:00,User,KeyEvent,88:88:0,go,Editor,C:/Users/User/CLionProjects/go/main.cpp,,8,10,Default task
2021-06-28T16:05:53.714+09:00,User,KeyEvent,59:59:0,go,Editor,C:/Users/User/CLionProjects/go/main.cpp,,8,11,Default task
2021-06-28T16:05:53.827+09:00,User,Action,EditorEnter,go,Editor,C:/Users/User/CLionProjects/go/main.cpp,,8,12,Default task
2021-06-28T16:05:53.832+09:00,User,KeyEvent,10:10:0,go,Editor,C:/Users/User/CLionProjects/go/main.cpp,,9,4,Default task
2021-06-28T16:05:53.970+09:00,User,KeyEvent,65535:20:0,go,Editor,C:/Users/User/CLionProjects/go/main.cpp,,9,4,Default task
2021-06-28T16:05:54.515+09:00,User,KeyEvent,99:67:0,go,Editor,C:/Users/User/CLionProjects/go/main.cpp,,9,4,Default task
2021-06-28T16:05:54.651+09:00,User,KeyEvent,105:73:0,go,Editor,C:/Users/User/CLionProjects/go/main.cpp,,9,5,Default task
2021-06-28T16:05:54.730+09:00,User,KeyEvent,110:78:0,go,Editor,C:/Users/User/CLionProjects/go/main.cpp,,9,6,Default task
2021-06-28T16:05:54.826+09:00,User,KeyEvent,116:84:0,go,Editor,C:/Users/User/CLionProjects/go/main.cpp,,9,7,Default task
2021-06-28T16:05:54.923+09:00,User,KeyEvent,32:32:0,go,Editor,C:/Users/User/CLionProjects/go/main.cpp,,9,8,Default task
2021-06-28T16:05:55.083+09:00,User,KeyEvent,65535:16:1,go,Editor,C:/Users/User/CLionProjects/go/main.cpp,,9,9,Default task
2021-06-28T16:05:55.139+09:00,User,KeyEvent,62:46:1,go,Editor,C:/Users/User/CLionProjects/go/main.cpp,,9,9,Default task
2021-06-28T16:05:55.290+09:00,User,KeyEvent,62:46:1,go,Editor,C:/Users/User/CLionProjects/go/main.cpp,,9,10,Default task
2021-06-28T16:05:55.762+09:00,User,Action,EditorBackSpace,go,Editor,C:/Users/User/CLionProjects/go/main.cpp,,9,11,Default task
2021-06-28T16:05:55.768+09:00,User,KeyEvent,8:8:0,go,Editor,C:/Users/User/CLionProjects/go/main.cpp,,9,10,Default task
2021-06-28T16:05:55.899+09:00,User,Action,EditorBackSpace,go,Editor,C:/Users/User/CLionProjects/go/main.cpp,,9,10,Default task
2021-06-28T16:05:55.902+09:00,User,KeyEvent,8:8:0,go,Editor,C:/Users/User/CLionProjects/go/main.cpp,,9,9,Default task
2021-06-28T16:05:56.035+09:00,User,Action,EditorBackSpace,go,Editor,C:/Users/User/CLionProjects/go/main.cpp,,9,9,Default task
2021-06-28T16:05:56.040+09:00,User,KeyEvent,8:8:0,go,Editor,C:/Users/User/CLionProjects/go/main.cpp,,9,8,Default task
2021-06-28T16:05:56.178+09:00,User,Action,EditorBackSpace,go,Editor,C:/Users/User/CLionProjects/go/main.cpp,,9,8,Default task
2021-06-28T16:05:56.188+09:00,User,KeyEvent,8:8:0,go,Editor,C:/Users/User/CLionProjects/go/main.cpp,,9,7,Default task
2021-06-28T16:05:56.275+09:00,User,Action,EditorBackSpace,go,Editor,C:/Users/User/CLionProjects/go/main.cpp,,9,7,Default task
2021-06-28T16:05:56.292+09:00,User,KeyEvent,8:8:0,go,Editor,C:/Users/User/CLionProjects/go/main.cpp,,9,6,Default task
2021-06-28T16:05:56.842+09:00,User,KeyEvent,110:78:0,go,Editor,C:/Users/User/CLionProjects/go/main.cpp,,9,6,Default task
2021-06-28T16:05:57.018+09:00,User,KeyEvent,32:32:0,go,Editor,C:/Users/User/CLionProjects/go/main.cpp,,9,7,Default task
2021-06-28T16:05:57.315+09:00,User,KeyEvent,65535:16:1,go,Editor,C:/Users/User/CLionProjects/go/main.cpp,,9,8,Default task
2021-06-28T16:05:57.347+09:00,User,KeyEvent,62:46:1,go,Editor,C:/Users/User/CLionProjects/go/main.cpp,,9,8,Default task
2021-06-28T16:05:57.482+09:00,User,KeyEvent,62:46:1,go,Editor,C:/Users/User/CLionProjects/go/main.cpp,,9,9,Default task
2021-06-28T16:05:57.667+09:00,User,KeyEvent,32:32:0,go,Editor,C:/Users/User/CLionProjects/go/main.cpp,,9,10,Default task
2021-06-28T16:05:57.851+09:00,User,KeyEvent,65535:20:0,go,Editor,C:/Users/User/CLionProjects/go/main.cpp,,9,11,Default task
2021-06-28T16:05:57.970+09:00,User,KeyEvent,78:78:0,go,Editor,C:/Users/User/CLionProjects/go/main.cpp,,9,11,Default task
2021-06-28T16:05:58.266+09:00,User,KeyEvent,44:44:0,go,Editor,C:/Users/User/CLionProjects/go/main.cpp,,9,12,Default task
2021-06-28T16:05:58.395+09:00,User,KeyEvent,32:32:0,go,Editor,C:/Users/User/CLionProjects/go/main.cpp,,9,13,Default task
2021-06-28T16:05:58.875+09:00,User,Action,EditorBackSpace,go,Editor,C:/Users/User/CLionProjects/go/main.cpp,,9,14,Default task
2021-06-28T16:05:58.888+09:00,User,KeyEvent,8:8:0,go,Editor,C:/Users/User/CLionProjects/go/main.cpp,,9,13,Default task
2021-06-28T16:05:59.059+09:00,User,Action,EditorBackSpace,go,Editor,C:/Users/User/CLionProjects/go/main.cpp,,9,13,Default task
2021-06-28T16:05:59.061+09:00,User,KeyEvent,8:8:0,go,Editor,C:/Users/User/CLionProjects/go/main.cpp,,9,12,Default task
2021-06-28T16:05:59.395+09:00,User,KeyEvent,32:32:0,go,Editor,C:/Users/User/CLionProjects/go/main.cpp,,9,12,Default task
2021-06-28T16:05:59.538+09:00,User,KeyEvent,65535:16:1,go,Editor,C:/Users/User/CLionProjects/go/main.cpp,,9,13,Default task
2021-06-28T16:05:59.618+09:00,User,KeyEvent,62:46:1,go,Editor,C:/Users/User/CLionProjects/go/main.cpp,,9,13,Default task
2021-06-28T16:05:59.747+09:00,User,KeyEvent,62:46:1,go,Editor,C:/Users/User/CLionProjects/go/main.cpp,,9,14,Default task
2021-06-28T16:05:59.907+09:00,User,KeyEvent,32:32:0,go,Editor,C:/Users/User/CLionProjects/go/main.cpp,,9,15,Default task
2021-06-28T16:06:00.194+09:00,User,KeyEvent,88:88:0,go,Editor,C:/Users/User/CLionProjects/go/main.cpp,,9,16,Default task
2021-06-28T16:06:00.387+09:00,User,KeyEvent,59:59:0,go,Editor,C:/Users/User/CLionProjects/go/main.cpp,,9,17,Default task
2021-06-28T16:06:00.619+09:00,User,Action,EditorEnter,go,Editor,C:/Users/User/CLionProjects/go/main.cpp,,9,18,Default task
2021-06-28T16:06:00.624+09:00,User,KeyEvent,10:10:0,go,Editor,C:/Users/User/CLionProjects/go/main.cpp,,10,4,Default task
2021-06-28T16:06:01.603+09:00,User,Action,EditorEnter,go,Editor,C:/Users/User/CLionProjects/go/main.cpp,,10,4,Default task
2021-06-28T16:06:01.607+09:00,User,KeyEvent,10:10:0,go,Editor,C:/Users/User/CLionProjects/go/main.cpp,,11,4,Default task
2021-06-28T16:06:02.106+09:00,User,KeyEvent,65535:20:0,go,Editor,C:/Users/User/CLionProjects/go/main.cpp,,11,4,Default task
2021-06-28T16:06:02.379+09:00,User,KeyEvent,103:71:0,go,Editor,C:/Users/User/CLionProjects/go/main.cpp,,11,4,Default task
2021-06-28T16:06:02.514+09:00,User,KeyEvent,101:69:0,go,Editor,C:/Users/User/CLionProjects/go/main.cpp,,11,5,Default task
2021-06-28T16:06:02.718+09:00,User,KeyEvent,110:78:0,go,Editor,C:/Users/User/CLionProjects/go/main.cpp,,11,6,Default task
2021-06-28T16:06:02.874+09:00,User,KeyEvent,101:69:0,go,Editor,C:/Users/User/CLionProjects/go/main.cpp,,11,7,Default task
2021-06-28T16:06:03.621+09:00,User,Action,EditorDown,go,Editor,C:/Users/User/CLionProjects/go/main.cpp,,11,8,Default task
2021-06-28T16:06:03.623+09:00,User,KeyEvent,65535:40:0,go,Editor,C:/Users/User/CLionProjects/go/main.cpp,,11,8,Default task
2021-06-28T16:06:03.955+09:00,User,Action,EditorChooseLookupItem,go,Editor,C:/Users/User/CLionProjects/go/main.cpp,,11,8,Default task
2021-06-28T16:06:03.974+09:00,User,KeyEvent,10:10:0,go,Editor,C:/Users/User/CLionProjects/go/main.cpp,,11,15,Default task
2021-06-28T16:06:04.882+09:00,User,KeyEvent,98:66:0,go,Editor,C:/Users/User/CLionProjects/go/main.cpp,,11,15,Default task
2021-06-28T16:06:05.075+09:00,User,KeyEvent,97:65:0,go,Editor,C:/Users/User/CLionProjects/go/main.cpp,,11,16,Default task
2021-06-28T16:06:05.267+09:00,User,KeyEvent,99:67:0,go,Editor,C:/Users/User/CLionProjects/go/main.cpp,,11,17,Default task
2021-06-28T16:06:05.363+09:00,User,KeyEvent,107:75:0,go,Editor,C:/Users/User/CLionProjects/go/main.cpp,,11,18,Default task
2021-06-28T16:06:05.964+09:00,User,Action,EditorChooseLookupItem,go,Editor,C:/Users/User/CLionProjects/go/main.cpp,,11,19,Default task
2021-06-28T16:06:05.991+09:00,User,KeyEvent,10:10:0,go,Editor,C:/Users/User/CLionProjects/go/main.cpp,,11,29,Default task
2021-06-28T16:06:07.555+09:00,User,KeyEvent,118:86:0,go,Editor,C:/Users/User/CLionProjects/go/main.cpp,,11,29,Default task
2021-06-28T16:06:07.658+09:00,User,KeyEvent,101:69:0,go,Editor,C:/Users/User/CLionProjects/go/main.cpp,,11,30,Default task
2021-06-28T16:06:08.148+09:00,User,KeyEvent,99:67:0,go,Editor,C:/Users/User/CLionProjects/go/main.cpp,,11,31,Default task
2021-06-28T16:06:09.965+09:00,User,Action,EditorBackSpace,go,Editor,C:/Users/User/CLionProjects/go/main.cpp,,11,32,Default task
2021-06-28T16:06:09.993+09:00,User,KeyEvent,8:8:0,go,Editor,C:/Users/User/CLionProjects/go/main.cpp,,11,31,Default task
2021-06-28T16:06:10.099+09:00,User,Action,EditorBackSpace,go,Editor,C:/Users/User/CLionProjects/go/main.cpp,,11,31,Default task
2021-06-28T16:06:10.126+09:00,User,KeyEvent,8:8:0,go,Editor,C:/Users/User/CLionProjects/go/main.cpp,,11,30,Default task
2021-06-28T16:06:10.893+09:00,User,Action,EditorUp,go,Editor,C:/Users/User/CLionProjects/go/main.cpp,,11,30,Default task
2021-06-28T16:06:10.904+09:00,User,KeyEvent,65535:38:0,go,Editor,C:/Users/User/CLionProjects/go/main.cpp,,11,30,Default task
2021-06-28T16:06:11.167+09:00,User,Action,EditorEscape,go,Editor,C:/Users/User/CLionProjects/go/main.cpp,,11,30,Default task
2021-06-28T16:06:11.172+09:00,User,KeyEvent,27:27:0,go,Editor,C:/Users/User/CLionProjects/go/main.cpp,,11,30,Default task
2021-06-28T16:06:11.430+09:00,User,Action,EditorUp,go,Editor,C:/Users/User/CLionProjects/go/main.cpp,,11,30,Default task
2021-06-28T16:06:11.432+09:00,User,KeyEvent,65535:38:0,go,Editor,C:/Users/User/CLionProjects/go/main.cpp,,10,0,Default task
2021-06-28T16:06:11.596+09:00,User,Action,EditorUp,go,Editor,C:/Users/User/CLionProjects/go/main.cpp,,10,0,Default task
2021-06-28T16:06:11.599+09:00,User,KeyEvent,65535:38:0,go,Editor,C:/Users/User/CLionProjects/go/main.cpp,,9,18,Default task
2021-06-28T16:06:12.347+09:00,User,Action,EditorEnter,go,Editor,C:/Users/User/CLionProjects/go/main.cpp,,9,18,Default task
2021-06-28T16:06:12.350+09:00,User,KeyEvent,10:10:0,go,Editor,C:/Users/User/CLionProjects/go/main.cpp,,10,4,Default task
2021-06-28T16:06:12.483+09:00,User,Action,EditorEnter,go,Editor,C:/Users/User/CLionProjects/go/main.cpp,,10,4,Default task
2021-06-28T16:06:12.487+09:00,User,KeyEvent,10:10:0,go,Editor,C:/Users/User/CLionProjects/go/main.cpp,,11,4,Default task
2021-06-28T16:06:13.276+09:00,User,KeyEvent,118:86:0,go,Editor,C:/Users/User/CLionProjects/go/main.cpp,,11,4,Default task
2021-06-28T16:06:13.437+09:00,User,KeyEvent,101:69:0,go,Editor,C:/Users/User/CLionProjects/go/main.cpp,,11,5,Default task
2021-06-28T16:06:13.660+09:00,User,KeyEvent,99:67:0,go,Editor,C:/Users/User/CLionProjects/go/main.cpp,,11,6,Default task
2021-06-28T16:06:13.778+09:00,User,KeyEvent,111:79:0,go,Editor,C:/Users/User/CLionProjects/go/main.cpp,,11,7,Default task
2021-06-28T16:06:13.938+09:00,User,KeyEvent,116:84:0,go,Editor,C:/Users/User/CLionProjects/go/main.cpp,,11,8,Default task
2021-06-28T16:06:14.122+09:00,User,KeyEvent,114:82:0,go,Editor,C:/Users/User/CLionProjects/go/main.cpp,,11,9,Default task
2021-06-28T16:06:14.851+09:00,User,Action,EditorBackSpace,go,Editor,C:/Users/User/CLionProjects/go/main.cpp,,11,10,Default task
2021-06-28T16:06:14.856+09:00,User,KeyEvent,8:8:0,go,Editor,C:/Users/User/CLionProjects/go/main.cpp,,11,9,Default task
2021-06-28T16:06:14.995+09:00,User,Action,EditorBackSpace,go,Editor,C:/Users/User/CLionProjects/go/main.cpp,,11,9,Default task
2021-06-28T16:06:15.004+09:00,User,KeyEvent,8:8:0,go,Editor,C:/Users/User/CLionProjects/go/main.cpp,,11,8,Default task
2021-06-28T16:06:15.139+09:00,User,Action,EditorBackSpace,go,Editor,C:/Users/User/CLionProjects/go/main.cpp,,11,8,Default task
2021-06-28T16:06:15.155+09:00,User,KeyEvent,8:8:0,go,Editor,C:/Users/User/CLionProjects/go/main.cpp,,11,7,Default task
2021-06-28T16:06:15.307+09:00,User,Action,EditorBackSpace,go,Editor,C:/Users/User/CLionProjects/go/main.cpp,,11,7,Default task
2021-06-28T16:06:15.318+09:00,User,KeyEvent,8:8:0,go,Editor,C:/Users/User/CLionProjects/go/main.cpp,,11,6,Default task
2021-06-28T16:06:15.979+09:00,User,KeyEvent,99:67:0,go,Editor,C:/Users/User/CLionProjects/go/main.cpp,,11,6,Default task
2021-06-28T16:06:16.322+09:00,User,KeyEvent,116:84:0,go,Editor,C:/Users/User/CLionProjects/go/main.cpp,,11,7,Default task
2021-06-28T16:06:16.435+09:00,User,KeyEvent,111:79:0,go,Editor,C:/Users/User/CLionProjects/go/main.cpp,,11,8,Default task
2021-06-28T16:06:16.522+09:00,User,KeyEvent,114:82:0,go,Editor,C:/Users/User/CLionProjects/go/main.cpp,,11,9,Default task
2021-06-28T16:06:16.754+09:00,User,Action,EditorChooseLookupItem,go,Editor,C:/Users/User/CLionProjects/go/main.cpp,,11,10,Default task
2021-06-28T16:06:16.787+09:00,User,KeyEvent,10:10:0,go,Editor,C:/Users/User/CLionProjects/go/main.cpp,,11,11,Default task
2021-06-28T16:06:17.386+09:00,User,KeyEvent,105:73:0,go,Editor,C:/Users/User/CLionProjects/go/main.cpp,,11,11,Default task
2021-06-28T16:06:17.474+09:00,User,KeyEvent,110:78:0,go,Editor,C:/Users/User/CLionProjects/go/main.cpp,,11,12,Default task
2021-06-28T16:06:17.563+09:00,User,KeyEvent,116:84:0,go,Editor,C:/Users/User/CLionProjects/go/main.cpp,,11,13,Default task
2021-06-28T16:06:17.882+09:00,User,Action,EditorRight,go,Editor,C:/Users/User/CLionProjects/go/main.cpp,,11,14,Default task
2021-06-28T16:06:17.897+09:00,User,KeyEvent,65535:39:0,go,Editor,C:/Users/User/CLionProjects/go/main.cpp,,11,15,Default task
2021-06-28T16:06:18.267+09:00,User,KeyEvent,32:32:0,go,Editor,C:/Users/User/CLionProjects/go/main.cpp,,11,15,Default task
2021-06-28T16:06:19.146+09:00,User,KeyEvent,110:78:0,go,Editor,C:/Users/User/CLionProjects/go/main.cpp,,11,16,Default task
2021-06-28T16:06:19.234+09:00,User,KeyEvent,117:85:0,go,Editor,C:/Users/User/CLionProjects/go/main.cpp,,11,17,Default task
2021-06-28T16:06:19.444+09:00,User,KeyEvent,109:77:0,go,Editor,C:/Users/User/CLionProjects/go/main.cpp,,11,18,Default task
2021-06-28T16:06:20.419+09:00,User,KeyEvent,59:59:0,go,Editor,C:/Users/User/CLionProjects/go/main.cpp,,11,19,Default task
2021-06-28T16:06:20.963+09:00,User,Action,EditorDown,go,Editor,C:/Users/User/CLionProjects/go/main.cpp,,11,20,Default task
2021-06-28T16:06:20.963+09:00,User,KeyEvent,65535:40:0,go,Editor,C:/Users/User/CLionProjects/go/main.cpp,,12,0,Default task
2021-06-28T16:06:21.116+09:00,User,Action,EditorDown,go,Editor,C:/Users/User/CLionProjects/go/main.cpp,,12,0,Default task
2021-06-28T16:06:21.117+09:00,User,KeyEvent,65535:40:0,go,Editor,C:/Users/User/CLionProjects/go/main.cpp,,13,20,Default task
2021-06-28T16:06:21.724+09:00,User,Action,EditorRight,go,Editor,C:/Users/User/CLionProjects/go/main.cpp,,13,20,Default task
2021-06-28T16:06:21.726+09:00,User,KeyEvent,65535:39:0,go,Editor,C:/Users/User/CLionProjects/go/main.cpp,,13,21,Default task
2021-06-28T16:06:21.875+09:00,User,Action,EditorRight,go,Editor,C:/Users/User/CLionProjects/go/main.cpp,,13,21,Default task
2021-06-28T16:06:21.876+09:00,User,KeyEvent,65535:39:0,go,Editor,C:/Users/User/CLionProjects/go/main.cpp,,13,22,Default task
2021-06-28T16:06:22.385+09:00,User,Action,EditorRight,go,Editor,C:/Users/User/CLionProjects/go/main.cpp,,13,22,Default task
2021-06-28T16:06:22.388+09:00,User,KeyEvent,65535:39:0,go,Editor,C:/Users/User/CLionProjects/go/main.cpp,,13,23,Default task
2021-06-28T16:06:22.417+09:00,User,Action,EditorRight,go,Editor,C:/Users/User/CLionProjects/go/main.cpp,,13,23,Default task
2021-06-28T16:06:22.420+09:00,User,KeyEvent,65535:39:0,go,Editor,C:/Users/User/CLionProjects/go/main.cpp,,13,24,Default task
2021-06-28T16:06:22.445+09:00,User,Action,EditorRight,go,Editor,C:/Users/User/CLionProjects/go/main.cpp,,13,24,Default task
2021-06-28T16:06:22.446+09:00,User,KeyEvent,65535:39:0,go,Editor,C:/Users/User/CLionProjects/go/main.cpp,,13,25,Default task
2021-06-28T16:06:22.476+09:00,User,Action,EditorRight,go,Editor,C:/Users/User/CLionProjects/go/main.cpp,,13,25,Default task
2021-06-28T16:06:22.477+09:00,User,KeyEvent,65535:39:0,go,Editor,C:/Users/User/CLionProjects/go/main.cpp,,13,26,Default task
2021-06-28T16:06:22.521+09:00,User,Action,EditorRight,go,Editor,C:/Users/User/CLionProjects/go/main.cpp,,13,26,Default task
2021-06-28T16:06:22.522+09:00,User,KeyEvent,65535:39:0,go,Editor,C:/Users/User/CLionProjects/go/main.cpp,,13,27,Default task
2021-06-28T16:06:22.552+09:00,User,Action,EditorRight,go,Editor,C:/Users/User/CLionProjects/go/main.cpp,,13,27,Default task
2021-06-28T16:06:22.554+09:00,User,KeyEvent,65535:39:0,go,Editor,C:/Users/User/CLionProjects/go/main.cpp,,13,28,Default task
2021-06-28T16:06:22.907+09:00,User,Action,EditorRight,go,Editor,C:/Users/User/CLionProjects/go/main.cpp,,13,28,Default task
2021-06-28T16:06:22.908+09:00,User,KeyEvent,65535:39:0,go,Editor,C:/Users/User/CLionProjects/go/main.cpp,,13,29,Default task
2021-06-28T16:06:23.266+09:00,User,KeyEvent,65535:16:1,go,Editor,C:/Users/User/CLionProjects/go/main.cpp,,13,29,Default task
2021-06-28T16:06:23.339+09:00,User,Action,EditorRightWithSelection,go,Editor,C:/Users/User/CLionProjects/go/main.cpp,,13,29,Default task
2021-06-28T16:06:23.340+09:00,User,KeyEvent,65535:39:1,go,Editor,C:/Users/User/CLionProjects/go/main.cpp,,13,30,Default task
2021-06-28T16:06:23.987+09:00,User,KeyEvent,110:78:0,go,Editor,C:/Users/User/CLionProjects/go/main.cpp,,13,30,Default task
2021-06-28T16:06:24.050+09:00,User,KeyEvent,117:85:0,go,Editor,C:/Users/User/CLionProjects/go/main.cpp,,13,30,Default task
2021-06-28T16:06:24.235+09:00,User,KeyEvent,109:77:0,go,Editor,C:/Users/User/CLionProjects/go/main.cpp,,13,31,Default task
2021-06-28T16:06:24.660+09:00,User,Action,EditorRight,go,Editor,C:/Users/User/CLionProjects/go/main.cpp,,13,32,Default task
2021-06-28T16:06:24.673+09:00,User,KeyEvent,65535:39:0,go,Editor,C:/Users/User/CLionProjects/go/main.cpp,,13,33,Default task
2021-06-28T16:06:25.331+09:00,User,KeyEvent,44:44:0,go,Editor,C:/Users/User/CLionProjects/go/main.cpp,,13,33,Default task
2021-06-28T16:06:25.467+09:00,User,KeyEvent,32:32:0,go,Editor,C:/Users/User/CLionProjects/go/main.cpp,,13,34,Default task
2021-06-28T16:06:25.586+09:00,User,KeyEvent,65535:20:0,go,Editor,C:/Users/User/CLionProjects/go/main.cpp,,13,35,Default task
2021-06-28T16:06:25.674+09:00,User,KeyEvent,78:78:0,go,Editor,C:/Users/User/CLionProjects/go/main.cpp,,13,35,Default task
2021-06-28T16:06:25.930+09:00,User,KeyEvent,32:32:0,go,Editor,C:/Users/User/CLionProjects/go/main.cpp,,13,36,Default task
2021-06-28T16:06:26.323+09:00,User,Action,EditorBackSpace,go,Editor,C:/Users/User/CLionProjects/go/main.cpp,,13,37,Default task
2021-06-28T16:06:26.327+09:00,User,KeyEvent,8:8:0,go,Editor,C:/Users/User/CLionProjects/go/main.cpp,,13,36,Default task
2021-06-28T16:06:26.546+09:00,User,KeyEvent,44:44:0,go,Editor,C:/Users/User/CLionProjects/go/main.cpp,,13,36,Default task
2021-06-28T16:06:26.635+09:00,User,KeyEvent,32:32:0,go,Editor,C:/Users/User/CLionProjects/go/main.cpp,,13,37,Default task
2021-06-28T16:06:27.508+09:00,User,KeyEvent,91:91:0,go,Editor,C:/Users/User/CLionProjects/go/main.cpp,,13,38,Default task
2021-06-28T16:06:27.570+09:00,User,KeyEvent,93:93:0,go,Editor,C:/Users/User/CLionProjects/go/main.cpp,,13,39,Default task
2021-06-28T16:06:27.876+09:00,User,KeyEvent,65535:16:1,go,Editor,C:/Users/User/CLionProjects/go/main.cpp,,13,40,Default task
2021-06-28T16:06:28.002+09:00,User,KeyEvent,40:57:1,go,Editor,C:/Users/User/CLionProjects/go/main.cpp,,13,40,Default task
2021-06-28T16:06:28.212+09:00,User,KeyEvent,41:48:1,go,Editor,C:/Users/User/CLionProjects/go/main.cpp,,13,41,Default task
2021-06-28T16:06:28.570+09:00,User,KeyEvent,65535:16:1,go,Editor,C:/Users/User/CLionProjects/go/main.cpp,,13,42,Default task
2021-06-28T16:06:28.723+09:00,User,KeyEvent,123:91:1,go,Editor,C:/Users/User/CLionProjects/go/main.cpp,,13,42,Default task
2021-06-28T16:06:29.332+09:00,User,KeyEvent,65535:20:0,go,Editor,C:/Users/User/CLionProjects/go/main.cpp,,13,43,Default task
2021-06-28T16:06:29.668+09:00,User,KeyEvent,114:82:0,go,Editor,C:/Users/User/CLionProjects/go/main.cpp,,13,43,Default task
2021-06-28T16:06:29.738+09:00,User,KeyEvent,101:69:0,go,Editor,C:/Users/User/CLionProjects/go/main.cpp,,13,44,Default task
2021-06-28T16:06:29.899+09:00,User,KeyEvent,116:84:0,go,Editor,C:/Users/User/CLionProjects/go/main.cpp,,13,45,Default task
2021-06-28T16:06:29.995+09:00,User,KeyEvent,117:85:0,go,Editor,C:/Users/User/CLionProjects/go/main.cpp,,13,46,Default task
2021-06-28T16:06:30.131+09:00,User,KeyEvent,114:82:0,go,Editor,C:/Users/User/CLionProjects/go/main.cpp,,13,47,Default task
2021-06-28T16:06:30.266+09:00,User,KeyEvent,110:78:0,go,Editor,C:/Users/User/CLionProjects/go/main.cpp,,13,48,Default task
2021-06-28T16:06:30.405+09:00,User,KeyEvent,32:32:0,go,Editor,C:/Users/User/CLionProjects/go/main.cpp,,13,49,Default task
2021-06-28T16:06:31.708+09:00,User,KeyEvent,42:106:0,go,Editor,C:/Users/User/CLionProjects/go/main.cpp,,13,50,Default task
2021-06-28T16:06:32.106+09:00,User,KeyEvent,65535:16:1,go,Editor,C:/Users/User/CLionProjects/go/main.cpp,,13,51,Default task
2021-06-28T16:06:32.290+09:00,User,KeyEvent,40:57:1,go,Editor,C:/Users/User/CLionProjects/go/main.cpp,,13,51,Default task
2021-06-28T16:06:32.523+09:00,User,KeyEvent,115:83:0,go,Editor,C:/Users/User/CLionProjects/go/main.cpp,,13,52,Default task
2021-06-28T16:06:32.643+09:00,User,KeyEvent,105:73:0,go,Editor,C:/Users/User/CLionProjects/go/main.cpp,,13,53,Default task
2021-06-28T16:06:32.988+09:00,User,Action,EditorBackSpace,go,Editor,C:/Users/User/CLionProjects/go/main.cpp,,13,54,Default task
2021-06-28T16:06:33.004+09:00,User,KeyEvent,8:8:0,go,Editor,C:/Users/User/CLionProjects/go/main.cpp,,13,53,Default task
2021-06-28T16:06:33.108+09:00,User,Action,EditorBackSpace,go,Editor,C:/Users/User/CLionProjects/go/main.cpp,,13,53,Default task
2021-06-28T16:06:33.124+09:00,User,KeyEvent,8:8:0,go,Editor,C:/Users/User/CLionProjects/go/main.cpp,,13,52,Default task
2021-06-28T16:06:33.283+09:00,User,KeyEvent,105:73:0,go,Editor,C:/Users/User/CLionProjects/go/main.cpp,,13,52,Default task
2021-06-28T16:06:33.370+09:00,User,KeyEvent,115:83:0,go,Editor,C:/Users/User/CLionProjects/go/main.cpp,,13,53,Default task
2021-06-28T16:06:33.450+09:00,User,KeyEvent,116:84:0,go,Editor,C:/Users/User/CLionProjects/go/main.cpp,,13,54,Default task
2021-06-28T16:06:33.688+09:00,User,KeyEvent,114:82:0,go,Editor,C:/Users/User/CLionProjects/go/main.cpp,,13,55,Default task
2021-06-28T16:06:34.523+09:00,User,Action,EditorChooseLookupItem,go,Editor,C:/Users/User/CLionProjects/go/main.cpp,,13,56,Default task
2021-06-28T16:06:34.551+09:00,User,KeyEvent,10:10:0,go,Editor,C:/Users/User/CLionProjects/go/main.cpp,,13,69,Default task
2021-06-28T16:06:36.050+09:00,User,KeyEvent,105:73:0,go,Editor,C:/Users/User/CLionProjects/go/main.cpp,,13,69,Default task
2021-06-28T16:06:36.109+09:00,User,KeyEvent,110:78:0,go,Editor,C:/Users/User/CLionProjects/go/main.cpp,,13,70,Default task
2021-06-28T16:06:36.197+09:00,User,KeyEvent,116:84:0,go,Editor,C:/Users/User/CLionProjects/go/main.cpp,,13,71,Default task
2021-06-28T16:06:36.843+09:00,User,Action,EditorRight,go,Editor,C:/Users/User/CLionProjects/go/main.cpp,,13,72,Default task
2021-06-28T16:06:36.849+09:00,User,KeyEvent,65535:39:0,go,Editor,C:/Users/User/CLionProjects/go/main.cpp,,13,73,Default task
2021-06-28T16:06:37.915+09:00,User,KeyEvent,65535:16:1,go,Editor,C:/Users/User/CLionProjects/go/main.cpp,,13,73,Default task
2021-06-28T16:06:38.051+09:00,User,KeyEvent,40:57:1,go,Editor,C:/Users/User/CLionProjects/go/main.cpp,,13,73,Default task
2021-06-28T16:06:38.523+09:00,User,Action,EditorBackSpace,go,Editor,C:/Users/User/CLionProjects/go/main.cpp,,13,74,Default task
2021-06-28T16:06:38.537+09:00,User,KeyEvent,8:8:0,go,Editor,C:/Users/User/CLionProjects/go/main.cpp,,13,73,Default task
2021-06-28T16:06:38.771+09:00,User,KeyEvent,65535:16:1,go,Editor,C:/Users/User/CLionProjects/go/main.cpp,,13,73,Default task
2021-06-28T16:06:38.898+09:00,User,KeyEvent,123:91:1,go,Editor,C:/Users/User/CLionProjects/go/main.cpp,,13,73,Default task
2021-06-28T16:06:39.402+09:00,User,KeyEvent,99:67:0,go,Editor,C:/Users/User/CLionProjects/go/main.cpp,,13,74,Default task
2021-06-28T16:06:39.506+09:00,User,KeyEvent,105:73:0,go,Editor,C:/Users/User/CLionProjects/go/main.cpp,,13,75,Default task
2021-06-28T16:06:39.562+09:00,User,KeyEvent,110:78:0,go,Editor,C:/Users/User/CLionProjects/go/main.cpp,,13,76,Default task
2021-06-28T16:06:40.499+09:00,User,Action,EditorRight,go,Editor,C:/Users/User/CLionProjects/go/main.cpp,,13,77,Default task
2021-06-28T16:06:40.503+09:00,User,KeyEvent,65535:39:0,go,Editor,C:/Users/User/CLionProjects/go/main.cpp,,13,78,Default task
2021-06-28T16:06:40.882+09:00,User,Action,EditorRight,go,Editor,C:/Users/User/CLionProjects/go/main.cpp,,13,78,Default task
2021-06-28T16:06:40.883+09:00,User,KeyEvent,65535:39:0,go,Editor,C:/Users/User/CLionProjects/go/main.cpp,,13,79,Default task
2021-06-28T16:06:41.996+09:00,User,Action,EditorRight,go,Editor,C:/Users/User/CLionProjects/go/main.cpp,,13,79,Default task
2021-06-28T16:06:41.999+09:00,User,KeyEvent,65535:39:0,go,Editor,C:/Users/User/CLionProjects/go/main.cpp,,13,80,Default task
2021-06-28T16:06:42.171+09:00,User,Action,EditorRight,go,Editor,C:/Users/User/CLionProjects/go/main.cpp,,13,80,Default task
2021-06-28T16:06:42.173+09:00,User,KeyEvent,65535:39:0,go,Editor,C:/Users/User/CLionProjects/go/main.cpp,,13,81,Default task
2021-06-28T16:06:42.820+09:00,User,Action,EditorLeft,go,Editor,C:/Users/User/CLionProjects/go/main.cpp,,13,81,Default task
2021-06-28T16:06:42.822+09:00,User,KeyEvent,65535:37:0,go,Editor,C:/Users/User/CLionProjects/go/main.cpp,,13,80,Default task
2021-06-28T16:06:43.739+09:00,User,Action,EditorLeft,go,Editor,C:/Users/User/CLionProjects/go/main.cpp,,13,80,Default task
2021-06-28T16:06:43.740+09:00,User,KeyEvent,65535:37:0,go,Editor,C:/Users/User/CLionProjects/go/main.cpp,,13,79,Default task
2021-06-28T16:06:44.372+09:00,User,Action,EditorRight,go,Editor,C:/Users/User/CLionProjects/go/main.cpp,,13,79,Default task
2021-06-28T16:06:44.374+09:00,User,KeyEvent,65535:39:0,go,Editor,C:/Users/User/CLionProjects/go/main.cpp,,13,80,Default task
2021-06-28T16:06:44.651+09:00,User,Action,EditorLeft,go,Editor,C:/Users/User/CLionProjects/go/main.cpp,,13,80,Default task
2021-06-28T16:06:44.653+09:00,User,KeyEvent,65535:37:0,go,Editor,C:/Users/User/CLionProjects/go/main.cpp,,13,79,Default task
2021-06-28T16:06:45.955+09:00,User,KeyEvent,59:59:0,go,Editor,C:/Users/User/CLionProjects/go/main.cpp,,13,79,Default task
2021-06-28T16:06:46.402+09:00,User,Action,EditorRight,go,Editor,C:/Users/User/CLionProjects/go/main.cpp,,13,80,Default task
2021-06-28T16:06:46.403+09:00,User,KeyEvent,65535:39:0,go,Editor,C:/Users/User/CLionProjects/go/main.cpp,,13,81,Default task
2021-06-28T16:06:46.563+09:00,User,Action,EditorRight,go,Editor,C:/Users/User/CLionProjects/go/main.cpp,,13,81,Default task
2021-06-28T16:06:46.563+09:00,User,KeyEvent,65535:39:0,go,Editor,C:/Users/User/CLionProjects/go/main.cpp,,13,82,Default task
2021-06-28T16:06:46.747+09:00,User,Action,EditorRight,go,Editor,C:/Users/User/CLionProjects/go/main.cpp,,13,82,Default task
2021-06-28T16:06:46.748+09:00,User,KeyEvent,65535:39:0,go,Editor,C:/Users/User/CLionProjects/go/main.cpp,,14,0,Default task
2021-06-28T16:06:47.444+09:00,User,Action,EditorLeft,go,Editor,C:/Users/User/CLionProjects/go/main.cpp,,14,0,Default task
2021-06-28T16:06:47.447+09:00,User,KeyEvent,65535:37:0,go,Editor,C:/Users/User/CLionProjects/go/main.cpp,,13,82,Default task
2021-06-28T16:06:48.155+09:00,User,KeyEvent,59:59:0,go,Editor,C:/Users/User/CLionProjects/go/main.cpp,,13,82,Default task
2021-06-28T16:06:48.963+09:00,User,Action,EditorEnter,go,Editor,C:/Users/User/CLionProjects/go/main.cpp,,13,83,Default task
2021-06-28T16:06:48.967+09:00,User,KeyEvent,10:10:0,go,Editor,C:/Users/User/CLionProjects/go/main.cpp,,14,4,Default task
2021-06-28T16:06:49.106+09:00,User,Action,EditorEnter,go,Editor,C:/Users/User/CLionProjects/go/main.cpp,,14,4,Default task
2021-06-28T16:06:49.109+09:00,User,KeyEvent,10:10:0,go,Editor,C:/Users/User/CLionProjects/go/main.cpp,,15,4,Default task
2021-06-28T16:06:49.626+09:00,User,KeyEvent,111:79:0,go,Editor,C:/Users/User/CLionProjects/go/main.cpp,,15,4,Default task
2021-06-28T16:06:49.730+09:00,User,KeyEvent,115:83:0,go,Editor,C:/Users/User/CLionProjects/go/main.cpp,,15,5,Default task
2021-06-28T16:06:49.802+09:00,User,KeyEvent,116:84:0,go,Editor,C:/Users/User/CLionProjects/go/main.cpp,,15,6,Default task
2021-06-28T16:06:50.683+09:00,User,Action,EditorChooseLookupItem,go,Editor,C:/Users/User/CLionProjects/go/main.cpp,,15,7,Default task
2021-06-28T16:06:50.696+09:00,User,KeyEvent,10:10:0,go,Editor,C:/Users/User/CLionProjects/go/main.cpp,,15,21,Default task
2021-06-28T16:06:52.938+09:00,User,KeyEvent,105:73:0,go,Editor,C:/Users/User/CLionProjects/go/main.cpp,,15,21,Default task
2021-06-28T16:06:53.010+09:00,User,KeyEvent,110:78:0,go,Editor,C:/Users/User/CLionProjects/go/main.cpp,,15,22,Default task
2021-06-28T16:06:53.059+09:00,User,KeyEvent,116:84:0,go,Editor,C:/Users/User/CLionProjects/go/main.cpp,,15,23,Default task
2021-06-28T16:06:53.811+09:00,User,KeyEvent,65535:16:1,go,Editor,C:/Users/User/CLionProjects/go/main.cpp,,15,24,Default task
2021-06-28T16:06:53.875+09:00,User,KeyEvent,62:46:1,go,Editor,C:/Users/User/CLionProjects/go/main.cpp,,15,24,Default task
2021-06-28T16:06:54.403+09:00,User,Action,EditorBackSpace,go,Editor,C:/Users/User/CLionProjects/go/main.cpp,,15,25,Default task
2021-06-28T16:06:54.404+09:00,User,KeyEvent,8:8:0,go,Editor,C:/Users/User/CLionProjects/go/main.cpp,,15,24,Default task
2021-06-28T16:06:54.771+09:00,User,Action,EditorRight,go,Editor,C:/Users/User/CLionProjects/go/main.cpp,,15,24,Default task
2021-06-28T16:06:54.773+09:00,User,KeyEvent,65535:39:0,go,Editor,C:/Users/User/CLionProjects/go/main.cpp,,15,25,Default task
2021-06-28T16:06:56.236+09:00,User,KeyEvent,32:32:0,go,Editor,C:/Users/User/CLionProjects/go/main.cpp,,15,25,Default task
2021-06-28T16:06:56.435+09:00,User,KeyEvent,111:79:0,go,Editor,C:/Users/User/CLionProjects/go/main.cpp,,15,26,Default task
2021-06-28T16:06:56.524+09:00,User,KeyEvent,115:83:0,go,Editor,C:/Users/User/CLionProjects/go/main.cpp,,15,27,Default task
2021-06-28T16:06:56.586+09:00,User,KeyEvent,116:84:0,go,Editor,C:/Users/User/CLionProjects/go/main.cpp,,15,28,Default task
2021-06-28T16:06:57.540+09:00,User,KeyEvent,65535:16:1,go,Editor,C:/Users/User/CLionProjects/go/main.cpp,,15,29,Default task
2021-06-28T16:06:57.627+09:00,User,KeyEvent,40:57:1,go,Editor,C:/Users/User/CLionProjects/go/main.cpp,,15,29,Default task
2021-06-28T16:06:58.444+09:00,User,KeyEvent,99:67:0,go,Editor,C:/Users/User/CLionProjects/go/main.cpp,,15,30,Default task
2021-06-28T16:06:58.498+09:00,User,KeyEvent,111:79:0,go,Editor,C:/Users/User/CLionProjects/go/main.cpp,,15,31,Default task
2021-06-28T16:06:58.699+09:00,User,KeyEvent,117:85:0,go,Editor,C:/Users/User/CLionProjects/go/main.cpp,,15,32,Default task
2021-06-28T16:06:58.762+09:00,User,KeyEvent,116:84:0,go,Editor,C:/Users/User/CLionProjects/go/main.cpp,,15,33,Default task
2021-06-28T16:06:58.994+09:00,User,KeyEvent,65535:16:1,go,Editor,C:/Users/User/CLionProjects/go/main.cpp,,15,34,Default task
2021-06-28T16:06:59.435+09:00,User,KeyEvent,44:44:0,go,Editor,C:/Users/User/CLionProjects/go/main.cpp,,15,34,Default task
2021-06-28T16:06:59.562+09:00,User,KeyEvent,32:32:0,go,Editor,C:/Users/User/CLionProjects/go/main.cpp,,15,35,Default task
2021-06-28T16:06:59.765+09:00,User,KeyEvent,65535:16:1,go,Editor,C:/Users/User/CLionProjects/go/main.cpp,,15,36,Default task
2021-06-28T16:06:59.827+09:00,User,KeyEvent,34:222:1,go,Editor,C:/Users/User/CLionProjects/go/main.cpp,,15,36,Default task
2021-06-28T16:06:59.986+09:00,User,KeyEvent,32:32:0,go,Editor,C:/Users/User/CLionProjects/go/main.cpp,,15,37,Default task
2021-06-28T16:07:00.108+09:00,User,KeyEvent,65535:16:1,go,Editor,C:/Users/User/CLionProjects/go/main.cpp,,15,38,Default task
2021-06-28T16:07:00.179+09:00,User,KeyEvent,34:222:1,go,Editor,C:/Users/User/CLionProjects/go/main.cpp,,15,38,Default task
2021-06-28T16:07:00.488+09:00,User,KeyEvent,65535:16:1,go,Editor,C:/Users/User/CLionProjects/go/main.cpp,,15,39,Default task
2021-06-28T16:07:00.610+09:00,User,KeyEvent,41:48:1,go,Editor,C:/Users/User/CLionProjects/go/main.cpp,,15,39,Default task
2021-06-28T16:07:01.050+09:00,User,KeyEvent,59:59:0,go,Editor,C:/Users/User/CLionProjects/go/main.cpp,,15,40,Default task
2021-06-28T16:07:01.267+09:00,User,Action,EditorEnter,go,Editor,C:/Users/User/CLionProjects/go/main.cpp,,15,41,Default task
2021-06-28T16:07:01.270+09:00,User,KeyEvent,10:10:0,go,Editor,C:/Users/User/CLionProjects/go/main.cpp,,16,4,Default task
2021-06-28T16:07:02.595+09:00,User,KeyEvent,99:67:0,go,Editor,C:/Users/User/CLionProjects/go/main.cpp,,16,4,Default task
2021-06-28T16:07:02.690+09:00,User,KeyEvent,111:79:0,go,Editor,C:/Users/User/CLionProjects/go/main.cpp,,16,5,Default task
2021-06-28T16:07:03.043+09:00,User,KeyEvent,112:80:0,go,Editor,C:/Users/User/CLionProjects/go/main.cpp,,16,6,Default task
2021-06-28T16:07:03.218+09:00,User,KeyEvent,121:89:0,go,Editor,C:/Users/User/CLionProjects/go/main.cpp,,16,7,Default task
2021-06-28T16:07:03.498+09:00,User,KeyEvent,65535:16:1,go,Editor,C:/Users/User/CLionProjects/go/main.cpp,,16,8,Default task
2021-06-28T16:07:03.562+09:00,User,KeyEvent,95:45:1,go,Editor,C:/Users/User/CLionProjects/go/main.cpp,,16,8,Default task
2021-06-28T16:07:03.842+09:00,User,KeyEvent,105:73:0,go,Editor,C:/Users/User/CLionProjects/go/main.cpp,,16,9,Default task
2021-06-28T16:07:03.932+09:00,User,KeyEvent,102:70:0,go,Editor,C:/Users/User/CLionProjects/go/main.cpp,,16,10,Default task
2021-06-28T16:07:04.419+09:00,User,Action,EditorChooseLookupItem,go,Editor,C:/Users/User/CLionProjects/go/main.cpp,,16,11,Default task
2021-06-28T16:07:04.441+09:00,User,KeyEvent,10:10:0,go,Editor,C:/Users/User/CLionProjects/go/main.cpp,,16,12,Default task
2021-06-28T16:07:05.635+09:00,User,KeyEvent,98:66:0,go,Editor,C:/Users/User/CLionProjects/go/main.cpp,,16,12,Default task
2021-06-28T16:07:05.781+09:00,User,KeyEvent,101:69:0,go,Editor,C:/Users/User/CLionProjects/go/main.cpp,,16,13,Default task
2021-06-28T16:07:06.235+09:00,User,KeyEvent,103:71:0,go,Editor,C:/Users/User/CLionProjects/go/main.cpp,,16,14,Default task
2021-06-28T16:07:06.307+09:00,User,KeyEvent,101:69:0,go,Editor,C:/Users/User/CLionProjects/go/main.cpp,,16,15,Default task
2021-06-28T16:07:07.554+09:00,User,Action,EditorBackSpace,go,Editor,C:/Users/User/CLionProjects/go/main.cpp,,16,16,Default task
2021-06-28T16:07:07.557+09:00,User,KeyEvent,8:8:0,go,Editor,C:/Users/User/CLionProjects/go/main.cpp,,16,15,Default task
2021-06-28T16:07:07.793+09:00,User,KeyEvent,105:73:0,go,Editor,C:/Users/User/CLionProjects/go/main.cpp,,16,15,Default task
2021-06-28T16:07:07.917+09:00,User,KeyEvent,110:78:0,go,Editor,C:/Users/User/CLionProjects/go/main.cpp,,16,16,Default task
2021-06-28T16:07:08.387+09:00,User,Action,EditorChooseLookupItem,go,Editor,C:/Users/User/CLionProjects/go/main.cpp,,16,17,Default task
2021-06-28T16:07:08.400+09:00,User,KeyEvent,10:10:0,go,Editor,C:/Users/User/CLionProjects/go/main.cpp,,16,18,Default task
2021-06-28T16:07:08.826+09:00,User,KeyEvent,110:78:0,go,Editor,C:/Users/User/CLionProjects/go/main.cpp,,16,18,Default task
2021-06-28T16:07:08.882+09:00,User,KeyEvent,117:85:0,go,Editor,C:/Users/User/CLionProjects/go/main.cpp,,16,19,Default task
2021-06-28T16:07:09.050+09:00,User,KeyEvent,109:77:0,go,Editor,C:/Users/User/CLionProjects/go/main.cpp,,16,20,Default task
2021-06-28T16:07:09.362+09:00,User,KeyEvent,44:44:0,go,Editor,C:/Users/User/CLionProjects/go/main.cpp,,16,21,Default task
2021-06-28T16:07:09.701+09:00,User,Action,EditorBackSpace,go,Editor,C:/Users/User/CLionProjects/go/main.cpp,,16,22,Default task
2021-06-28T16:07:09.726+09:00,User,KeyEvent,8:8:0,go,Editor,C:/Users/User/CLionProjects/go/main.cpp,,16,21,Default task
2021-06-28T16:07:09.922+09:00,User,KeyEvent,65535:16:1,go,Editor,C:/Users/User/CLionProjects/go/main.cpp,,16,21,Default task
2021-06-28T16:07:10.002+09:00,User,KeyEvent,41:48:1,go,Editor,C:/Users/User/CLionProjects/go/main.cpp,,16,21,Default task
2021-06-28T16:07:10.362+09:00,User,KeyEvent,44:44:0,go,Editor,C:/Users/User/CLionProjects/go/main.cpp,,16,22,Default task
2021-06-28T16:07:10.858+09:00,User,KeyEvent,32:32:0,go,Editor,C:/Users/User/CLionProjects/go/main.cpp,,16,23,Default task
2021-06-28T16:07:10.986+09:00,User,KeyEvent,101:69:0,go,Editor,C:/Users/User/CLionProjects/go/main.cpp,,16,24,Default task
2021-06-28T16:07:11.091+09:00,User,KeyEvent,110:78:0,go,Editor,C:/Users/User/CLionProjects/go/main.cpp,,16,25,Default task
2021-06-28T16:07:11.177+09:00,User,KeyEvent,100:68:0,go,Editor,C:/Users/User/CLionProjects/go/main.cpp,,16,26,Default task
2021-06-28T16:07:11.365+09:00,User,KeyEvent,65535:16:1,go,Editor,C:/Users/User/CLionProjects/go/main.cpp,,16,27,Default task
2021-06-28T16:07:11.427+09:00,User,KeyEvent,40:57:1,go,Editor,C:/Users/User/CLionProjects/go/main.cpp,,16,27,Default task
2021-06-28T16:07:11.763+09:00,User,KeyEvent,110:78:0,go,Editor,C:/Users/User/CLionProjects/go/main.cpp,,16,28,Default task
2021-06-28T16:07:11.833+09:00,User,KeyEvent,117:85:0,go,Editor,C:/Users/User/CLionProjects/go/main.cpp,,16,29,Default task
2021-06-28T16:07:12.026+09:00,User,KeyEvent,109:77:0,go,Editor,C:/Users/User/CLionProjects/go/main.cpp,,16,30,Default task
2021-06-28T16:07:12.298+09:00,User,KeyEvent,65535:16:1,go,Editor,C:/Users/User/CLionProjects/go/main.cpp,,16,31,Default task
2021-06-28T16:07:12.338+09:00,User,KeyEvent,41:48:1,go,Editor,C:/Users/User/CLionProjects/go/main.cpp,,16,31,Default task
2021-06-28T16:07:13.731+09:00,User,KeyEvent,44:44:0,go,Editor,C:/Users/User/CLionProjects/go/main.cpp,,16,32,Default task
2021-06-28T16:07:13.899+09:00,User,KeyEvent,32:32:0,go,Editor,C:/Users/User/CLionProjects/go/main.cpp,,16,33,Default task
2021-06-28T16:07:14.514+09:00,User,KeyEvent,111:79:0,go,Editor,C:/Users/User/CLionProjects/go/main.cpp,,16,34,Default task
2021-06-28T16:07:14.557+09:00,User,KeyEvent,115:83:0,go,Editor,C:/Users/User/CLionProjects/go/main.cpp,,16,35,Default task
2021-06-28T16:07:14.634+09:00,User,KeyEvent,116:84:0,go,Editor,C:/Users/User/CLionProjects/go/main.cpp,,16,36,Default task
2021-06-28T16:07:14.779+09:00,User,KeyEvent,44:44:0,go,Editor,C:/Users/User/CLionProjects/go/main.cpp,,16,37,Default task
2021-06-28T16:07:14.867+09:00,User,KeyEvent,32:32:0,go,Editor,C:/Users/User/CLionProjects/go/main.cpp,,16,38,Default task
2021-06-28T16:07:16.148+09:00,User,KeyEvent,91:91:0,go,Editor,C:/Users/User/CLionProjects/go/main.cpp,,16,39,Default task
2021-06-28T16:07:17.207+09:00,User,KeyEvent,61:61:0,go,Editor,C:/Users/User/CLionProjects/go/main.cpp,,16,40,Default task
2021-06-28T16:07:17.634+09:00,User,KeyEvent,93:93:0,go,Editor,C:/Users/User/CLionProjects/go/main.cpp,,16,41,Default task
2021-06-28T16:07:19.394+09:00,User,KeyEvent,65535:16:1,go,Editor,C:/Users/User/CLionProjects/go/main.cpp,,16,42,Default task
2021-06-28T16:07:19.466+09:00,User,KeyEvent,40:57:1,go,Editor,C:/Users/User/CLionProjects/go/main.cpp,,16,42,Default task
2021-06-28T16:07:19.762+09:00,User,KeyEvent,105:73:0,go,Editor,C:/Users/User/CLionProjects/go/main.cpp,,16,43,Default task
2021-06-28T16:07:19.850+09:00,User,KeyEvent,110:78:0,go,Editor,C:/Users/User/CLionProjects/go/main.cpp,,16,44,Default task
2021-06-28T16:07:19.922+09:00,User,KeyEvent,116:84:0,go,Editor,C:/Users/User/CLionProjects/go/main.cpp,,16,45,Default task
2021-06-28T16:07:20.062+09:00,User,KeyEvent,32:32:0,go,Editor,C:/Users/User/CLionProjects/go/main.cpp,,16,46,Default task
2021-06-28T16:07:20.175+09:00,User,KeyEvent,105:73:0,go,Editor,C:/Users/User/CLionProjects/go/main.cpp,,16,47,Default task
2021-06-28T16:07:20.266+09:00,User,KeyEvent,32:32:0,go,Editor,C:/Users/User/CLionProjects/go/main.cpp,,16,48,Default task
2021-06-28T16:07:20.546+09:00,User,KeyEvent,65535:16:1,go,Editor,C:/Users/User/CLionProjects/go/main.cpp,,16,49,Default task
2021-06-28T16:07:20.634+09:00,User,KeyEvent,41:48:1,go,Editor,C:/Users/User/CLionProjects/go/main.cpp,,16,49,Default task
2021-06-28T16:07:20.979+09:00,User,Action,EditorBackSpace,go,Editor,C:/Users/User/CLionProjects/go/main.cpp,,16,50,Default task
2021-06-28T16:07:20.980+09:00,User,KeyEvent,8:8:0,go,Editor,C:/Users/User/CLionProjects/go/main.cpp,,16,49,Default task
2021-06-28T16:07:21.274+09:00,User,Action,EditorBackSpace,go,Editor,C:/Users/User/CLionProjects/go/main.cpp,,16,49,Default task
2021-06-28T16:07:21.276+09:00,User,KeyEvent,8:8:0,go,Editor,C:/Users/User/CLionProjects/go/main.cpp,,16,48,Default task
2021-06-28T16:07:21.571+09:00,User,KeyEvent,65535:16:1,go,Editor,C:/Users/User/CLionProjects/go/main.cpp,,16,48,Default task
2021-06-28T16:07:21.610+09:00,User,KeyEvent,41:48:1,go,Editor,C:/Users/User/CLionProjects/go/main.cpp,,16,48,Default task
2021-06-28T16:07:22.394+09:00,User,KeyEvent,65535:16:1,go,Editor,C:/Users/User/CLionProjects/go/main.cpp,,16,49,Default task
2021-06-28T16:07:22.819+09:00,User,KeyEvent,123:91:1,go,Editor,C:/Users/User/CLionProjects/go/main.cpp,,16,49,Default task
2021-06-28T16:07:23.071+09:00,User,KeyEvent,114:82:0,go,Editor,C:/Users/User/CLionProjects/go/main.cpp,,16,50,Default task
2021-06-28T16:07:23.162+09:00,User,KeyEvent,101:69:0,go,Editor,C:/Users/User/CLionProjects/go/main.cpp,,16,51,Default task
2021-06-28T16:07:23.292+09:00,User,KeyEvent,116:84:0,go,Editor,C:/Users/User/CLionProjects/go/main.cpp,,16,52,Default task
2021-06-28T16:07:23.370+09:00,User,KeyEvent,117:85:0,go,Editor,C:/Users/User/CLionProjects/go/main.cpp,,16,53,Default task
2021-06-28T16:07:23.491+09:00,User,KeyEvent,114:82:0,go,Editor,C:/Users/User/CLionProjects/go/main.cpp,,16,54,Default task
2021-06-28T16:07:23.595+09:00,User,KeyEvent,110:78:0,go,Editor,C:/Users/User/CLionProjects/go/main.cpp,,16,55,Default task
2021-06-28T16:07:23.666+09:00,User,KeyEvent,32:32:0,go,Editor,C:/Users/User/CLionProjects/go/main.cpp,,16,56,Default task
2021-06-28T16:07:24.683+09:00,User,KeyEvent,105:73:0,go,Editor,C:/Users/User/CLionProjects/go/main.cpp,,16,57,Default task
2021-06-28T16:07:24.827+09:00,User,KeyEvent,32:32:0,go,Editor,C:/Users/User/CLionProjects/go/main.cpp,,16,58,Default task
2021-06-28T16:07:25.010+09:00,User,KeyEvent,65535:16:1,go,Editor,C:/Users/User/CLionProjects/go/main.cpp,,16,59,Default task
2021-06-28T16:07:25.050+09:00,User,KeyEvent,60:44:1,go,Editor,C:/Users/User/CLionProjects/go/main.cpp,,16,59,Default task
2021-06-28T16:07:25.164+09:00,User,KeyEvent,32:32:0,go,Editor,C:/Users/User/CLionProjects/go/main.cpp,,16,60,Default task
2021-06-28T16:07:25.259+09:00,User,KeyEvent,65535:20:0,go,Editor,C:/Users/User/CLionProjects/go/main.cpp,,16,61,Default task
2021-06-28T16:07:25.435+09:00,User,KeyEvent,88:88:0,go,Editor,C:/Users/User/CLionProjects/go/main.cpp,,16,61,Default task
2021-06-28T16:07:26.483+09:00,User,KeyEvent,59:59:0,go,Editor,C:/Users/User/CLionProjects/go/main.cpp,,16,62,Default task
2021-06-28T16:07:26.948+09:00,User,Action,EditorRight,go,Editor,C:/Users/User/CLionProjects/go/main.cpp,,16,63,Default task
2021-06-28T16:07:26.950+09:00,User,KeyEvent,65535:39:0,go,Editor,C:/Users/User/CLionProjects/go/main.cpp,,16,64,Default task
2021-06-28T16:07:27.091+09:00,User,Action,EditorRight,go,Editor,C:/Users/User/CLionProjects/go/main.cpp,,16,64,Default task
2021-06-28T16:07:27.091+09:00,User,KeyEvent,65535:39:0,go,Editor,C:/Users/User/CLionProjects/go/main.cpp,,16,65,Default task
2021-06-28T16:07:27.698+09:00,User,KeyEvent,59:59:0,go,Editor,C:/Users/User/CLionProjects/go/main.cpp,,16,65,Default task
2021-06-28T16:07:30.083+09:00,User,KeyEvent,65535:17:2,go,Editor,C:/Users/User/CLionProjects/go/main.cpp,,18,4,Default task
2021-06-28T16:07:30.291+09:00,User,Action,SaveAll,go,Editor,C:/Users/User/CLionProjects/go/main.cpp,,18,4,Default task
2021-06-28T16:07:30.316+09:00,User,KeyEvent,19:83:2,go,Editor,C:/Users/User/CLionProjects/go/main.cpp,,18,4,Default task
2021-06-28T16:07:47.276+09:00,User,Action,Run,go,Editor,C:/Users/User/CLionProjects/go/main.cpp,,20,1,Default task
2021-06-28T16:07:52.307+09:00,User,KeyEvent,65535:17:2,go,Editor,C:/Users/User/CLionProjects/go/main.cpp,,20,1,Default task
2021-06-28T16:07:52.389+09:00,User,KeyEvent,22:86:2,go,Editor,C:/Users/User/CLionProjects/go/main.cpp,,20,1,Default task
2021-06-28T16:07:53.399+09:00,User,KeyEvent,10:10:0,go,Editor,C:/Users/User/CLionProjects/go/main.cpp,,20,1,Default task
2021-06-28T16:07:59.326+09:00,User,Action,Run,go,Editor,C:/Users/User/CLionProjects/go/main.cpp,,20,1,Default task
2021-06-28T16:08:01.162+09:00,User,KeyEvent,65535:17:2,go,Editor,C:/Users/User/CLionProjects/go/main.cpp,,20,1,Default task
2021-06-28T16:08:01.317+09:00,User,KeyEvent,22:86:2,go,Editor,C:/Users/User/CLionProjects/go/main.cpp,,20,1,Default task
2021-06-28T16:08:02.133+09:00,User,KeyEvent,10:10:0,go,Editor,C:/Users/User/CLionProjects/go/main.cpp,,20,1,Default task
