2021-06-24T19:26:58.509+09:00,User,Action,EditorDelete,hello,Editor,C:/Users/User/CLionProjects/hello/main.cpp,,0,0,Default task
2021-06-24T19:26:58.511+09:00,User,KeyEvent,127:127:0,hello,Editor,C:/Users/User/CLionProjects/hello/main.cpp,,0,0,Default task
2021-06-24T19:27:01.929+09:00,User,Action,Clear Tracking Log,,,,,-1,-1,
2021-06-24T19:27:04.404+09:00,User,KeyEvent,65535:16:1,hello,Editor,C:/Users/User/CLionProjects/hello/main.cpp,,0,0,Default task
2021-06-24T19:27:04.551+09:00,User,KeyEvent,35:51:1,hello,Editor,C:/Users/User/CLionProjects/hello/main.cpp,,0,0,Default task
2021-06-24T19:27:05.140+09:00,User,KeyEvent,105:73:0,hello,Editor,C:/Users/User/CLionProjects/hello/main.cpp,,0,1,Default task
2021-06-24T19:27:05.220+09:00,User,KeyEvent,110:78:0,hello,Editor,C:/Users/User/CLionProjects/hello/main.cpp,,0,2,Default task
2021-06-24T19:27:05.560+09:00,User,KeyEvent,99:67:0,hello,Editor,C:/Users/User/CLionProjects/hello/main.cpp,,0,3,Default task
2021-06-24T19:27:05.692+09:00,User,KeyEvent,108:76:0,hello,Editor,C:/Users/User/CLionProjects/hello/main.cpp,,0,4,Default task
2021-06-24T19:27:05.845+09:00,User,KeyEvent,117:85:0,hello,Editor,C:/Users/User/CLionProjects/hello/main.cpp,,0,5,Default task
2021-06-24T19:27:05.996+09:00,User,KeyEvent,100:68:0,hello,Editor,C:/Users/User/CLionProjects/hello/main.cpp,,0,6,Default task
2021-06-24T19:27:06.157+09:00,User,KeyEvent,101:69:0,hello,Editor,C:/Users/User/CLionProjects/hello/main.cpp,,0,7,Default task
2021-06-24T19:27:06.294+09:00,User,KeyEvent,32:32:0,hello,Editor,C:/Users/User/CLionProjects/hello/main.cpp,,0,8,Default task
2021-06-24T19:27:06.390+09:00,User,KeyEvent,65535:16:1,hello,Editor,C:/Users/User/CLionProjects/hello/main.cpp,,0,9,Default task
2021-06-24T19:27:06.453+09:00,User,KeyEvent,60:44:1,hello,Editor,C:/Users/User/CLionProjects/hello/main.cpp,,0,9,Default task
2021-06-24T19:27:07.780+09:00,User,KeyEvent,105:73:0,hello,Editor,C:/Users/User/CLionProjects/hello/main.cpp,,0,10,Default task
2021-06-24T19:27:07.855+09:00,User,KeyEvent,111:79:0,hello,Editor,C:/Users/User/CLionProjects/hello/main.cpp,,0,11,Default task
2021-06-24T19:27:08.189+09:00,User,KeyEvent,115:83:0,hello,Editor,C:/Users/User/CLionProjects/hello/main.cpp,,0,12,Default task
2021-06-24T19:27:08.277+09:00,User,KeyEvent,116:84:0,hello,Editor,C:/Users/User/CLionProjects/hello/main.cpp,,0,13,Default task
2021-06-24T19:27:08.532+09:00,User,Action,EditorChooseLookupItem,hello,Editor,C:/Users/User/CLionProjects/hello/main.cpp,,0,14,Default task
2021-06-24T19:27:08.548+09:00,User,KeyEvent,10:10:0,hello,Editor,C:/Users/User/CLionProjects/hello/main.cpp,,0,18,Default task
2021-06-24T19:27:08.940+09:00,User,KeyEvent,65535:16:1,hello,Editor,C:/Users/User/CLionProjects/hello/main.cpp,,0,18,Default task
2021-06-24T19:27:09.037+09:00,User,KeyEvent,62:46:1,hello,Editor,C:/Users/User/CLionProjects/hello/main.cpp,,0,18,Default task
2021-06-24T19:27:09.229+09:00,User,Action,EditorEnter,hello,Editor,C:/Users/User/CLionProjects/hello/main.cpp,,0,18,Default task
2021-06-24T19:27:09.232+09:00,User,KeyEvent,10:10:0,hello,Editor,C:/Users/User/CLionProjects/hello/main.cpp,,1,0,Default task
2021-06-24T19:27:09.812+09:00,User,Action,EditorBackSpace,hello,Editor,C:/Users/User/CLionProjects/hello/main.cpp,,1,0,Default task
2021-06-24T19:27:09.814+09:00,User,KeyEvent,8:8:0,hello,Editor,C:/Users/User/CLionProjects/hello/main.cpp,,0,18,Default task
2021-06-24T19:27:10.022+09:00,User,KeyEvent,65535:16:1,hello,Editor,C:/Users/User/CLionProjects/hello/main.cpp,,0,18,Default task
2021-06-24T19:27:10.060+09:00,User,KeyEvent,62:46:1,hello,Editor,C:/Users/User/CLionProjects/hello/main.cpp,,0,18,Default task
2021-06-24T19:27:10.237+09:00,User,Action,EditorEnter,hello,Editor,C:/Users/User/CLionProjects/hello/main.cpp,,0,19,Default task
2021-06-24T19:27:10.239+09:00,User,KeyEvent,10:10:0,hello,Editor,C:/Users/User/CLionProjects/hello/main.cpp,,1,0,Default task
2021-06-24T19:27:10.668+09:00,User,KeyEvent,65535:16:1,hello,Editor,C:/Users/User/CLionProjects/hello/main.cpp,,1,0,Default task
2021-06-24T19:27:10.724+09:00,User,KeyEvent,35:51:1,hello,Editor,C:/Users/User/CLionProjects/hello/main.cpp,,1,0,Default task
2021-06-24T19:27:10.916+09:00,User,KeyEvent,105:73:0,hello,Editor,C:/Users/User/CLionProjects/hello/main.cpp,,1,1,Default task
2021-06-24T19:27:11.028+09:00,User,KeyEvent,110:78:0,hello,Editor,C:/Users/User/CLionProjects/hello/main.cpp,,1,2,Default task
2021-06-24T19:27:11.141+09:00,User,KeyEvent,99:67:0,hello,Editor,C:/Users/User/CLionProjects/hello/main.cpp,,1,3,Default task
2021-06-24T19:27:11.236+09:00,User,KeyEvent,108:76:0,hello,Editor,C:/Users/User/CLionProjects/hello/main.cpp,,1,4,Default task
2021-06-24T19:27:11.348+09:00,User,KeyEvent,117:85:0,hello,Editor,C:/Users/User/CLionProjects/hello/main.cpp,,1,5,Default task
2021-06-24T19:27:11.444+09:00,User,KeyEvent,100:68:0,hello,Editor,C:/Users/User/CLionProjects/hello/main.cpp,,1,6,Default task
2021-06-24T19:27:11.572+09:00,User,KeyEvent,101:69:0,hello,Editor,C:/Users/User/CLionProjects/hello/main.cpp,,1,7,Default task
2021-06-24T19:27:11.797+09:00,User,KeyEvent,32:32:0,hello,Editor,C:/Users/User/CLionProjects/hello/main.cpp,,1,8,Default task
2021-06-24T19:27:11.918+09:00,User,KeyEvent,65535:16:1,hello,Editor,C:/Users/User/CLionProjects/hello/main.cpp,,1,9,Default task
2021-06-24T19:27:11.956+09:00,User,KeyEvent,60:44:1,hello,Editor,C:/Users/User/CLionProjects/hello/main.cpp,,1,9,Default task
2021-06-24T19:27:13.524+09:00,User,KeyEvent,97:65:0,hello,Editor,C:/Users/User/CLionProjects/hello/main.cpp,,1,10,Default task
2021-06-24T19:27:13.604+09:00,User,KeyEvent,108:76:0,hello,Editor,C:/Users/User/CLionProjects/hello/main.cpp,,1,11,Default task
2021-06-24T19:27:13.732+09:00,User,KeyEvent,103:71:0,hello,Editor,C:/Users/User/CLionProjects/hello/main.cpp,,1,12,Default task
2021-06-24T19:27:13.843+09:00,User,KeyEvent,111:79:0,hello,Editor,C:/Users/User/CLionProjects/hello/main.cpp,,1,13,Default task
2021-06-24T19:27:14.068+09:00,User,Action,EditorChooseLookupItem,hello,Editor,C:/Users/User/CLionProjects/hello/main.cpp,,1,14,Default task
2021-06-24T19:27:14.086+09:00,User,KeyEvent,10:10:0,hello,Editor,C:/Users/User/CLionProjects/hello/main.cpp,,1,19,Default task
2021-06-24T19:27:14.684+09:00,User,KeyEvent,65535:16:1,hello,Editor,C:/Users/User/CLionProjects/hello/main.cpp,,1,19,Default task
2021-06-24T19:27:14.757+09:00,User,KeyEvent,62:46:1,hello,Editor,C:/Users/User/CLionProjects/hello/main.cpp,,1,19,Default task
2021-06-24T19:27:14.949+09:00,User,Action,EditorEnter,hello,Editor,C:/Users/User/CLionProjects/hello/main.cpp,,1,19,Default task
2021-06-24T19:27:14.951+09:00,User,KeyEvent,10:10:0,hello,Editor,C:/Users/User/CLionProjects/hello/main.cpp,,2,0,Default task
2021-06-24T19:27:15.476+09:00,User,Action,EditorBackSpace,hello,Editor,C:/Users/User/CLionProjects/hello/main.cpp,,2,0,Default task
2021-06-24T19:27:15.485+09:00,User,KeyEvent,8:8:0,hello,Editor,C:/Users/User/CLionProjects/hello/main.cpp,,1,19,Default task
2021-06-24T19:27:15.692+09:00,User,KeyEvent,65535:16:1,hello,Editor,C:/Users/User/CLionProjects/hello/main.cpp,,1,19,Default task
2021-06-24T19:27:15.723+09:00,User,KeyEvent,62:46:1,hello,Editor,C:/Users/User/CLionProjects/hello/main.cpp,,1,19,Default task
2021-06-24T19:27:15.924+09:00,User,Action,EditorEnter,hello,Editor,C:/Users/User/CLionProjects/hello/main.cpp,,1,20,Default task
2021-06-24T19:27:15.926+09:00,User,KeyEvent,10:10:0,hello,Editor,C:/Users/User/CLionProjects/hello/main.cpp,,2,0,Default task
2021-06-24T19:27:16.316+09:00,User,KeyEvent,65535:16:1,hello,Editor,C:/Users/User/CLionProjects/hello/main.cpp,,2,0,Default task
2021-06-24T19:27:16.660+09:00,User,KeyEvent,65535:16:1,hello,Editor,C:/Users/User/CLionProjects/hello/main.cpp,,2,0,Default task
2021-06-24T19:27:16.824+09:00,User,KeyEvent,35:51:1,hello,Editor,C:/Users/User/CLionProjects/hello/main.cpp,,2,0,Default task
2021-06-24T19:27:17.068+09:00,User,KeyEvent,105:73:0,hello,Editor,C:/Users/User/CLionProjects/hello/main.cpp,,2,1,Default task
2021-06-24T19:27:17.164+09:00,User,KeyEvent,110:78:0,hello,Editor,C:/Users/User/CLionProjects/hello/main.cpp,,2,2,Default task
2021-06-24T19:27:17.276+09:00,User,KeyEvent,99:67:0,hello,Editor,C:/Users/User/CLionProjects/hello/main.cpp,,2,3,Default task
2021-06-24T19:27:17.380+09:00,User,KeyEvent,108:76:0,hello,Editor,C:/Users/User/CLionProjects/hello/main.cpp,,2,4,Default task
2021-06-24T19:27:17.508+09:00,User,KeyEvent,117:85:0,hello,Editor,C:/Users/User/CLionProjects/hello/main.cpp,,2,5,Default task
2021-06-24T19:27:17.612+09:00,User,KeyEvent,100:68:0,hello,Editor,C:/Users/User/CLionProjects/hello/main.cpp,,2,6,Default task
2021-06-24T19:27:17.780+09:00,User,KeyEvent,101:69:0,hello,Editor,C:/Users/User/CLionProjects/hello/main.cpp,,2,7,Default task
2021-06-24T19:27:17.900+09:00,User,KeyEvent,32:32:0,hello,Editor,C:/Users/User/CLionProjects/hello/main.cpp,,2,8,Default task
2021-06-24T19:27:18.373+09:00,User,KeyEvent,65535:16:1,hello,Editor,C:/Users/User/CLionProjects/hello/main.cpp,,2,9,Default task
2021-06-24T19:27:18.492+09:00,User,KeyEvent,60:44:1,hello,Editor,C:/Users/User/CLionProjects/hello/main.cpp,,2,9,Default task
2021-06-24T19:27:19.036+09:00,User,KeyEvent,118:86:0,hello,Editor,C:/Users/User/CLionProjects/hello/main.cpp,,2,10,Default task
2021-06-24T19:27:19.155+09:00,User,KeyEvent,101:69:0,hello,Editor,C:/Users/User/CLionProjects/hello/main.cpp,,2,11,Default task
2021-06-24T19:27:19.804+09:00,User,Action,EditorChooseLookupItem,hello,Editor,C:/Users/User/CLionProjects/hello/main.cpp,,2,12,Default task
2021-06-24T19:27:19.814+09:00,User,KeyEvent,10:10:0,hello,Editor,C:/Users/User/CLionProjects/hello/main.cpp,,2,16,Default task
2021-06-24T19:27:20.428+09:00,User,KeyEvent,65535:16:1,hello,Editor,C:/Users/User/CLionProjects/hello/main.cpp,,2,16,Default task
2021-06-24T19:27:20.516+09:00,User,KeyEvent,62:46:1,hello,Editor,C:/Users/User/CLionProjects/hello/main.cpp,,2,16,Default task
2021-06-24T19:27:21.708+09:00,User,KeyEvent,65535:16:1,hello,Editor,C:/Users/User/CLionProjects/hello/main.cpp,,2,16,Default task
2021-06-24T19:27:21.780+09:00,User,KeyEvent,62:46:1,hello,Editor,C:/Users/User/CLionProjects/hello/main.cpp,,2,16,Default task
2021-06-24T19:27:22.188+09:00,User,Action,EditorEnter,hello,Editor,C:/Users/User/CLionProjects/hello/main.cpp,,2,17,Default task
2021-06-24T19:27:22.193+09:00,User,KeyEvent,10:10:0,hello,Editor,C:/Users/User/CLionProjects/hello/main.cpp,,3,0,Default task
2021-06-24T19:27:23.116+09:00,User,Action,EditorEnter,hello,Editor,C:/Users/User/CLionProjects/hello/main.cpp,,3,0,Default task
2021-06-24T19:27:23.122+09:00,User,KeyEvent,10:10:0,hello,Editor,C:/Users/User/CLionProjects/hello/main.cpp,,4,0,Default task
2021-06-24T19:27:23.636+09:00,User,KeyEvent,117:85:0,hello,Editor,C:/Users/User/CLionProjects/hello/main.cpp,,4,0,Default task
2021-06-24T19:27:23.780+09:00,User,KeyEvent,115:83:0,hello,Editor,C:/Users/User/CLionProjects/hello/main.cpp,,4,1,Default task
2021-06-24T19:27:23.876+09:00,User,KeyEvent,105:73:0,hello,Editor,C:/Users/User/CLionProjects/hello/main.cpp,,4,2,Default task
2021-06-24T19:27:23.947+09:00,User,KeyEvent,110:78:0,hello,Editor,C:/Users/User/CLionProjects/hello/main.cpp,,4,3,Default task
2021-06-24T19:27:24.036+09:00,User,KeyEvent,103:71:0,hello,Editor,C:/Users/User/CLionProjects/hello/main.cpp,,4,4,Default task
2021-06-24T19:27:24.124+09:00,User,KeyEvent,32:32:0,hello,Editor,C:/Users/User/CLionProjects/hello/main.cpp,,4,5,Default task
2021-06-24T19:27:24.260+09:00,User,KeyEvent,110:78:0,hello,Editor,C:/Users/User/CLionProjects/hello/main.cpp,,4,6,Default task
2021-06-24T19:27:24.344+09:00,User,KeyEvent,97:65:0,hello,Editor,C:/Users/User/CLionProjects/hello/main.cpp,,4,7,Default task
2021-06-24T19:27:24.460+09:00,User,KeyEvent,109:77:0,hello,Editor,C:/Users/User/CLionProjects/hello/main.cpp,,4,8,Default task
2021-06-24T19:27:24.603+09:00,User,KeyEvent,101:69:0,hello,Editor,C:/Users/User/CLionProjects/hello/main.cpp,,4,9,Default task
2021-06-24T19:27:24.885+09:00,User,Action,EditorChooseLookupItem,hello,Editor,C:/Users/User/CLionProjects/hello/main.cpp,,4,10,Default task
2021-06-24T19:27:24.903+09:00,User,KeyEvent,10:10:0,hello,Editor,C:/Users/User/CLionProjects/hello/main.cpp,,4,16,Default task
2021-06-24T19:27:25.228+09:00,User,KeyEvent,32:32:0,hello,Editor,C:/Users/User/CLionProjects/hello/main.cpp,,4,16,Default task
2021-06-24T19:27:25.332+09:00,User,KeyEvent,115:83:0,hello,Editor,C:/Users/User/CLionProjects/hello/main.cpp,,4,17,Default task
2021-06-24T19:27:25.419+09:00,User,KeyEvent,116:84:0,hello,Editor,C:/Users/User/CLionProjects/hello/main.cpp,,4,18,Default task
2021-06-24T19:27:25.636+09:00,User,Action,EditorBackSpace,hello,Editor,C:/Users/User/CLionProjects/hello/main.cpp,,4,19,Default task
2021-06-24T19:27:25.642+09:00,User,KeyEvent,8:8:0,hello,Editor,C:/Users/User/CLionProjects/hello/main.cpp,,4,18,Default task
2021-06-24T19:27:25.764+09:00,User,Action,EditorBackSpace,hello,Editor,C:/Users/User/CLionProjects/hello/main.cpp,,4,18,Default task
2021-06-24T19:27:25.773+09:00,User,KeyEvent,8:8:0,hello,Editor,C:/Users/User/CLionProjects/hello/main.cpp,,4,17,Default task
2021-06-24T19:27:25.892+09:00,User,Action,EditorBackSpace,hello,Editor,C:/Users/User/CLionProjects/hello/main.cpp,,4,17,Default task
2021-06-24T19:27:25.893+09:00,User,KeyEvent,8:8:0,hello,Editor,C:/Users/User/CLionProjects/hello/main.cpp,,4,16,Default task
2021-06-24T19:27:26.260+09:00,User,KeyEvent,115:83:0,hello,Editor,C:/Users/User/CLionProjects/hello/main.cpp,,4,16,Default task
2021-06-24T19:27:26.356+09:00,User,KeyEvent,116:84:0,hello,Editor,C:/Users/User/CLionProjects/hello/main.cpp,,4,17,Default task
2021-06-24T19:27:26.452+09:00,User,KeyEvent,100:68:0,hello,Editor,C:/Users/User/CLionProjects/hello/main.cpp,,4,18,Default task
2021-06-24T19:27:26.556+09:00,User,KeyEvent,59:59:0,hello,Editor,C:/Users/User/CLionProjects/hello/main.cpp,,4,19,Default task
2021-06-24T19:27:26.789+09:00,User,Action,EditorEnter,hello,Editor,C:/Users/User/CLionProjects/hello/main.cpp,,4,20,Default task
2021-06-24T19:27:26.792+09:00,User,KeyEvent,10:10:0,hello,Editor,C:/Users/User/CLionProjects/hello/main.cpp,,5,0,Default task
2021-06-24T19:27:27.349+09:00,User,Action,EditorEnter,hello,Editor,C:/Users/User/CLionProjects/hello/main.cpp,,5,0,Default task
2021-06-24T19:27:27.351+09:00,User,KeyEvent,10:10:0,hello,Editor,C:/Users/User/CLionProjects/hello/main.cpp,,6,0,Default task
2021-06-24T19:27:28.284+09:00,User,KeyEvent,118:86:0,hello,Editor,C:/Users/User/CLionProjects/hello/main.cpp,,6,0,Default task
2021-06-24T19:27:28.348+09:00,User,KeyEvent,111:79:0,hello,Editor,C:/Users/User/CLionProjects/hello/main.cpp,,6,1,Default task
2021-06-24T19:27:28.508+09:00,User,KeyEvent,105:73:0,hello,Editor,C:/Users/User/CLionProjects/hello/main.cpp,,6,2,Default task
2021-06-24T19:27:28.861+09:00,User,Action,EditorBackSpace,hello,Editor,C:/Users/User/CLionProjects/hello/main.cpp,,6,3,Default task
2021-06-24T19:27:28.878+09:00,User,KeyEvent,8:8:0,hello,Editor,C:/Users/User/CLionProjects/hello/main.cpp,,6,2,Default task
2021-06-24T19:27:28.988+09:00,User,Action,EditorBackSpace,hello,Editor,C:/Users/User/CLionProjects/hello/main.cpp,,6,2,Default task
2021-06-24T19:27:29.004+09:00,User,KeyEvent,8:8:0,hello,Editor,C:/Users/User/CLionProjects/hello/main.cpp,,6,1,Default task
2021-06-24T19:27:29.111+09:00,User,Action,EditorBackSpace,hello,Editor,C:/Users/User/CLionProjects/hello/main.cpp,,6,1,Default task
2021-06-24T19:27:29.128+09:00,User,KeyEvent,8:8:0,hello,Editor,C:/Users/User/CLionProjects/hello/main.cpp,,6,0,Default task
2021-06-24T19:27:29.580+09:00,User,KeyEvent,105:73:0,hello,Editor,C:/Users/User/CLionProjects/hello/main.cpp,,6,0,Default task
2021-06-24T19:27:29.690+09:00,User,KeyEvent,110:78:0,hello,Editor,C:/Users/User/CLionProjects/hello/main.cpp,,6,1,Default task
2021-06-24T19:27:29.772+09:00,User,KeyEvent,116:84:0,hello,Editor,C:/Users/User/CLionProjects/hello/main.cpp,,6,2,Default task
2021-06-24T19:27:29.868+09:00,User,KeyEvent,32:32:0,hello,Editor,C:/Users/User/CLionProjects/hello/main.cpp,,6,3,Default task
2021-06-24T19:27:30.005+09:00,User,KeyEvent,109:77:0,hello,Editor,C:/Users/User/CLionProjects/hello/main.cpp,,6,4,Default task
2021-06-24T19:27:30.137+09:00,User,KeyEvent,97:65:0,hello,Editor,C:/Users/User/CLionProjects/hello/main.cpp,,6,5,Default task
2021-06-24T19:27:30.220+09:00,User,KeyEvent,105:73:0,hello,Editor,C:/Users/User/CLionProjects/hello/main.cpp,,6,6,Default task
2021-06-24T19:27:30.293+09:00,User,KeyEvent,110:78:0,hello,Editor,C:/Users/User/CLionProjects/hello/main.cpp,,6,7,Default task
2021-06-24T19:27:30.548+09:00,User,KeyEvent,65535:16:1,hello,Editor,C:/Users/User/CLionProjects/hello/main.cpp,,6,8,Default task
2021-06-24T19:27:30.636+09:00,User,KeyEvent,40:57:1,hello,Editor,C:/Users/User/CLionProjects/hello/main.cpp,,6,8,Default task
2021-06-24T19:27:30.869+09:00,User,KeyEvent,118:86:0,hello,Editor,C:/Users/User/CLionProjects/hello/main.cpp,,6,9,Default task
2021-06-24T19:27:30.999+09:00,User,KeyEvent,111:79:0,hello,Editor,C:/Users/User/CLionProjects/hello/main.cpp,,6,10,Default task
2021-06-24T19:27:31.147+09:00,User,KeyEvent,105:73:0,hello,Editor,C:/Users/User/CLionProjects/hello/main.cpp,,6,11,Default task
2021-06-24T19:27:31.236+09:00,User,KeyEvent,100:68:0,hello,Editor,C:/Users/User/CLionProjects/hello/main.cpp,,6,12,Default task
2021-06-24T19:27:31.428+09:00,User,KeyEvent,65535:16:1,hello,Editor,C:/Users/User/CLionProjects/hello/main.cpp,,6,13,Default task
2021-06-24T19:27:31.531+09:00,User,KeyEvent,41:48:1,hello,Editor,C:/Users/User/CLionProjects/hello/main.cpp,,6,13,Default task
2021-06-24T19:27:31.788+09:00,User,Action,EditorEnter,hello,Editor,C:/Users/User/CLionProjects/hello/main.cpp,,6,14,Default task
2021-06-24T19:27:31.793+09:00,User,KeyEvent,10:10:0,hello,Editor,C:/Users/User/CLionProjects/hello/main.cpp,,7,0,Default task
2021-06-24T19:27:32.036+09:00,User,KeyEvent,65535:16:1,hello,Editor,C:/Users/User/CLionProjects/hello/main.cpp,,7,0,Default task
2021-06-24T19:27:32.116+09:00,User,KeyEvent,123:91:1,hello,Editor,C:/Users/User/CLionProjects/hello/main.cpp,,7,0,Default task
2021-06-24T19:27:32.244+09:00,User,Action,EditorEnter,hello,Editor,C:/Users/User/CLionProjects/hello/main.cpp,,7,1,Default task
2021-06-24T19:27:32.247+09:00,User,KeyEvent,10:10:0,hello,Editor,C:/Users/User/CLionProjects/hello/main.cpp,,8,4,Default task
2021-06-24T19:27:38.941+09:00,User,KeyEvent,105:73:0,hello,Editor,C:/Users/User/CLionProjects/hello/main.cpp,,8,4,Default task
2021-06-24T19:27:39.012+09:00,User,KeyEvent,110:78:0,hello,Editor,C:/Users/User/CLionProjects/hello/main.cpp,,8,5,Default task
2021-06-24T19:27:39.136+09:00,User,KeyEvent,116:84:0,hello,Editor,C:/Users/User/CLionProjects/hello/main.cpp,,8,6,Default task
2021-06-24T19:27:39.260+09:00,User,KeyEvent,32:32:0,hello,Editor,C:/Users/User/CLionProjects/hello/main.cpp,,8,7,Default task
2021-06-24T19:27:39.557+09:00,User,KeyEvent,115:83:0,hello,Editor,C:/Users/User/CLionProjects/hello/main.cpp,,8,8,Default task
2021-06-24T19:27:39.652+09:00,User,KeyEvent,105:73:0,hello,Editor,C:/Users/User/CLionProjects/hello/main.cpp,,8,9,Default task
2021-06-24T19:27:39.740+09:00,User,KeyEvent,122:90:0,hello,Editor,C:/Users/User/CLionProjects/hello/main.cpp,,8,10,Default task
2021-06-24T19:27:39.837+09:00,User,KeyEvent,101:69:0,hello,Editor,C:/Users/User/CLionProjects/hello/main.cpp,,8,11,Default task
2021-06-24T19:27:41.428+09:00,User,Action,EditorBackSpace,hello,Editor,C:/Users/User/CLionProjects/hello/main.cpp,,8,12,Default task
2021-06-24T19:27:41.430+09:00,User,KeyEvent,8:8:0,hello,Editor,C:/Users/User/CLionProjects/hello/main.cpp,,8,11,Default task
2021-06-24T19:27:41.566+09:00,User,Action,EditorBackSpace,hello,Editor,C:/Users/User/CLionProjects/hello/main.cpp,,8,11,Default task
2021-06-24T19:27:41.568+09:00,User,KeyEvent,8:8:0,hello,Editor,C:/Users/User/CLionProjects/hello/main.cpp,,8,10,Default task
2021-06-24T19:27:41.676+09:00,User,Action,EditorBackSpace,hello,Editor,C:/Users/User/CLionProjects/hello/main.cpp,,8,10,Default task
2021-06-24T19:27:41.677+09:00,User,KeyEvent,8:8:0,hello,Editor,C:/Users/User/CLionProjects/hello/main.cpp,,8,9,Default task
2021-06-24T19:27:41.825+09:00,User,KeyEvent,65535:20:0,hello,Editor,C:/Users/User/CLionProjects/hello/main.cpp,,8,9,Default task
2021-06-24T19:27:41.845+09:00,User,Action,EditorBackSpace,hello,Editor,C:/Users/User/CLionProjects/hello/main.cpp,,8,9,Default task
2021-06-24T19:27:41.848+09:00,User,KeyEvent,8:8:0,hello,Editor,C:/Users/User/CLionProjects/hello/main.cpp,,8,8,Default task
2021-06-24T19:27:42.188+09:00,User,KeyEvent,83:83:0,hello,Editor,C:/Users/User/CLionProjects/hello/main.cpp,,8,8,Default task
2021-06-24T19:27:42.284+09:00,User,KeyEvent,73:73:0,hello,Editor,C:/Users/User/CLionProjects/hello/main.cpp,,8,9,Default task
2021-06-24T19:27:42.453+09:00,User,KeyEvent,90:90:0,hello,Editor,C:/Users/User/CLionProjects/hello/main.cpp,,8,10,Default task
2021-06-24T19:27:42.964+09:00,User,KeyEvent,69:69:0,hello,Editor,C:/Users/User/CLionProjects/hello/main.cpp,,8,11,Default task
2021-06-24T19:27:43.237+09:00,User,KeyEvent,59:59:0,hello,Editor,C:/Users/User/CLionProjects/hello/main.cpp,,8,12,Default task
2021-06-24T19:27:43.372+09:00,User,Action,EditorEnter,hello,Editor,C:/Users/User/CLionProjects/hello/main.cpp,,8,13,Default task
2021-06-24T19:27:43.375+09:00,User,KeyEvent,10:10:0,hello,Editor,C:/Users/User/CLionProjects/hello/main.cpp,,9,4,Default task
2021-06-24T19:27:43.565+09:00,User,KeyEvent,65535:20:0,hello,Editor,C:/Users/User/CLionProjects/hello/main.cpp,,9,4,Default task
2021-06-24T19:27:44.877+09:00,User,KeyEvent,99:67:0,hello,Editor,C:/Users/User/CLionProjects/hello/main.cpp,,9,4,Default task
2021-06-24T19:27:45.340+09:00,User,Action,EditorBackSpace,hello,Editor,C:/Users/User/CLionProjects/hello/main.cpp,,9,5,Default task
2021-06-24T19:27:45.347+09:00,User,KeyEvent,8:8:0,hello,Editor,C:/Users/User/CLionProjects/hello/main.cpp,,9,4,Default task
2021-06-24T19:27:46.845+09:00,User,KeyEvent,105:73:0,hello,Editor,C:/Users/User/CLionProjects/hello/main.cpp,,9,4,Default task
2021-06-24T19:27:47.013+09:00,User,KeyEvent,110:78:0,hello,Editor,C:/Users/User/CLionProjects/hello/main.cpp,,9,5,Default task
2021-06-24T19:27:47.020+09:00,User,KeyEvent,116:84:0,hello,Editor,C:/Users/User/CLionProjects/hello/main.cpp,,9,6,Default task
2021-06-24T19:27:47.148+09:00,User,KeyEvent,32:32:0,hello,Editor,C:/Users/User/CLionProjects/hello/main.cpp,,9,7,Default task
2021-06-24T19:27:47.337+09:00,User,KeyEvent,115:83:0,hello,Editor,C:/Users/User/CLionProjects/hello/main.cpp,,9,8,Default task
2021-06-24T19:27:47.428+09:00,User,KeyEvent,117:85:0,hello,Editor,C:/Users/User/CLionProjects/hello/main.cpp,,9,9,Default task
2021-06-24T19:27:47.636+09:00,User,KeyEvent,109:77:0,hello,Editor,C:/Users/User/CLionProjects/hello/main.cpp,,9,10,Default task
2021-06-24T19:27:47.780+09:00,User,KeyEvent,32:32:0,hello,Editor,C:/Users/User/CLionProjects/hello/main.cpp,,9,11,Default task
2021-06-24T19:27:47.932+09:00,User,KeyEvent,61:61:0,hello,Editor,C:/Users/User/CLionProjects/hello/main.cpp,,9,12,Default task
2021-06-24T19:27:48.133+09:00,User,KeyEvent,32:32:0,hello,Editor,C:/Users/User/CLionProjects/hello/main.cpp,,9,13,Default task
2021-06-24T19:27:48.413+09:00,User,KeyEvent,48:48:0,hello,Editor,C:/Users/User/CLionProjects/hello/main.cpp,,9,14,Default task
2021-06-24T19:27:48.717+09:00,User,KeyEvent,59:59:0,hello,Editor,C:/Users/User/CLionProjects/hello/main.cpp,,9,15,Default task
2021-06-24T19:27:48.877+09:00,User,Action,EditorEnter,hello,Editor,C:/Users/User/CLionProjects/hello/main.cpp,,9,16,Default task
2021-06-24T19:27:48.880+09:00,User,KeyEvent,10:10:0,hello,Editor,C:/Users/User/CLionProjects/hello/main.cpp,,10,4,Default task
2021-06-24T19:27:49.412+09:00,User,Action,EditorEnter,hello,Editor,C:/Users/User/CLionProjects/hello/main.cpp,,10,4,Default task
2021-06-24T19:27:49.414+09:00,User,KeyEvent,10:10:0,hello,Editor,C:/Users/User/CLionProjects/hello/main.cpp,,11,4,Default task
2021-06-24T19:27:49.867+09:00,User,KeyEvent,99:67:0,hello,Editor,C:/Users/User/CLionProjects/hello/main.cpp,,11,4,Default task
2021-06-24T19:27:49.975+09:00,User,KeyEvent,105:73:0,hello,Editor,C:/Users/User/CLionProjects/hello/main.cpp,,11,5,Default task
2021-06-24T19:27:50.029+09:00,User,KeyEvent,110:78:0,hello,Editor,C:/Users/User/CLionProjects/hello/main.cpp,,11,6,Default task
2021-06-24T19:27:50.253+09:00,User,KeyEvent,32:32:0,hello,Editor,C:/Users/User/CLionProjects/hello/main.cpp,,11,7,Default task
2021-06-24T19:27:50.557+09:00,User,KeyEvent,65535:16:1,hello,Editor,C:/Users/User/CLionProjects/hello/main.cpp,,11,8,Default task
2021-06-24T19:27:50.604+09:00,User,KeyEvent,62:46:1,hello,Editor,C:/Users/User/CLionProjects/hello/main.cpp,,11,8,Default task
2021-06-24T19:27:50.749+09:00,User,KeyEvent,62:46:1,hello,Editor,C:/Users/User/CLionProjects/hello/main.cpp,,11,9,Default task
2021-06-24T19:27:50.948+09:00,User,KeyEvent,32:32:0,hello,Editor,C:/Users/User/CLionProjects/hello/main.cpp,,11,10,Default task
2021-06-24T19:27:51.046+09:00,User,KeyEvent,65535:20:0,hello,Editor,C:/Users/User/CLionProjects/hello/main.cpp,,11,11,Default task
2021-06-24T19:27:51.181+09:00,User,KeyEvent,83:83:0,hello,Editor,C:/Users/User/CLionProjects/hello/main.cpp,,11,11,Default task
2021-06-24T19:27:51.260+09:00,User,KeyEvent,73:73:0,hello,Editor,C:/Users/User/CLionProjects/hello/main.cpp,,11,12,Default task
2021-06-24T19:27:51.379+09:00,User,KeyEvent,90:90:0,hello,Editor,C:/Users/User/CLionProjects/hello/main.cpp,,11,13,Default task
2021-06-24T19:27:51.460+09:00,User,KeyEvent,69:69:0,hello,Editor,C:/Users/User/CLionProjects/hello/main.cpp,,11,14,Default task
2021-06-24T19:27:51.652+09:00,User,KeyEvent,59:59:0,hello,Editor,C:/Users/User/CLionProjects/hello/main.cpp,,11,15,Default task
2021-06-24T19:27:51.894+09:00,User,Action,EditorEnter,hello,Editor,C:/Users/User/CLionProjects/hello/main.cpp,,11,16,Default task
2021-06-24T19:27:51.896+09:00,User,KeyEvent,10:10:0,hello,Editor,C:/Users/User/CLionProjects/hello/main.cpp,,12,4,Default task
2021-06-24T19:27:52.564+09:00,User,Action,EditorEnter,hello,Editor,C:/Users/User/CLionProjects/hello/main.cpp,,12,4,Default task
2021-06-24T19:27:52.566+09:00,User,KeyEvent,10:10:0,hello,Editor,C:/Users/User/CLionProjects/hello/main.cpp,,13,4,Default task
2021-06-24T19:27:52.688+09:00,User,KeyEvent,65535:20:0,hello,Editor,C:/Users/User/CLionProjects/hello/main.cpp,,13,4,Default task
2021-06-24T19:27:53.012+09:00,User,KeyEvent,118:86:0,hello,Editor,C:/Users/User/CLionProjects/hello/main.cpp,,13,4,Default task
2021-06-24T19:27:53.148+09:00,User,KeyEvent,101:69:0,hello,Editor,C:/Users/User/CLionProjects/hello/main.cpp,,13,5,Default task
2021-06-24T19:27:53.637+09:00,User,KeyEvent,99:67:0,hello,Editor,C:/Users/User/CLionProjects/hello/main.cpp,,13,6,Default task
2021-06-24T19:27:53.764+09:00,User,KeyEvent,111:79:0,hello,Editor,C:/Users/User/CLionProjects/hello/main.cpp,,13,7,Default task
2021-06-24T19:27:53.868+09:00,User,KeyEvent,116:84:0,hello,Editor,C:/Users/User/CLionProjects/hello/main.cpp,,13,8,Default task
2021-06-24T19:27:54.148+09:00,User,Action,EditorBackSpace,hello,Editor,C:/Users/User/CLionProjects/hello/main.cpp,,13,9,Default task
2021-06-24T19:27:54.150+09:00,User,KeyEvent,8:8:0,hello,Editor,C:/Users/User/CLionProjects/hello/main.cpp,,13,8,Default task
2021-06-24T19:27:54.268+09:00,User,Action,EditorBackSpace,hello,Editor,C:/Users/User/CLionProjects/hello/main.cpp,,13,8,Default task
2021-06-24T19:27:54.277+09:00,User,KeyEvent,8:8:0,hello,Editor,C:/Users/User/CLionProjects/hello/main.cpp,,13,7,Default task
2021-06-24T19:27:54.468+09:00,User,KeyEvent,116:84:0,hello,Editor,C:/Users/User/CLionProjects/hello/main.cpp,,13,7,Default task
2021-06-24T19:27:54.580+09:00,User,KeyEvent,111:79:0,hello,Editor,C:/Users/User/CLionProjects/hello/main.cpp,,13,8,Default task
2021-06-24T19:27:54.692+09:00,User,KeyEvent,114:82:0,hello,Editor,C:/Users/User/CLionProjects/hello/main.cpp,,13,9,Default task
2021-06-24T19:27:56.357+09:00,User,KeyEvent,65535:16:1,hello,Editor,C:/Users/User/CLionProjects/hello/main.cpp,,13,10,Default task
2021-06-24T19:27:56.469+09:00,User,KeyEvent,60:44:1,hello,Editor,C:/Users/User/CLionProjects/hello/main.cpp,,13,10,Default task
2021-06-24T19:27:56.797+09:00,User,KeyEvent,105:73:0,hello,Editor,C:/Users/User/CLionProjects/hello/main.cpp,,13,11,Default task
2021-06-24T19:27:56.924+09:00,User,KeyEvent,110:78:0,hello,Editor,C:/Users/User/CLionProjects/hello/main.cpp,,13,12,Default task
2021-06-24T19:27:57.004+09:00,User,KeyEvent,116:84:0,hello,Editor,C:/Users/User/CLionProjects/hello/main.cpp,,13,13,Default task
2021-06-24T19:27:57.310+09:00,User,KeyEvent,65535:16:1,hello,Editor,C:/Users/User/CLionProjects/hello/main.cpp,,13,14,Default task
2021-06-24T19:27:57.341+09:00,User,KeyEvent,62:46:1,hello,Editor,C:/Users/User/CLionProjects/hello/main.cpp,,13,14,Default task
2021-06-24T19:27:58.982+09:00,User,KeyEvent,32:32:0,hello,Editor,C:/Users/User/CLionProjects/hello/main.cpp,,13,15,Default task
2021-06-24T19:27:59.372+09:00,User,KeyEvent,118:86:0,hello,Editor,C:/Users/User/CLionProjects/hello/main.cpp,,13,16,Default task
2021-06-24T19:27:59.651+09:00,User,KeyEvent,65535:16:1,hello,Editor,C:/Users/User/CLionProjects/hello/main.cpp,,13,17,Default task
2021-06-24T19:27:59.811+09:00,User,KeyEvent,40:57:1,hello,Editor,C:/Users/User/CLionProjects/hello/main.cpp,,13,17,Default task
2021-06-24T19:28:00.060+09:00,User,KeyEvent,65535:20:0,hello,Editor,C:/Users/User/CLionProjects/hello/main.cpp,,13,18,Default task
2021-06-24T19:28:00.268+09:00,User,KeyEvent,83:83:0,hello,Editor,C:/Users/User/CLionProjects/hello/main.cpp,,13,18,Default task
2021-06-24T19:28:00.372+09:00,User,KeyEvent,73:73:0,hello,Editor,C:/Users/User/CLionProjects/hello/main.cpp,,13,19,Default task
2021-06-24T19:28:00.473+09:00,User,KeyEvent,90:90:0,hello,Editor,C:/Users/User/CLionProjects/hello/main.cpp,,13,20,Default task
2021-06-24T19:28:00.508+09:00,User,KeyEvent,69:69:0,hello,Editor,C:/Users/User/CLionProjects/hello/main.cpp,,13,21,Default task
2021-06-24T19:28:00.717+09:00,User,KeyEvent,65535:16:1,hello,Editor,C:/Users/User/CLionProjects/hello/main.cpp,,13,22,Default task
2021-06-24T19:28:00.804+09:00,User,KeyEvent,41:48:1,hello,Editor,C:/Users/User/CLionProjects/hello/main.cpp,,13,22,Default task
2021-06-24T19:28:01.276+09:00,User,KeyEvent,59:59:0,hello,Editor,C:/Users/User/CLionProjects/hello/main.cpp,,13,23,Default task
2021-06-24T19:28:02.621+09:00,User,Action,EditorEnter,hello,Editor,C:/Users/User/CLionProjects/hello/main.cpp,,13,24,Default task
2021-06-24T19:28:02.624+09:00,User,KeyEvent,10:10:0,hello,Editor,C:/Users/User/CLionProjects/hello/main.cpp,,14,4,Default task
2021-06-24T19:28:02.764+09:00,User,Action,EditorEnter,hello,Editor,C:/Users/User/CLionProjects/hello/main.cpp,,14,4,Default task
2021-06-24T19:28:02.766+09:00,User,KeyEvent,10:10:0,hello,Editor,C:/Users/User/CLionProjects/hello/main.cpp,,15,4,Default task
2021-06-24T19:28:02.983+09:00,User,KeyEvent,65535:20:0,hello,Editor,C:/Users/User/CLionProjects/hello/main.cpp,,15,4,Default task
2021-06-24T19:28:03.268+09:00,User,KeyEvent,102:70:0,hello,Editor,C:/Users/User/CLionProjects/hello/main.cpp,,15,4,Default task
2021-06-24T19:28:03.406+09:00,User,KeyEvent,111:79:0,hello,Editor,C:/Users/User/CLionProjects/hello/main.cpp,,15,5,Default task
2021-06-24T19:28:03.468+09:00,User,KeyEvent,114:82:0,hello,Editor,C:/Users/User/CLionProjects/hello/main.cpp,,15,6,Default task
2021-06-24T19:28:03.644+09:00,User,KeyEvent,65535:16:1,hello,Editor,C:/Users/User/CLionProjects/hello/main.cpp,,15,7,Default task
2021-06-24T19:28:03.717+09:00,User,KeyEvent,95:45:1,hello,Editor,C:/Users/User/CLionProjects/hello/main.cpp,,15,7,Default task
2021-06-24T19:28:03.892+09:00,User,KeyEvent,101:69:0,hello,Editor,C:/Users/User/CLionProjects/hello/main.cpp,,15,8,Default task
2021-06-24T19:28:04.084+09:00,User,KeyEvent,97:65:0,hello,Editor,C:/Users/User/CLionProjects/hello/main.cpp,,15,9,Default task
2021-06-24T19:28:04.212+09:00,User,KeyEvent,99:67:0,hello,Editor,C:/Users/User/CLionProjects/hello/main.cpp,,15,10,Default task
2021-06-24T19:28:04.317+09:00,User,KeyEvent,104:72:0,hello,Editor,C:/Users/User/CLionProjects/hello/main.cpp,,15,11,Default task
2021-06-24T19:28:06.804+09:00,User,Action,EditorChooseLookupItem,hello,Editor,C:/Users/User/CLionProjects/hello/main.cpp,,15,12,Default task
2021-06-24T19:28:06.815+09:00,User,KeyEvent,10:10:0,hello,Editor,C:/Users/User/CLionProjects/hello/main.cpp,,15,13,Default task
2021-06-24T19:28:09.101+09:00,User,KeyEvent,118:86:0,hello,Editor,C:/Users/User/CLionProjects/hello/main.cpp,,15,13,Default task
2021-06-24T19:28:09.251+09:00,User,KeyEvent,46:46:0,hello,Editor,C:/Users/User/CLionProjects/hello/main.cpp,,15,14,Default task
2021-06-24T19:28:09.821+09:00,User,KeyEvent,98:66:0,hello,Editor,C:/Users/User/CLionProjects/hello/main.cpp,,15,15,Default task
2021-06-24T19:28:10.244+09:00,User,Action,EditorChooseLookupItem,hello,Editor,C:/Users/User/CLionProjects/hello/main.cpp,,15,16,Default task
2021-06-24T19:28:10.256+09:00,User,KeyEvent,10:10:0,hello,Editor,C:/Users/User/CLionProjects/hello/main.cpp,,15,22,Default task
2021-06-24T19:28:10.893+09:00,User,KeyEvent,44:44:0,hello,Editor,C:/Users/User/CLionProjects/hello/main.cpp,,15,22,Default task
2021-06-24T19:28:10.996+09:00,User,KeyEvent,32:32:0,hello,Editor,C:/Users/User/CLionProjects/hello/main.cpp,,15,23,Default task
2021-06-24T19:28:11.164+09:00,User,KeyEvent,118:86:0,hello,Editor,C:/Users/User/CLionProjects/hello/main.cpp,,15,24,Default task
2021-06-24T19:28:11.484+09:00,User,KeyEvent,46:46:0,hello,Editor,C:/Users/User/CLionProjects/hello/main.cpp,,15,25,Default task
2021-06-24T19:28:11.756+09:00,User,KeyEvent,101:69:0,hello,Editor,C:/Users/User/CLionProjects/hello/main.cpp,,15,26,Default task
2021-06-24T19:28:12.477+09:00,User,Action,EditorChooseLookupItem,hello,Editor,C:/Users/User/CLionProjects/hello/main.cpp,,15,27,Default task
2021-06-24T19:28:12.580+09:00,User,KeyEvent,10:10:0,hello,Editor,C:/Users/User/CLionProjects/hello/main.cpp,,15,31,Default task
2021-06-24T19:28:15.701+09:00,User,KeyEvent,44:44:0,hello,Editor,C:/Users/User/CLionProjects/hello/main.cpp,,15,31,Default task
2021-06-24T19:28:16.172+09:00,User,KeyEvent,32:32:0,hello,Editor,C:/Users/User/CLionProjects/hello/main.cpp,,15,32,Default task
2021-06-24T19:28:16.325+09:00,User,KeyEvent,91:91:0,hello,Editor,C:/Users/User/CLionProjects/hello/main.cpp,,15,33,Default task
2021-06-24T19:28:17.197+09:00,User,KeyEvent,65535:16:1,hello,Editor,C:/Users/User/CLionProjects/hello/main.cpp,,15,34,Default task
2021-06-24T19:28:17.489+09:00,User,KeyEvent,38:55:1,hello,Editor,C:/Users/User/CLionProjects/hello/main.cpp,,15,34,Default task
2021-06-24T19:28:17.901+09:00,User,KeyEvent,93:93:0,hello,Editor,C:/Users/User/CLionProjects/hello/main.cpp,,15,35,Default task
2021-06-24T19:28:19.309+09:00,User,KeyEvent,65535:16:1,hello,Editor,C:/Users/User/CLionProjects/hello/main.cpp,,15,36,Default task
2021-06-24T19:28:19.517+09:00,User,KeyEvent,40:57:1,hello,Editor,C:/Users/User/CLionProjects/hello/main.cpp,,15,36,Default task
2021-06-24T19:28:20.092+09:00,User,KeyEvent,105:73:0,hello,Editor,C:/Users/User/CLionProjects/hello/main.cpp,,15,37,Default task
2021-06-24T19:28:20.221+09:00,User,KeyEvent,110:78:0,hello,Editor,C:/Users/User/CLionProjects/hello/main.cpp,,15,38,Default task
2021-06-24T19:28:20.313+09:00,User,KeyEvent,116:84:0,hello,Editor,C:/Users/User/CLionProjects/hello/main.cpp,,15,39,Default task
2021-06-24T19:28:20.479+09:00,User,KeyEvent,32:32:0,hello,Editor,C:/Users/User/CLionProjects/hello/main.cpp,,15,40,Default task
2021-06-24T19:28:20.625+09:00,User,KeyEvent,110:78:0,hello,Editor,C:/Users/User/CLionProjects/hello/main.cpp,,15,41,Default task
2021-06-24T19:28:22.765+09:00,User,KeyEvent,117:85:0,hello,Editor,C:/Users/User/CLionProjects/hello/main.cpp,,15,42,Default task
2021-06-24T19:28:22.964+09:00,User,KeyEvent,109:77:0,hello,Editor,C:/Users/User/CLionProjects/hello/main.cpp,,15,43,Default task
2021-06-24T19:28:23.284+09:00,User,KeyEvent,65535:16:1,hello,Editor,C:/Users/User/CLionProjects/hello/main.cpp,,15,44,Default task
2021-06-24T19:28:23.435+09:00,User,KeyEvent,41:48:1,hello,Editor,C:/Users/User/CLionProjects/hello/main.cpp,,15,44,Default task
2021-06-24T19:28:24.406+09:00,User,Action,EditorEnter,hello,Editor,C:/Users/User/CLionProjects/hello/main.cpp,,15,45,Default task
2021-06-24T19:28:24.427+09:00,User,KeyEvent,10:10:0,hello,Editor,C:/Users/User/CLionProjects/hello/main.cpp,,16,4,Default task
2021-06-24T19:28:28.332+09:00,User,Action,EditorEnter,hello,Editor,C:/Users/User/CLionProjects/hello/main.cpp,,15,45,Default task
2021-06-24T19:28:28.335+09:00,User,KeyEvent,10:10:0,hello,Editor,C:/Users/User/CLionProjects/hello/main.cpp,,16,4,Default task
2021-06-24T19:28:28.661+09:00,User,KeyEvent,65535:16:1,hello,Editor,C:/Users/User/CLionProjects/hello/main.cpp,,16,4,Default task
2021-06-24T19:28:28.900+09:00,User,KeyEvent,123:91:1,hello,Editor,C:/Users/User/CLionProjects/hello/main.cpp,,16,4,Default task
2021-06-24T19:28:29.116+09:00,User,Action,EditorEnter,hello,Editor,C:/Users/User/CLionProjects/hello/main.cpp,,16,14,Default task
2021-06-24T19:28:29.121+09:00,User,KeyEvent,10:10:0,hello,Editor,C:/Users/User/CLionProjects/hello/main.cpp,,17,8,Default task
2021-06-24T19:28:34.548+09:00,User,Action,EditorUp,hello,Editor,C:/Users/User/CLionProjects/hello/main.cpp,,17,8,Default task
2021-06-24T19:28:34.549+09:00,User,KeyEvent,65535:38:0,hello,Editor,C:/Users/User/CLionProjects/hello/main.cpp,,16,8,Default task
2021-06-24T19:28:34.677+09:00,User,Action,EditorRight,hello,Editor,C:/Users/User/CLionProjects/hello/main.cpp,,16,8,Default task
2021-06-24T19:28:34.679+09:00,User,KeyEvent,65535:39:0,hello,Editor,C:/Users/User/CLionProjects/hello/main.cpp,,16,9,Default task
2021-06-24T19:28:35.021+09:00,User,Action,EditorDown,hello,Editor,C:/Users/User/CLionProjects/hello/main.cpp,,16,9,Default task
2021-06-24T19:28:35.023+09:00,User,KeyEvent,65535:40:0,hello,Editor,C:/Users/User/CLionProjects/hello/main.cpp,,17,8,Default task
2021-06-24T19:28:35.229+09:00,User,Action,EditorRight,hello,Editor,C:/Users/User/CLionProjects/hello/main.cpp,,17,8,Default task
2021-06-24T19:28:35.231+09:00,User,KeyEvent,65535:39:0,hello,Editor,C:/Users/User/CLionProjects/hello/main.cpp,,18,0,Default task
2021-06-24T19:28:36.860+09:00,User,Action,EditorUp,hello,Editor,C:/Users/User/CLionProjects/hello/main.cpp,,18,0,Default task
2021-06-24T19:28:36.861+09:00,User,KeyEvent,65535:38:0,hello,Editor,C:/Users/User/CLionProjects/hello/main.cpp,,17,0,Default task
2021-06-24T19:28:37.429+09:00,User,Action,EditorUp,hello,Editor,C:/Users/User/CLionProjects/hello/main.cpp,,17,0,Default task
2021-06-24T19:28:37.431+09:00,User,KeyEvent,65535:38:0,hello,Editor,C:/Users/User/CLionProjects/hello/main.cpp,,16,0,Default task
2021-06-24T19:28:37.502+09:00,User,Action,EditorRight,hello,Editor,C:/Users/User/CLionProjects/hello/main.cpp,,16,0,Default task
2021-06-24T19:28:37.503+09:00,User,KeyEvent,65535:39:0,hello,Editor,C:/Users/User/CLionProjects/hello/main.cpp,,16,1,Default task
2021-06-24T19:28:38.005+09:00,User,Action,EditorRight,hello,Editor,C:/Users/User/CLionProjects/hello/main.cpp,,16,1,Default task
2021-06-24T19:28:38.006+09:00,User,KeyEvent,65535:39:0,hello,Editor,C:/Users/User/CLionProjects/hello/main.cpp,,16,2,Default task
2021-06-24T19:28:38.034+09:00,User,Action,EditorRight,hello,Editor,C:/Users/User/CLionProjects/hello/main.cpp,,16,2,Default task
2021-06-24T19:28:38.034+09:00,User,KeyEvent,65535:39:0,hello,Editor,C:/Users/User/CLionProjects/hello/main.cpp,,16,3,Default task
2021-06-24T19:28:38.080+09:00,User,Action,EditorRight,hello,Editor,C:/Users/User/CLionProjects/hello/main.cpp,,16,3,Default task
2021-06-24T19:28:38.081+09:00,User,KeyEvent,65535:39:0,hello,Editor,C:/Users/User/CLionProjects/hello/main.cpp,,16,4,Default task
2021-06-24T19:28:38.113+09:00,User,Action,EditorRight,hello,Editor,C:/Users/User/CLionProjects/hello/main.cpp,,16,4,Default task
2021-06-24T19:28:38.115+09:00,User,KeyEvent,65535:39:0,hello,Editor,C:/Users/User/CLionProjects/hello/main.cpp,,16,5,Default task
2021-06-24T19:28:38.142+09:00,User,Action,EditorRight,hello,Editor,C:/Users/User/CLionProjects/hello/main.cpp,,16,5,Default task
2021-06-24T19:28:38.143+09:00,User,KeyEvent,65535:39:0,hello,Editor,C:/Users/User/CLionProjects/hello/main.cpp,,16,6,Default task
2021-06-24T19:28:38.173+09:00,User,Action,EditorRight,hello,Editor,C:/Users/User/CLionProjects/hello/main.cpp,,16,6,Default task
2021-06-24T19:28:38.174+09:00,User,KeyEvent,65535:39:0,hello,Editor,C:/Users/User/CLionProjects/hello/main.cpp,,16,7,Default task
2021-06-24T19:28:38.203+09:00,User,Action,EditorRight,hello,Editor,C:/Users/User/CLionProjects/hello/main.cpp,,16,7,Default task
2021-06-24T19:28:38.205+09:00,User,KeyEvent,65535:39:0,hello,Editor,C:/Users/User/CLionProjects/hello/main.cpp,,16,8,Default task
2021-06-24T19:28:38.234+09:00,User,Action,EditorRight,hello,Editor,C:/Users/User/CLionProjects/hello/main.cpp,,16,8,Default task
2021-06-24T19:28:38.236+09:00,User,KeyEvent,65535:39:0,hello,Editor,C:/Users/User/CLionProjects/hello/main.cpp,,16,9,Default task
2021-06-24T19:28:38.265+09:00,User,Action,EditorRight,hello,Editor,C:/Users/User/CLionProjects/hello/main.cpp,,16,9,Default task
2021-06-24T19:28:38.266+09:00,User,KeyEvent,65535:39:0,hello,Editor,C:/Users/User/CLionProjects/hello/main.cpp,,16,10,Default task
2021-06-24T19:28:38.476+09:00,User,Action,EditorRight,hello,Editor,C:/Users/User/CLionProjects/hello/main.cpp,,16,10,Default task
2021-06-24T19:28:38.477+09:00,User,KeyEvent,65535:39:0,hello,Editor,C:/Users/User/CLionProjects/hello/main.cpp,,16,11,Default task
2021-06-24T19:28:38.653+09:00,User,Action,EditorRight,hello,Editor,C:/Users/User/CLionProjects/hello/main.cpp,,16,11,Default task
2021-06-24T19:28:38.654+09:00,User,KeyEvent,65535:39:0,hello,Editor,C:/Users/User/CLionProjects/hello/main.cpp,,16,12,Default task
2021-06-24T19:28:42.502+09:00,User,Action,EditorDown,hello,Editor,C:/Users/User/CLionProjects/hello/main.cpp,,16,12,Default task
2021-06-24T19:28:42.504+09:00,User,KeyEvent,65535:40:0,hello,Editor,C:/Users/User/CLionProjects/hello/main.cpp,,17,8,Default task
2021-06-24T19:28:42.718+09:00,User,Action,EditorLeft,hello,Editor,C:/Users/User/CLionProjects/hello/main.cpp,,17,8,Default task
2021-06-24T19:28:42.719+09:00,User,KeyEvent,65535:37:0,hello,Editor,C:/Users/User/CLionProjects/hello/main.cpp,,17,7,Default task
2021-06-24T19:28:43.022+09:00,User,Action,EditorLeft,hello,Editor,C:/Users/User/CLionProjects/hello/main.cpp,,17,7,Default task
2021-06-24T19:28:43.023+09:00,User,KeyEvent,65535:37:0,hello,Editor,C:/Users/User/CLionProjects/hello/main.cpp,,17,6,Default task
2021-06-24T19:28:43.181+09:00,User,Action,EditorLeft,hello,Editor,C:/Users/User/CLionProjects/hello/main.cpp,,17,6,Default task
2021-06-24T19:28:43.183+09:00,User,KeyEvent,65535:37:0,hello,Editor,C:/Users/User/CLionProjects/hello/main.cpp,,17,5,Default task
2021-06-24T19:28:43.681+09:00,User,Action,EditorLeft,hello,Editor,C:/Users/User/CLionProjects/hello/main.cpp,,17,5,Default task
2021-06-24T19:28:43.681+09:00,User,KeyEvent,65535:37:0,hello,Editor,C:/Users/User/CLionProjects/hello/main.cpp,,17,4,Default task
2021-06-24T19:28:43.726+09:00,User,Action,EditorLeft,hello,Editor,C:/Users/User/CLionProjects/hello/main.cpp,,17,4,Default task
2021-06-24T19:28:43.727+09:00,User,KeyEvent,65535:37:0,hello,Editor,C:/Users/User/CLionProjects/hello/main.cpp,,17,3,Default task
2021-06-24T19:28:43.756+09:00,User,Action,EditorLeft,hello,Editor,C:/Users/User/CLionProjects/hello/main.cpp,,17,3,Default task
2021-06-24T19:28:43.756+09:00,User,KeyEvent,65535:37:0,hello,Editor,C:/Users/User/CLionProjects/hello/main.cpp,,17,2,Default task
2021-06-24T19:28:43.788+09:00,User,Action,EditorLeft,hello,Editor,C:/Users/User/CLionProjects/hello/main.cpp,,17,2,Default task
2021-06-24T19:28:43.789+09:00,User,KeyEvent,65535:37:0,hello,Editor,C:/Users/User/CLionProjects/hello/main.cpp,,17,1,Default task
2021-06-24T19:28:43.820+09:00,User,Action,EditorLeft,hello,Editor,C:/Users/User/CLionProjects/hello/main.cpp,,17,1,Default task
2021-06-24T19:28:43.821+09:00,User,KeyEvent,65535:37:0,hello,Editor,C:/Users/User/CLionProjects/hello/main.cpp,,17,0,Default task
2021-06-24T19:28:43.848+09:00,User,Action,EditorLeft,hello,Editor,C:/Users/User/CLionProjects/hello/main.cpp,,17,0,Default task
2021-06-24T19:28:43.849+09:00,User,KeyEvent,65535:37:0,hello,Editor,C:/Users/User/CLionProjects/hello/main.cpp,,16,14,Default task
2021-06-24T19:28:43.892+09:00,User,Action,EditorLeft,hello,Editor,C:/Users/User/CLionProjects/hello/main.cpp,,16,14,Default task
2021-06-24T19:28:43.893+09:00,User,KeyEvent,65535:37:0,hello,Editor,C:/Users/User/CLionProjects/hello/main.cpp,,16,13,Default task
2021-06-24T19:28:43.921+09:00,User,Action,EditorLeft,hello,Editor,C:/Users/User/CLionProjects/hello/main.cpp,,16,13,Default task
2021-06-24T19:28:43.922+09:00,User,KeyEvent,65535:37:0,hello,Editor,C:/Users/User/CLionProjects/hello/main.cpp,,16,12,Default task
2021-06-24T19:28:44.989+09:00,User,Action,EditorDown,hello,Editor,C:/Users/User/CLionProjects/hello/main.cpp,,16,12,Default task
2021-06-24T19:28:44.989+09:00,User,KeyEvent,65535:40:0,hello,Editor,C:/Users/User/CLionProjects/hello/main.cpp,,17,8,Default task
2021-06-24T19:28:45.444+09:00,User,Action,EditorUp,hello,Editor,C:/Users/User/CLionProjects/hello/main.cpp,,17,8,Default task
2021-06-24T19:28:45.445+09:00,User,KeyEvent,65535:38:0,hello,Editor,C:/Users/User/CLionProjects/hello/main.cpp,,16,12,Default task
2021-06-24T19:28:45.605+09:00,User,Action,EditorRight,hello,Editor,C:/Users/User/CLionProjects/hello/main.cpp,,16,12,Default task
2021-06-24T19:28:45.607+09:00,User,KeyEvent,65535:39:0,hello,Editor,C:/Users/User/CLionProjects/hello/main.cpp,,16,13,Default task
2021-06-24T19:28:46.046+09:00,User,Action,EditorDown,hello,Editor,C:/Users/User/CLionProjects/hello/main.cpp,,16,13,Default task
2021-06-24T19:28:46.047+09:00,User,KeyEvent,65535:40:0,hello,Editor,C:/Users/User/CLionProjects/hello/main.cpp,,17,8,Default task
2021-06-24T19:28:46.236+09:00,User,Action,EditorDown,hello,Editor,C:/Users/User/CLionProjects/hello/main.cpp,,17,8,Default task
2021-06-24T19:28:46.237+09:00,User,KeyEvent,65535:40:0,hello,Editor,C:/Users/User/CLionProjects/hello/main.cpp,,18,13,Default task
2021-06-24T19:28:46.309+09:00,User,Action,EditorRight,hello,Editor,C:/Users/User/CLionProjects/hello/main.cpp,,18,13,Default task
2021-06-24T19:28:46.310+09:00,User,KeyEvent,65535:39:0,hello,Editor,C:/Users/User/CLionProjects/hello/main.cpp,,18,14,Default task
2021-06-24T19:28:46.830+09:00,User,KeyEvent,65535:16:1,hello,Editor,C:/Users/User/CLionProjects/hello/main.cpp,,18,14,Default task
2021-06-24T19:28:46.869+09:00,User,Action,EditorUpWithSelection,hello,Editor,C:/Users/User/CLionProjects/hello/main.cpp,,18,14,Default task
2021-06-24T19:28:46.870+09:00,User,KeyEvent,65535:38:1,hello,Editor,C:/Users/User/CLionProjects/hello/main.cpp,,17,8,Default task
2021-06-24T19:28:47.011+09:00,User,Action,EditorUpWithSelection,hello,Editor,C:/Users/User/CLionProjects/hello/main.cpp,,17,8,Default task
2021-06-24T19:28:47.012+09:00,User,KeyEvent,65535:38:1,hello,Editor,C:/Users/User/CLionProjects/hello/main.cpp,,16,14,Default task
2021-06-24T19:28:47.581+09:00,User,Action,EditorBackSpace,hello,Editor,C:/Users/User/CLionProjects/hello/main.cpp,,16,14,Default task
2021-06-24T19:28:47.585+09:00,User,KeyEvent,8:8:0,hello,Editor,C:/Users/User/CLionProjects/hello/main.cpp,,16,14,Default task
2021-06-24T19:28:47.917+09:00,User,Action,EditorBackSpace,hello,Editor,C:/Users/User/CLionProjects/hello/main.cpp,,16,14,Default task
2021-06-24T19:28:47.920+09:00,User,KeyEvent,8:8:0,hello,Editor,C:/Users/User/CLionProjects/hello/main.cpp,,16,13,Default task
2021-06-24T19:28:48.300+09:00,User,Action,EditorBackSpace,hello,Editor,C:/Users/User/CLionProjects/hello/main.cpp,,16,13,Default task
2021-06-24T19:28:48.344+09:00,User,KeyEvent,8:8:0,hello,Editor,C:/Users/User/CLionProjects/hello/main.cpp,,16,4,Default task
2021-06-24T19:28:48.740+09:00,User,Action,EditorBackSpace,hello,Editor,C:/Users/User/CLionProjects/hello/main.cpp,,16,4,Default task
2021-06-24T19:28:48.747+09:00,User,KeyEvent,8:8:0,hello,Editor,C:/Users/User/CLionProjects/hello/main.cpp,,15,45,Default task
2021-06-24T19:28:50.262+09:00,User,KeyEvent,65535:16:1,hello,Editor,C:/Users/User/CLionProjects/hello/main.cpp,,15,45,Default task
2021-06-24T19:28:53.085+09:00,User,KeyEvent,65535:16:1,hello,Editor,C:/Users/User/CLionProjects/hello/main.cpp,,15,45,Default task
2021-06-24T19:28:53.252+09:00,User,KeyEvent,123:91:1,hello,Editor,C:/Users/User/CLionProjects/hello/main.cpp,,15,45,Default task
2021-06-24T19:28:54.140+09:00,User,Action,EditorEnter,hello,Editor,C:/Users/User/CLionProjects/hello/main.cpp,,15,46,Default task
2021-06-24T19:28:54.142+09:00,User,KeyEvent,10:10:0,hello,Editor,C:/Users/User/CLionProjects/hello/main.cpp,,16,8,Default task
2021-06-24T19:28:57.597+09:00,User,KeyEvent,115:83:0,hello,Editor,C:/Users/User/CLionProjects/hello/main.cpp,,16,8,Default task
2021-06-24T19:28:57.683+09:00,User,KeyEvent,117:85:0,hello,Editor,C:/Users/User/CLionProjects/hello/main.cpp,,16,9,Default task
2021-06-24T19:28:58.277+09:00,User,KeyEvent,109:77:0,hello,Editor,C:/Users/User/CLionProjects/hello/main.cpp,,16,10,Default task
2021-06-24T19:28:58.516+09:00,User,KeyEvent,65535:16:1,hello,Editor,C:/Users/User/CLionProjects/hello/main.cpp,,16,11,Default task
2021-06-24T19:28:58.597+09:00,User,KeyEvent,43:61:1,hello,Editor,C:/Users/User/CLionProjects/hello/main.cpp,,16,11,Default task
2021-06-24T19:28:58.940+09:00,User,KeyEvent,32:32:0,hello,Editor,C:/Users/User/CLionProjects/hello/main.cpp,,16,12,Default task
2021-06-24T19:28:59.164+09:00,User,Action,EditorBackSpace,hello,Editor,C:/Users/User/CLionProjects/hello/main.cpp,,16,13,Default task
2021-06-24T19:28:59.165+09:00,User,KeyEvent,8:8:0,hello,Editor,C:/Users/User/CLionProjects/hello/main.cpp,,16,12,Default task
2021-06-24T19:28:59.484+09:00,User,Action,EditorBackSpace,hello,Editor,C:/Users/User/CLionProjects/hello/main.cpp,,16,12,Default task
2021-06-24T19:28:59.490+09:00,User,KeyEvent,8:8:0,hello,Editor,C:/Users/User/CLionProjects/hello/main.cpp,,16,11,Default task
2021-06-24T19:28:59.668+09:00,User,KeyEvent,32:32:0,hello,Editor,C:/Users/User/CLionProjects/hello/main.cpp,,16,11,Default task
2021-06-24T19:28:59.828+09:00,User,KeyEvent,65535:16:1,hello,Editor,C:/Users/User/CLionProjects/hello/main.cpp,,16,12,Default task
2021-06-24T19:28:59.876+09:00,User,KeyEvent,43:61:1,hello,Editor,C:/Users/User/CLionProjects/hello/main.cpp,,16,12,Default task
2021-06-24T19:29:00.116+09:00,User,KeyEvent,61:61:0,hello,Editor,C:/Users/User/CLionProjects/hello/main.cpp,,16,13,Default task
2021-06-24T19:29:00.270+09:00,User,KeyEvent,32:32:0,hello,Editor,C:/Users/User/CLionProjects/hello/main.cpp,,16,14,Default task
2021-06-24T19:29:01.061+09:00,User,KeyEvent,115:83:0,hello,Editor,C:/Users/User/CLionProjects/hello/main.cpp,,16,15,Default task
2021-06-24T19:29:01.148+09:00,User,KeyEvent,105:73:0,hello,Editor,C:/Users/User/CLionProjects/hello/main.cpp,,16,16,Default task
2021-06-24T19:29:01.195+09:00,User,KeyEvent,122:90:0,hello,Editor,C:/Users/User/CLionProjects/hello/main.cpp,,16,17,Default task
2021-06-24T19:29:01.284+09:00,User,KeyEvent,101:69:0,hello,Editor,C:/Users/User/CLionProjects/hello/main.cpp,,16,18,Default task
2021-06-24T19:29:01.637+09:00,User,KeyEvent,45:45:0,hello,Editor,C:/Users/User/CLionProjects/hello/main.cpp,,16,19,Default task
2021-06-24T19:29:01.779+09:00,User,KeyEvent,45:45:0,hello,Editor,C:/Users/User/CLionProjects/hello/main.cpp,,16,20,Default task
2021-06-24T19:29:02.155+09:00,User,KeyEvent,59:59:0,hello,Editor,C:/Users/User/CLionProjects/hello/main.cpp,,16,21,Default task
2021-06-24T19:29:02.780+09:00,User,Action,EditorDown,hello,Editor,C:/Users/User/CLionProjects/hello/main.cpp,,16,22,Default task
2021-06-24T19:29:02.781+09:00,User,KeyEvent,65535:40:0,hello,Editor,C:/Users/User/CLionProjects/hello/main.cpp,,17,5,Default task
2021-06-24T19:29:04.997+09:00,User,Action,EditorUp,hello,Editor,C:/Users/User/CLionProjects/hello/main.cpp,,17,5,Default task
2021-06-24T19:29:04.998+09:00,User,KeyEvent,65535:38:0,hello,Editor,C:/Users/User/CLionProjects/hello/main.cpp,,16,22,Default task
2021-06-24T19:29:05.125+09:00,User,Action,EditorUp,hello,Editor,C:/Users/User/CLionProjects/hello/main.cpp,,16,22,Default task
2021-06-24T19:29:05.126+09:00,User,KeyEvent,65535:38:0,hello,Editor,C:/Users/User/CLionProjects/hello/main.cpp,,15,22,Default task
2021-06-24T19:29:05.582+09:00,User,Action,EditorDown,hello,Editor,C:/Users/User/CLionProjects/hello/main.cpp,,15,22,Default task
2021-06-24T19:29:05.584+09:00,User,KeyEvent,65535:40:0,hello,Editor,C:/Users/User/CLionProjects/hello/main.cpp,,16,22,Default task
2021-06-24T19:29:05.716+09:00,User,Action,EditorLeft,hello,Editor,C:/Users/User/CLionProjects/hello/main.cpp,,16,22,Default task
2021-06-24T19:29:05.716+09:00,User,KeyEvent,65535:37:0,hello,Editor,C:/Users/User/CLionProjects/hello/main.cpp,,16,21,Default task
2021-06-24T19:29:05.908+09:00,User,Action,EditorLeft,hello,Editor,C:/Users/User/CLionProjects/hello/main.cpp,,16,21,Default task
2021-06-24T19:29:05.908+09:00,User,KeyEvent,65535:37:0,hello,Editor,C:/Users/User/CLionProjects/hello/main.cpp,,16,20,Default task
2021-06-24T19:29:06.070+09:00,User,Action,EditorLeft,hello,Editor,C:/Users/User/CLionProjects/hello/main.cpp,,16,20,Default task
2021-06-24T19:29:06.071+09:00,User,KeyEvent,65535:37:0,hello,Editor,C:/Users/User/CLionProjects/hello/main.cpp,,16,19,Default task
2021-06-24T19:29:06.267+09:00,User,KeyEvent,65535:16:1,hello,Editor,C:/Users/User/CLionProjects/hello/main.cpp,,16,19,Default task
2021-06-24T19:29:06.356+09:00,User,Action,EditorLeftWithSelection,hello,Editor,C:/Users/User/CLionProjects/hello/main.cpp,,16,19,Default task
2021-06-24T19:29:06.357+09:00,User,KeyEvent,65535:37:1,hello,Editor,C:/Users/User/CLionProjects/hello/main.cpp,,16,18,Default task
2021-06-24T19:29:06.502+09:00,User,Action,EditorLeftWithSelection,hello,Editor,C:/Users/User/CLionProjects/hello/main.cpp,,16,18,Default task
2021-06-24T19:29:06.503+09:00,User,KeyEvent,65535:37:1,hello,Editor,C:/Users/User/CLionProjects/hello/main.cpp,,16,17,Default task
2021-06-24T19:29:06.622+09:00,User,Action,EditorLeftWithSelection,hello,Editor,C:/Users/User/CLionProjects/hello/main.cpp,,16,17,Default task
2021-06-24T19:29:06.623+09:00,User,KeyEvent,65535:37:1,hello,Editor,C:/Users/User/CLionProjects/hello/main.cpp,,16,16,Default task
2021-06-24T19:29:06.814+09:00,User,Action,EditorLeftWithSelection,hello,Editor,C:/Users/User/CLionProjects/hello/main.cpp,,16,16,Default task
2021-06-24T19:29:06.815+09:00,User,KeyEvent,65535:37:1,hello,Editor,C:/Users/User/CLionProjects/hello/main.cpp,,16,15,Default task
2021-06-24T19:29:07.215+09:00,User,KeyEvent,65535:20:0,hello,Editor,C:/Users/User/CLionProjects/hello/main.cpp,,16,15,Default task
2021-06-24T19:29:07.806+09:00,User,KeyEvent,83:83:0,hello,Editor,C:/Users/User/CLionProjects/hello/main.cpp,,16,15,Default task
2021-06-24T19:29:07.892+09:00,User,KeyEvent,73:73:0,hello,Editor,C:/Users/User/CLionProjects/hello/main.cpp,,16,16,Default task
2021-06-24T19:29:08.051+09:00,User,KeyEvent,90:90:0,hello,Editor,C:/Users/User/CLionProjects/hello/main.cpp,,16,17,Default task
2021-06-24T19:29:08.140+09:00,User,KeyEvent,69:69:0,hello,Editor,C:/Users/User/CLionProjects/hello/main.cpp,,16,18,Default task
2021-06-24T19:29:08.686+09:00,User,Action,EditorEscape,hello,Editor,C:/Users/User/CLionProjects/hello/main.cpp,,16,19,Default task
2021-06-24T19:29:08.694+09:00,User,KeyEvent,27:27:0,hello,Editor,C:/Users/User/CLionProjects/hello/main.cpp,,16,19,Default task
2021-06-24T19:29:08.982+09:00,User,Action,EditorDown,hello,Editor,C:/Users/User/CLionProjects/hello/main.cpp,,16,19,Default task
2021-06-24T19:29:08.983+09:00,User,KeyEvent,65535:40:0,hello,Editor,C:/Users/User/CLionProjects/hello/main.cpp,,17,5,Default task
2021-06-24T19:29:09.172+09:00,User,Action,EditorDown,hello,Editor,C:/Users/User/CLionProjects/hello/main.cpp,,17,5,Default task
2021-06-24T19:29:09.173+09:00,User,KeyEvent,65535:40:0,hello,Editor,C:/Users/User/CLionProjects/hello/main.cpp,,18,5,Default task
2021-06-24T19:29:11.701+09:00,User,KeyEvent,59:59:0,hello,Editor,C:/Users/User/CLionProjects/hello/main.cpp,,18,5,Default task
2021-06-24T19:29:13.292+09:00,User,Action,EditorLeft,hello,Editor,C:/Users/User/CLionProjects/hello/main.cpp,,18,6,Default task
2021-06-24T19:29:13.293+09:00,User,KeyEvent,65535:37:0,hello,Editor,C:/Users/User/CLionProjects/hello/main.cpp,,18,5,Default task
2021-06-24T19:29:13.773+09:00,User,Action,EditorLeft,hello,Editor,C:/Users/User/CLionProjects/hello/main.cpp,,18,5,Default task
2021-06-24T19:29:13.774+09:00,User,KeyEvent,65535:37:0,hello,Editor,C:/Users/User/CLionProjects/hello/main.cpp,,18,4,Default task
2021-06-24T19:29:14.037+09:00,User,Action,EditorBackSpace,hello,Editor,C:/Users/User/CLionProjects/hello/main.cpp,,18,4,Default task
2021-06-24T19:29:14.040+09:00,User,KeyEvent,8:8:0,hello,Editor,C:/Users/User/CLionProjects/hello/main.cpp,,17,5,Default task
2021-06-24T19:29:14.886+09:00,User,Action,EditorRight,hello,Editor,C:/Users/User/CLionProjects/hello/main.cpp,,17,5,Default task
2021-06-24T19:29:14.887+09:00,User,KeyEvent,65535:39:0,hello,Editor,C:/Users/User/CLionProjects/hello/main.cpp,,17,6,Default task
2021-06-24T19:29:15.044+09:00,User,Action,EditorRight,hello,Editor,C:/Users/User/CLionProjects/hello/main.cpp,,17,6,Default task
2021-06-24T19:29:15.044+09:00,User,KeyEvent,65535:39:0,hello,Editor,C:/Users/User/CLionProjects/hello/main.cpp,,17,7,Default task
2021-06-24T19:29:16.132+09:00,User,Action,EditorEnter,hello,Editor,C:/Users/User/CLionProjects/hello/main.cpp,,17,7,Default task
2021-06-24T19:29:16.135+09:00,User,KeyEvent,10:10:0,hello,Editor,C:/Users/User/CLionProjects/hello/main.cpp,,18,4,Default task
2021-06-24T19:29:16.324+09:00,User,KeyEvent,65535:20:0,hello,Editor,C:/Users/User/CLionProjects/hello/main.cpp,,18,4,Default task
2021-06-24T19:29:16.748+09:00,User,KeyEvent,99:67:0,hello,Editor,C:/Users/User/CLionProjects/hello/main.cpp,,18,4,Default task
2021-06-24T19:29:16.891+09:00,User,Action,EditorChooseLookupItem,hello,Editor,C:/Users/User/CLionProjects/hello/main.cpp,,18,5,Default task
2021-06-24T19:29:16.911+09:00,User,KeyEvent,10:10:0,hello,Editor,C:/Users/User/CLionProjects/hello/main.cpp,,18,9,Default task
2021-06-24T19:29:17.333+09:00,User,Action,EditorBackSpace,hello,Editor,C:/Users/User/CLionProjects/hello/main.cpp,,18,9,Default task
2021-06-24T19:29:17.349+09:00,User,KeyEvent,8:8:0,hello,Editor,C:/Users/User/CLionProjects/hello/main.cpp,,18,8,Default task
2021-06-24T19:29:17.476+09:00,User,Action,EditorBackSpace,hello,Editor,C:/Users/User/CLionProjects/hello/main.cpp,,18,8,Default task
2021-06-24T19:29:17.477+09:00,User,KeyEvent,8:8:0,hello,Editor,C:/Users/User/CLionProjects/hello/main.cpp,,18,7,Default task
2021-06-24T19:29:17.636+09:00,User,Action,EditorBackSpace,hello,Editor,C:/Users/User/CLionProjects/hello/main.cpp,,18,7,Default task
2021-06-24T19:29:17.649+09:00,User,KeyEvent,8:8:0,hello,Editor,C:/Users/User/CLionProjects/hello/main.cpp,,18,6,Default task
2021-06-24T19:29:17.828+09:00,User,Action,EditorBackSpace,hello,Editor,C:/Users/User/CLionProjects/hello/main.cpp,,18,6,Default task
2021-06-24T19:29:17.843+09:00,User,KeyEvent,8:8:0,hello,Editor,C:/Users/User/CLionProjects/hello/main.cpp,,18,5,Default task
2021-06-24T19:29:18.204+09:00,User,Action,EditorBackSpace,hello,Editor,C:/Users/User/CLionProjects/hello/main.cpp,,18,5,Default task
2021-06-24T19:29:18.219+09:00,User,KeyEvent,8:8:0,hello,Editor,C:/Users/User/CLionProjects/hello/main.cpp,,18,4,Default task
2021-06-24T19:29:18.413+09:00,User,Action,EditorEnter,hello,Editor,C:/Users/User/CLionProjects/hello/main.cpp,,18,4,Default task
2021-06-24T19:29:18.416+09:00,User,KeyEvent,10:10:0,hello,Editor,C:/Users/User/CLionProjects/hello/main.cpp,,19,4,Default task
2021-06-24T19:29:18.607+09:00,User,KeyEvent,99:67:0,hello,Editor,C:/Users/User/CLionProjects/hello/main.cpp,,19,4,Default task
2021-06-24T19:29:18.699+09:00,User,KeyEvent,111:79:0,hello,Editor,C:/Users/User/CLionProjects/hello/main.cpp,,19,5,Default task
2021-06-24T19:29:18.875+09:00,User,KeyEvent,117:85:0,hello,Editor,C:/Users/User/CLionProjects/hello/main.cpp,,19,6,Default task
2021-06-24T19:29:18.988+09:00,User,KeyEvent,116:84:0,hello,Editor,C:/Users/User/CLionProjects/hello/main.cpp,,19,7,Default task
2021-06-24T19:29:19.212+09:00,User,KeyEvent,65535:16:1,hello,Editor,C:/Users/User/CLionProjects/hello/main.cpp,,19,8,Default task
2021-06-24T19:29:19.300+09:00,User,KeyEvent,60:44:1,hello,Editor,C:/Users/User/CLionProjects/hello/main.cpp,,19,8,Default task
2021-06-24T19:29:19.436+09:00,User,KeyEvent,60:44:1,hello,Editor,C:/Users/User/CLionProjects/hello/main.cpp,,19,9,Default task
2021-06-24T19:29:19.852+09:00,User,KeyEvent,115:83:0,hello,Editor,C:/Users/User/CLionProjects/hello/main.cpp,,19,10,Default task
2021-06-24T19:29:19.931+09:00,User,KeyEvent,117:85:0,hello,Editor,C:/Users/User/CLionProjects/hello/main.cpp,,19,11,Default task
2021-06-24T19:29:20.115+09:00,User,KeyEvent,109:77:0,hello,Editor,C:/Users/User/CLionProjects/hello/main.cpp,,19,12,Default task
2021-06-24T19:29:20.525+09:00,User,KeyEvent,65535:16:1,hello,Editor,C:/Users/User/CLionProjects/hello/main.cpp,,19,13,Default task
2021-06-24T19:29:21.437+09:00,User,Action,EditorBackSpace,hello,Editor,C:/Users/User/CLionProjects/hello/main.cpp,,19,13,Default task
2021-06-24T19:29:21.438+09:00,User,KeyEvent,8:8:0,hello,Editor,C:/Users/User/CLionProjects/hello/main.cpp,,19,12,Default task
2021-06-24T19:29:21.580+09:00,User,Action,EditorBackSpace,hello,Editor,C:/Users/User/CLionProjects/hello/main.cpp,,19,12,Default task
2021-06-24T19:29:21.591+09:00,User,KeyEvent,8:8:0,hello,Editor,C:/Users/User/CLionProjects/hello/main.cpp,,19,11,Default task
2021-06-24T19:29:21.716+09:00,User,Action,EditorBackSpace,hello,Editor,C:/Users/User/CLionProjects/hello/main.cpp,,19,11,Default task
2021-06-24T19:29:21.726+09:00,User,KeyEvent,8:8:0,hello,Editor,C:/Users/User/CLionProjects/hello/main.cpp,,19,10,Default task
2021-06-24T19:29:21.853+09:00,User,KeyEvent,32:32:0,hello,Editor,C:/Users/User/CLionProjects/hello/main.cpp,,19,10,Default task
2021-06-24T19:29:22.051+09:00,User,KeyEvent,65535:16:1,hello,Editor,C:/Users/User/CLionProjects/hello/main.cpp,,19,11,Default task
2021-06-24T19:29:22.389+09:00,User,KeyEvent,115:83:0,hello,Editor,C:/Users/User/CLionProjects/hello/main.cpp,,19,11,Default task
2021-06-24T19:29:22.468+09:00,User,KeyEvent,117:85:0,hello,Editor,C:/Users/User/CLionProjects/hello/main.cpp,,19,12,Default task
2021-06-24T19:29:22.668+09:00,User,KeyEvent,109:77:0,hello,Editor,C:/Users/User/CLionProjects/hello/main.cpp,,19,13,Default task
2021-06-24T19:29:22.876+09:00,User,KeyEvent,32:32:0,hello,Editor,C:/Users/User/CLionProjects/hello/main.cpp,,19,14,Default task
2021-06-24T19:29:23.028+09:00,User,KeyEvent,65535:16:1,hello,Editor,C:/Users/User/CLionProjects/hello/main.cpp,,19,15,Default task
2021-06-24T19:29:23.124+09:00,User,KeyEvent,60:44:1,hello,Editor,C:/Users/User/CLionProjects/hello/main.cpp,,19,15,Default task
2021-06-24T19:29:23.276+09:00,User,KeyEvent,60:44:1,hello,Editor,C:/Users/User/CLionProjects/hello/main.cpp,,19,16,Default task
2021-06-24T19:29:23.540+09:00,User,KeyEvent,101:69:0,hello,Editor,C:/Users/User/CLionProjects/hello/main.cpp,,19,17,Default task
2021-06-24T19:29:23.620+09:00,User,KeyEvent,110:78:0,hello,Editor,C:/Users/User/CLionProjects/hello/main.cpp,,19,18,Default task
2021-06-24T19:29:23.744+09:00,User,KeyEvent,100:68:0,hello,Editor,C:/Users/User/CLionProjects/hello/main.cpp,,19,19,Default task
2021-06-24T19:29:23.835+09:00,User,KeyEvent,108:76:0,hello,Editor,C:/Users/User/CLionProjects/hello/main.cpp,,19,20,Default task
2021-06-24T19:29:23.996+09:00,User,KeyEvent,59:59:0,hello,Editor,C:/Users/User/CLionProjects/hello/main.cpp,,19,21,Default task
2021-06-24T19:29:24.620+09:00,User,Action,EditorEnter,hello,Editor,C:/Users/User/CLionProjects/hello/main.cpp,,19,22,Default task
2021-06-24T19:29:24.622+09:00,User,KeyEvent,10:10:0,hello,Editor,C:/Users/User/CLionProjects/hello/main.cpp,,20,4,Default task
2021-06-24T19:29:25.572+09:00,User,Action,EditorDown,hello,Editor,C:/Users/User/CLionProjects/hello/main.cpp,,20,4,Default task
2021-06-24T19:29:25.573+09:00,User,KeyEvent,65535:40:0,hello,Editor,C:/Users/User/CLionProjects/hello/main.cpp,,21,1,Default task
2021-06-24T19:29:25.717+09:00,User,Action,EditorDown,hello,Editor,C:/Users/User/CLionProjects/hello/main.cpp,,21,1,Default task
2021-06-24T19:29:25.717+09:00,User,KeyEvent,65535:40:0,hello,Editor,C:/Users/User/CLionProjects/hello/main.cpp,,21,1,Default task
2021-06-24T19:29:25.966+09:00,User,Action,EditorUp,hello,Editor,C:/Users/User/CLionProjects/hello/main.cpp,,21,1,Default task
2021-06-24T19:29:25.968+09:00,User,KeyEvent,65535:38:0,hello,Editor,C:/Users/User/CLionProjects/hello/main.cpp,,20,4,Default task
2021-06-24T19:29:26.101+09:00,User,Action,EditorLeft,hello,Editor,C:/Users/User/CLionProjects/hello/main.cpp,,20,4,Default task
2021-06-24T19:29:26.102+09:00,User,KeyEvent,65535:37:0,hello,Editor,C:/Users/User/CLionProjects/hello/main.cpp,,20,3,Default task
2021-06-24T19:29:26.526+09:00,User,Action,EditorRight,hello,Editor,C:/Users/User/CLionProjects/hello/main.cpp,,20,3,Default task
2021-06-24T19:29:26.527+09:00,User,KeyEvent,65535:39:0,hello,Editor,C:/Users/User/CLionProjects/hello/main.cpp,,20,4,Default task
2021-06-24T19:29:27.396+09:00,User,KeyEvent,114:82:0,hello,Editor,C:/Users/User/CLionProjects/hello/main.cpp,,20,4,Default task
2021-06-24T19:29:27.467+09:00,User,KeyEvent,101:69:0,hello,Editor,C:/Users/User/CLionProjects/hello/main.cpp,,20,5,Default task
2021-06-24T19:29:27.596+09:00,User,KeyEvent,116:84:0,hello,Editor,C:/Users/User/CLionProjects/hello/main.cpp,,20,6,Default task
2021-06-24T19:29:27.676+09:00,User,KeyEvent,117:85:0,hello,Editor,C:/Users/User/CLionProjects/hello/main.cpp,,20,7,Default task
2021-06-24T19:29:27.772+09:00,User,KeyEvent,114:82:0,hello,Editor,C:/Users/User/CLionProjects/hello/main.cpp,,20,8,Default task
2021-06-24T19:29:27.868+09:00,User,KeyEvent,110:78:0,hello,Editor,C:/Users/User/CLionProjects/hello/main.cpp,,20,9,Default task
2021-06-24T19:29:27.948+09:00,User,KeyEvent,32:32:0,hello,Editor,C:/Users/User/CLionProjects/hello/main.cpp,,20,10,Default task
2021-06-24T19:29:28.060+09:00,User,KeyEvent,48:48:0,hello,Editor,C:/Users/User/CLionProjects/hello/main.cpp,,20,11,Default task
2021-06-24T19:29:28.265+09:00,User,KeyEvent,59:59:0,hello,Editor,C:/Users/User/CLionProjects/hello/main.cpp,,20,12,Default task
2021-06-24T19:29:28.692+09:00,User,KeyEvent,65535:17:2,hello,Editor,C:/Users/User/CLionProjects/hello/main.cpp,,20,13,Default task
2021-06-24T19:29:29.173+09:00,User,Action,SaveAll,hello,Editor,C:/Users/User/CLionProjects/hello/main.cpp,,20,13,Default task
2021-06-24T19:29:29.195+09:00,User,KeyEvent,19:83:2,hello,Editor,C:/Users/User/CLionProjects/hello/main.cpp,,20,13,Default task
2021-06-24T19:29:30.461+09:00,User,KeyEvent,65535:17:2,hello,Editor,C:/Users/User/CLionProjects/hello/main.cpp,,16,22,Default task
2021-06-24T19:29:30.756+09:00,User,Action,SaveAll,hello,Editor,C:/Users/User/CLionProjects/hello/main.cpp,,16,22,Default task
2021-06-24T19:29:30.757+09:00,User,KeyEvent,19:83:2,hello,Editor,C:/Users/User/CLionProjects/hello/main.cpp,,16,22,Default task
2021-06-24T19:29:34.143+09:00,User,Action,Run,hello,Editor,C:/Users/User/CLionProjects/hello/main.cpp,,16,22,Default task
2021-06-24T19:29:37.629+09:00,User,KeyEvent,51:99:0,hello,Editor,C:/Users/User/CLionProjects/hello/main.cpp,,16,22,Default task
2021-06-24T19:29:37.806+09:00,User,KeyEvent,10:10:0,hello,Editor,C:/Users/User/CLionProjects/hello/main.cpp,,16,22,Default task
2021-06-24T19:29:42.811+09:00,User,KeyEvent,65535:17:2,hello,Editor,C:/Users/User/CLionProjects/hello/main.cpp,,0,0,Default task
2021-06-24T19:29:43.103+09:00,User,Action,EditorCopy,hello,Editor,C:/Users/User/CLionProjects/hello/main.cpp,,0,0,Default task
2021-06-24T19:29:43.108+09:00,User,KeyEvent,3:67:2,hello,Editor,C:/Users/User/CLionProjects/hello/main.cpp,,0,0,Default task
